2026-03-30 11:53:35,738 - INFO - sentence_transformers.SentenceTransformer - __init__ - Use pytorch device_name: cpu
2026-03-30 11:53:35,738 - INFO - sentence_transformers.SentenceTransformer - __init__ - Load pretrained SentenceTransformer: sentence-transformers/all-MiniLM-L6-v2
2026-03-30 11:53:35,950 - INFO - httpx - _send_single_request - HTTP Request: HEAD https://huggingface.co/sentence-transformers/all-MiniLM-L6-v2/resolve/main/modules.json "HTTP/1.1 307 Temporary Redirect"
2026-03-30 11:53:35,966 - INFO - httpx - _send_single_request - HTTP Request: HEAD https://huggingface.co/api/resolve-cache/models/sentence-transformers/all-MiniLM-L6-v2/c9745ed1d9f207416be6d2e6f8de32d1f16199bf/modules.json "HTTP/1.1 200 OK"
2026-03-30 11:53:36,184 - INFO - httpx - _send_single_request - HTTP Request: HEAD https://huggingface.co/sentence-transformers/all-MiniLM-L6-v2/resolve/main/config_sentence_transformers.json "HTTP/1.1 307 Temporary Redirect"
2026-03-30 11:53:36,187 - INFO - httpx - _send_single_request - HTTP Request: HEAD https://huggingface.co/api/resolve-cache/models/sentence-transformers/all-MiniLM-L6-v2/c9745ed1d9f207416be6d2e6f8de32d1f16199bf/config_sentence_transformers.json "HTTP/1.1 200 OK"
2026-03-30 11:53:36,452 - INFO - httpx - _send_single_request - HTTP Request: HEAD https://huggingface.co/sentence-transformers/all-MiniLM-L6-v2/resolve/main/config_sentence_transformers.json "HTTP/1.1 307 Temporary Redirect"
2026-03-30 11:53:36,512 - INFO - httpx - _send_single_request - HTTP Request: HEAD https://huggingface.co/api/resolve-cache/models/sentence-transformers/all-MiniLM-L6-v2/c9745ed1d9f207416be6d2e6f8de32d1f16199bf/config_sentence_transformers.json "HTTP/1.1 200 OK"
2026-03-30 11:53:36,790 - INFO - httpx - _send_single_request - HTTP Request: HEAD https://huggingface.co/sentence-transformers/all-MiniLM-L6-v2/resolve/main/README.md "HTTP/1.1 307 Temporary Redirect"
2026-03-30 11:53:36,793 - INFO - httpx - _send_single_request - HTTP Request: HEAD https://huggingface.co/api/resolve-cache/models/sentence-transformers/all-MiniLM-L6-v2/c9745ed1d9f207416be6d2e6f8de32d1f16199bf/README.md "HTTP/1.1 200 OK"
2026-03-30 11:53:37,011 - INFO - httpx - _send_single_request - HTTP Request: HEAD https://huggingface.co/sentence-transformers/all-MiniLM-L6-v2/resolve/main/modules.json "HTTP/1.1 307 Temporary Redirect"
2026-03-30 11:53:37,029 - INFO - httpx - _send_single_request - HTTP Request: HEAD https://huggingface.co/api/resolve-cache/models/sentence-transformers/all-MiniLM-L6-v2/c9745ed1d9f207416be6d2e6f8de32d1f16199bf/modules.json "HTTP/1.1 200 OK"
2026-03-30 11:53:37,229 - INFO - httpx - _send_single_request - HTTP Request: HEAD https://huggingface.co/sentence-transformers/all-MiniLM-L6-v2/resolve/main/sentence_bert_config.json "HTTP/1.1 307 Temporary Redirect"
2026-03-30 11:53:37,245 - INFO - httpx - _send_single_request - HTTP Request: HEAD https://huggingface.co/api/resolve-cache/models/sentence-transformers/all-MiniLM-L6-v2/c9745ed1d9f207416be6d2e6f8de32d1f16199bf/sentence_bert_config.json "HTTP/1.1 200 OK"
2026-03-30 11:53:37,497 - INFO - httpx - _send_single_request - HTTP Request: HEAD https://huggingface.co/sentence-transformers/all-MiniLM-L6-v2/resolve/main/adapter_config.json "HTTP/1.1 404 Not Found"
2026-03-30 11:53:37,732 - INFO - httpx - _send_single_request - HTTP Request: HEAD https://huggingface.co/sentence-transformers/all-MiniLM-L6-v2/resolve/main/config.json "HTTP/1.1 307 Temporary Redirect"
2026-03-30 11:53:37,748 - INFO - httpx - _send_single_request - HTTP Request: HEAD https://huggingface.co/api/resolve-cache/models/sentence-transformers/all-MiniLM-L6-v2/c9745ed1d9f207416be6d2e6f8de32d1f16199bf/config.json "HTTP/1.1 200 OK"
2026-03-30 11:53:38,012 - INFO - httpx - _send_single_request - HTTP Request: HEAD https://huggingface.co/sentence-transformers/all-MiniLM-L6-v2/resolve/main/config.json "HTTP/1.1 307 Temporary Redirect"
2026-03-30 11:53:38,012 - INFO - httpx - _send_single_request - HTTP Request: HEAD https://huggingface.co/api/resolve-cache/models/sentence-transformers/all-MiniLM-L6-v2/c9745ed1d9f207416be6d2e6f8de32d1f16199bf/config.json "HTTP/1.1 200 OK"
2026-03-30 11:53:38,230 - INFO - httpx - _send_single_request - HTTP Request: HEAD https://huggingface.co/sentence-transformers/all-MiniLM-L6-v2/resolve/main/tokenizer_config.json "HTTP/1.1 307 Temporary Redirect"
2026-03-30 11:53:38,246 - INFO - httpx - _send_single_request - HTTP Request: HEAD https://huggingface.co/api/resolve-cache/models/sentence-transformers/all-MiniLM-L6-v2/c9745ed1d9f207416be6d2e6f8de32d1f16199bf/tokenizer_config.json "HTTP/1.1 200 OK"
2026-03-30 11:53:38,465 - INFO - httpx - _send_single_request - HTTP Request: GET https://huggingface.co/api/models/sentence-transformers/all-MiniLM-L6-v2/tree/main/additional_chat_templates?recursive=false&expand=false "HTTP/1.1 404 Not Found"
2026-03-30 11:53:38,691 - INFO - httpx - _send_single_request - HTTP Request: GET https://huggingface.co/api/models/sentence-transformers/all-MiniLM-L6-v2/tree/main?recursive=true&expand=false "HTTP/1.1 200 OK"
2026-03-30 11:53:39,013 - INFO - httpx - _send_single_request - HTTP Request: HEAD https://huggingface.co/sentence-transformers/all-MiniLM-L6-v2/resolve/main/1_Pooling/config.json "HTTP/1.1 307 Temporary Redirect"
2026-03-30 11:53:39,028 - INFO - httpx - _send_single_request - HTTP Request: HEAD https://huggingface.co/api/resolve-cache/models/sentence-transformers/all-MiniLM-L6-v2/c9745ed1d9f207416be6d2e6f8de32d1f16199bf/1_Pooling%2Fconfig.json "HTTP/1.1 200 OK"
2026-03-30 11:53:39,262 - INFO - httpx - _send_single_request - HTTP Request: GET https://huggingface.co/api/models/sentence-transformers/all-MiniLM-L6-v2 "HTTP/1.1 200 OK"
2026-04-01 11:09:40,195 - INFO - sentence_transformers.SentenceTransformer - __init__ - Use pytorch device_name: cpu
2026-04-01 11:09:40,197 - INFO - sentence_transformers.SentenceTransformer - __init__ - Load pretrained SentenceTransformer: sentence-transformers/all-MiniLM-L6-v2
2026-04-01 11:09:40,422 - INFO - httpx - _send_single_request - HTTP Request: HEAD https://huggingface.co/sentence-transformers/all-MiniLM-L6-v2/resolve/main/modules.json "HTTP/1.1 307 Temporary Redirect"
2026-04-01 11:09:40,438 - INFO - httpx - _send_single_request - HTTP Request: HEAD https://huggingface.co/api/resolve-cache/models/sentence-transformers/all-MiniLM-L6-v2/c9745ed1d9f207416be6d2e6f8de32d1f16199bf/modules.json "HTTP/1.1 200 OK"
2026-04-01 11:09:40,693 - INFO - httpx - _send_single_request - HTTP Request: HEAD https://huggingface.co/sentence-transformers/all-MiniLM-L6-v2/resolve/main/config_sentence_transformers.json "HTTP/1.1 307 Temporary Redirect"
2026-04-01 11:09:40,693 - INFO - httpx - _send_single_request - HTTP Request: HEAD https://huggingface.co/api/resolve-cache/models/sentence-transformers/all-MiniLM-L6-v2/c9745ed1d9f207416be6d2e6f8de32d1f16199bf/config_sentence_transformers.json "HTTP/1.1 200 OK"
2026-04-01 11:09:40,955 - INFO - httpx - _send_single_request - HTTP Request: HEAD https://huggingface.co/sentence-transformers/all-MiniLM-L6-v2/resolve/main/config_sentence_transformers.json "HTTP/1.1 307 Temporary Redirect"
2026-04-01 11:09:40,967 - INFO - httpx - _send_single_request - HTTP Request: HEAD https://huggingface.co/api/resolve-cache/models/sentence-transformers/all-MiniLM-L6-v2/c9745ed1d9f207416be6d2e6f8de32d1f16199bf/config_sentence_transformers.json "HTTP/1.1 200 OK"
2026-04-01 11:09:41,210 - INFO - httpx - _send_single_request - HTTP Request: HEAD https://huggingface.co/sentence-transformers/all-MiniLM-L6-v2/resolve/main/README.md "HTTP/1.1 307 Temporary Redirect"
2026-04-01 11:09:41,211 - INFO - httpx - _send_single_request - HTTP Request: HEAD https://huggingface.co/api/resolve-cache/models/sentence-transformers/all-MiniLM-L6-v2/c9745ed1d9f207416be6d2e6f8de32d1f16199bf/README.md "HTTP/1.1 200 OK"
2026-04-01 11:09:41,456 - INFO - httpx - _send_single_request - HTTP Request: HEAD https://huggingface.co/sentence-transformers/all-MiniLM-L6-v2/resolve/main/modules.json "HTTP/1.1 307 Temporary Redirect"
2026-04-01 11:09:41,473 - INFO - httpx - _send_single_request - HTTP Request: HEAD https://huggingface.co/api/resolve-cache/models/sentence-transformers/all-MiniLM-L6-v2/c9745ed1d9f207416be6d2e6f8de32d1f16199bf/modules.json "HTTP/1.1 200 OK"
2026-04-01 11:09:41,713 - INFO - httpx - _send_single_request - HTTP Request: HEAD https://huggingface.co/sentence-transformers/all-MiniLM-L6-v2/resolve/main/sentence_bert_config.json "HTTP/1.1 307 Temporary Redirect"
2026-04-01 11:09:41,716 - INFO - httpx - _send_single_request - HTTP Request: HEAD https://huggingface.co/api/resolve-cache/models/sentence-transformers/all-MiniLM-L6-v2/c9745ed1d9f207416be6d2e6f8de32d1f16199bf/sentence_bert_config.json "HTTP/1.1 200 OK"
2026-04-01 11:09:41,958 - INFO - httpx - _send_single_request - HTTP Request: HEAD https://huggingface.co/sentence-transformers/all-MiniLM-L6-v2/resolve/main/adapter_config.json "HTTP/1.1 404 Not Found"
2026-04-01 11:09:42,213 - INFO - httpx - _send_single_request - HTTP Request: HEAD https://huggingface.co/sentence-transformers/all-MiniLM-L6-v2/resolve/main/config.json "HTTP/1.1 307 Temporary Redirect"
2026-04-01 11:09:42,226 - INFO - httpx - _send_single_request - HTTP Request: HEAD https://huggingface.co/api/resolve-cache/models/sentence-transformers/all-MiniLM-L6-v2/c9745ed1d9f207416be6d2e6f8de32d1f16199bf/config.json "HTTP/1.1 200 OK"
2026-04-01 11:09:42,526 - INFO - httpx - _send_single_request - HTTP Request: HEAD https://huggingface.co/sentence-transformers/all-MiniLM-L6-v2/resolve/main/config.json "HTTP/1.1 307 Temporary Redirect"
2026-04-01 11:09:42,526 - INFO - httpx - _send_single_request - HTTP Request: HEAD https://huggingface.co/api/resolve-cache/models/sentence-transformers/all-MiniLM-L6-v2/c9745ed1d9f207416be6d2e6f8de32d1f16199bf/config.json "HTTP/1.1 200 OK"
2026-04-01 11:09:42,779 - INFO - httpx - _send_single_request - HTTP Request: HEAD https://huggingface.co/sentence-transformers/all-MiniLM-L6-v2/resolve/main/tokenizer_config.json "HTTP/1.1 307 Temporary Redirect"
2026-04-01 11:09:42,783 - INFO - httpx - _send_single_request - HTTP Request: HEAD https://huggingface.co/api/resolve-cache/models/sentence-transformers/all-MiniLM-L6-v2/c9745ed1d9f207416be6d2e6f8de32d1f16199bf/tokenizer_config.json "HTTP/1.1 200 OK"
2026-04-01 11:09:43,026 - INFO - httpx - _send_single_request - HTTP Request: GET https://huggingface.co/api/models/sentence-transformers/all-MiniLM-L6-v2/tree/main/additional_chat_templates?recursive=false&expand=false "HTTP/1.1 404 Not Found"
2026-04-01 11:09:43,259 - INFO - httpx - _send_single_request - HTTP Request: GET https://huggingface.co/api/models/sentence-transformers/all-MiniLM-L6-v2/tree/main?recursive=true&expand=false "HTTP/1.1 200 OK"
2026-04-01 11:09:43,620 - INFO - httpx - _send_single_request - HTTP Request: HEAD https://huggingface.co/sentence-transformers/all-MiniLM-L6-v2/resolve/main/1_Pooling/config.json "HTTP/1.1 307 Temporary Redirect"
2026-04-01 11:09:43,641 - INFO - httpx - _send_single_request - HTTP Request: HEAD https://huggingface.co/api/resolve-cache/models/sentence-transformers/all-MiniLM-L6-v2/c9745ed1d9f207416be6d2e6f8de32d1f16199bf/1_Pooling%2Fconfig.json "HTTP/1.1 200 OK"
2026-04-01 11:09:43,882 - INFO - httpx - _send_single_request - HTTP Request: GET https://huggingface.co/api/models/sentence-transformers/all-MiniLM-L6-v2 "HTTP/1.1 200 OK"
2026-04-01 11:09:47,078 - INFO - chatbot_app - log_requests - Request start: GET /
2026-04-01 11:09:47,226 - INFO - chatbot_app - log_requests - Request end: GET / - Status 200 - Time 0.148s
2026-04-01 11:09:47,282 - INFO - chatbot_app - log_requests - Request start: GET /static/style.css
2026-04-01 11:09:47,311 - INFO - chatbot_app - log_requests - Request start: GET /static/script.js
2026-04-01 11:09:47,322 - INFO - chatbot_app - log_requests - Request end: GET /static/style.css - Status 304 - Time 0.040s
2026-04-01 11:09:47,323 - INFO - chatbot_app - log_requests - Request end: GET /static/script.js - Status 304 - Time 0.013s
2026-04-01 11:09:47,465 - INFO - chatbot_app - log_requests - Request start: GET /files
2026-04-01 11:09:47,469 - INFO - chatbot_app - log_requests - Request end: GET /files - Status 200 - Time 0.004s
2026-04-01 11:09:47,499 - INFO - chatbot_app - log_requests - Request start: GET /favicon.ico
2026-04-01 11:09:47,499 - INFO - chatbot_app - log_requests - Request end: GET /favicon.ico - Status 404 - Time 0.000s
2026-04-01 11:09:53,617 - INFO - chatbot_app - log_requests - Request start: POST /chat
2026-04-01 11:09:55,559 - INFO - chatbot_app - log_requests - Request end: POST /chat - Status 200 - Time 1.942s
2026-04-01 11:10:15,265 - INFO - chatbot_app - log_requests - Request start: POST /chat
2026-04-01 11:10:15,320 - INFO - chatbot_app - log_requests - Request end: POST /chat - Status 200 - Time 0.055s
2026-04-01 11:10:34,886 - INFO - chatbot_app - log_requests - Request start: POST /chat
2026-04-01 11:10:34,914 - INFO - chatbot_app - log_requests - Request end: POST /chat - Status 200 - Time 0.027s
2026-04-01 11:10:45,274 - INFO - chatbot_app - log_requests - Request start: GET /
2026-04-01 11:10:45,274 - INFO - chatbot_app - log_requests - Request end: GET / - Status 200 - Time 0.000s
2026-04-01 11:10:45,326 - INFO - chatbot_app - log_requests - Request start: GET /files
2026-04-01 11:10:45,328 - INFO - chatbot_app - log_requests - Request end: GET /files - Status 200 - Time 0.002s
2026-04-01 11:10:45,670 - INFO - chatbot_app - log_requests - Request start: GET /
2026-04-01 11:10:45,670 - INFO - chatbot_app - log_requests - Request end: GET / - Status 200 - Time 0.000s
2026-04-01 11:10:45,702 - INFO - chatbot_app - log_requests - Request start: GET /files
2026-04-01 11:10:45,706 - INFO - chatbot_app - log_requests - Request end: GET /files - Status 200 - Time 0.004s
2026-04-01 11:12:31,429 - INFO - chatbot_app - log_requests - Request start: GET /
2026-04-01 11:12:31,436 - INFO - chatbot_app - log_requests - Request end: GET / - Status 200 - Time 0.007s
2026-04-01 11:12:31,474 - INFO - chatbot_app - log_requests - Request start: GET /files
2026-04-01 11:12:31,477 - INFO - chatbot_app - log_requests - Request end: GET /files - Status 200 - Time 0.003s
2026-04-01 11:12:31,620 - INFO - chatbot_app - log_requests - Request start: GET /
2026-04-01 11:12:31,626 - INFO - chatbot_app - log_requests - Request end: GET / - Status 200 - Time 0.005s
2026-04-01 11:12:31,661 - INFO - chatbot_app - log_requests - Request start: GET /files
2026-04-01 11:12:31,662 - INFO - chatbot_app - log_requests - Request end: GET /files - Status 200 - Time 0.001s
2026-04-01 11:12:31,886 - INFO - chatbot_app - log_requests - Request start: GET /
2026-04-01 11:12:31,887 - INFO - chatbot_app - log_requests - Request end: GET / - Status 200 - Time 0.001s
2026-04-01 11:12:31,918 - INFO - chatbot_app - log_requests - Request start: GET /files
2026-04-01 11:12:31,922 - INFO - chatbot_app - log_requests - Request end: GET /files - Status 200 - Time 0.003s
2026-04-01 11:12:32,004 - INFO - chatbot_app - log_requests - Request start: GET /
2026-04-01 11:12:32,004 - INFO - chatbot_app - log_requests - Request end: GET / - Status 200 - Time 0.000s
2026-04-01 11:12:32,046 - INFO - chatbot_app - log_requests - Request start: GET /files
2026-04-01 11:12:32,046 - INFO - chatbot_app - log_requests - Request end: GET /files - Status 200 - Time 0.000s
2026-04-01 11:12:36,749 - INFO - chatbot_app - log_requests - Request start: POST /chat
2026-04-01 11:12:36,789 - INFO - chatbot_app - log_requests - Request end: POST /chat - Status 200 - Time 0.042s
2026-04-01 11:12:48,921 - INFO - chatbot_app - log_requests - Request start: POST /chat
2026-04-01 11:12:48,944 - INFO - chatbot_app - log_requests - Request end: POST /chat - Status 200 - Time 0.023s
2026-04-01 11:13:24,188 - INFO - chatbot_app - log_requests - Request start: POST /chat
2026-04-01 11:13:24,246 - INFO - chatbot_app - log_requests - Request end: POST /chat - Status 200 - Time 0.058s
2026-04-01 11:15:28,919 - INFO - chatbot_app - log_requests - Request start: POST /upload
2026-04-01 11:15:28,926 - INFO - chatbot_app - log_requests - Request end: POST /upload - Status 200 - Time 0.007s
2026-04-01 12:03:00,215 - INFO - sentence_transformers.SentenceTransformer - __init__ - Use pytorch device_name: cpu
2026-04-01 12:03:00,218 - INFO - sentence_transformers.SentenceTransformer - __init__ - Load pretrained SentenceTransformer: sentence-transformers/all-MiniLM-L6-v2
2026-04-01 12:03:00,479 - INFO - httpx - _send_single_request - HTTP Request: HEAD https://huggingface.co/sentence-transformers/all-MiniLM-L6-v2/resolve/main/modules.json "HTTP/1.1 307 Temporary Redirect"
2026-04-01 12:03:00,728 - INFO - httpx - _send_single_request - HTTP Request: HEAD https://huggingface.co/api/resolve-cache/models/sentence-transformers/all-MiniLM-L6-v2/c9745ed1d9f207416be6d2e6f8de32d1f16199bf/modules.json "HTTP/1.1 200 OK"
2026-04-01 12:03:00,995 - INFO - httpx - _send_single_request - HTTP Request: HEAD https://huggingface.co/sentence-transformers/all-MiniLM-L6-v2/resolve/main/config_sentence_transformers.json "HTTP/1.1 307 Temporary Redirect"
2026-04-01 12:03:01,254 - INFO - httpx - _send_single_request - HTTP Request: HEAD https://huggingface.co/api/resolve-cache/models/sentence-transformers/all-MiniLM-L6-v2/c9745ed1d9f207416be6d2e6f8de32d1f16199bf/config_sentence_transformers.json "HTTP/1.1 200 OK"
2026-04-01 12:03:01,537 - INFO - httpx - _send_single_request - HTTP Request: HEAD https://huggingface.co/sentence-transformers/all-MiniLM-L6-v2/resolve/main/config_sentence_transformers.json "HTTP/1.1 307 Temporary Redirect"
2026-04-01 12:03:01,796 - INFO - httpx - _send_single_request - HTTP Request: HEAD https://huggingface.co/api/resolve-cache/models/sentence-transformers/all-MiniLM-L6-v2/c9745ed1d9f207416be6d2e6f8de32d1f16199bf/config_sentence_transformers.json "HTTP/1.1 200 OK"
2026-04-01 12:03:02,064 - INFO - httpx - _send_single_request - HTTP Request: HEAD https://huggingface.co/sentence-transformers/all-MiniLM-L6-v2/resolve/main/README.md "HTTP/1.1 307 Temporary Redirect"
2026-04-01 12:03:02,323 - INFO - httpx - _send_single_request - HTTP Request: HEAD https://huggingface.co/api/resolve-cache/models/sentence-transformers/all-MiniLM-L6-v2/c9745ed1d9f207416be6d2e6f8de32d1f16199bf/README.md "HTTP/1.1 200 OK"
2026-04-01 12:03:02,596 - INFO - httpx - _send_single_request - HTTP Request: HEAD https://huggingface.co/sentence-transformers/all-MiniLM-L6-v2/resolve/main/modules.json "HTTP/1.1 307 Temporary Redirect"
2026-04-01 12:03:02,858 - INFO - httpx - _send_single_request - HTTP Request: HEAD https://huggingface.co/api/resolve-cache/models/sentence-transformers/all-MiniLM-L6-v2/c9745ed1d9f207416be6d2e6f8de32d1f16199bf/modules.json "HTTP/1.1 200 OK"
2026-04-01 12:03:03,140 - INFO - httpx - _send_single_request - HTTP Request: HEAD https://huggingface.co/sentence-transformers/all-MiniLM-L6-v2/resolve/main/sentence_bert_config.json "HTTP/1.1 307 Temporary Redirect"
2026-04-01 12:03:03,396 - INFO - httpx - _send_single_request - HTTP Request: HEAD https://huggingface.co/api/resolve-cache/models/sentence-transformers/all-MiniLM-L6-v2/c9745ed1d9f207416be6d2e6f8de32d1f16199bf/sentence_bert_config.json "HTTP/1.1 200 OK"
2026-04-01 12:03:03,651 - INFO - httpx - _send_single_request - HTTP Request: HEAD https://huggingface.co/sentence-transformers/all-MiniLM-L6-v2/resolve/main/adapter_config.json "HTTP/1.1 404 Not Found"
2026-04-01 12:03:03,925 - INFO - httpx - _send_single_request - HTTP Request: HEAD https://huggingface.co/sentence-transformers/all-MiniLM-L6-v2/resolve/main/config.json "HTTP/1.1 307 Temporary Redirect"
2026-04-01 12:03:04,191 - INFO - httpx - _send_single_request - HTTP Request: HEAD https://huggingface.co/api/resolve-cache/models/sentence-transformers/all-MiniLM-L6-v2/c9745ed1d9f207416be6d2e6f8de32d1f16199bf/config.json "HTTP/1.1 200 OK"
2026-04-01 12:03:04,511 - INFO - httpx - _send_single_request - HTTP Request: HEAD https://huggingface.co/sentence-transformers/all-MiniLM-L6-v2/resolve/main/config.json "HTTP/1.1 307 Temporary Redirect"
2026-04-01 12:03:04,752 - INFO - httpx - _send_single_request - HTTP Request: HEAD https://huggingface.co/api/resolve-cache/models/sentence-transformers/all-MiniLM-L6-v2/c9745ed1d9f207416be6d2e6f8de32d1f16199bf/config.json "HTTP/1.1 200 OK"
2026-04-01 12:03:05,029 - INFO - httpx - _send_single_request - HTTP Request: HEAD https://huggingface.co/sentence-transformers/all-MiniLM-L6-v2/resolve/main/tokenizer_config.json "HTTP/1.1 307 Temporary Redirect"
2026-04-01 12:03:05,279 - INFO - httpx - _send_single_request - HTTP Request: HEAD https://huggingface.co/api/resolve-cache/models/sentence-transformers/all-MiniLM-L6-v2/c9745ed1d9f207416be6d2e6f8de32d1f16199bf/tokenizer_config.json "HTTP/1.1 200 OK"
2026-04-01 12:03:05,564 - INFO - httpx - _send_single_request - HTTP Request: GET https://huggingface.co/api/models/sentence-transformers/all-MiniLM-L6-v2/tree/main/additional_chat_templates?recursive=false&expand=false "HTTP/1.1 404 Not Found"
2026-04-01 12:03:05,837 - INFO - httpx - _send_single_request - HTTP Request: GET https://huggingface.co/api/models/sentence-transformers/all-MiniLM-L6-v2/tree/main?recursive=true&expand=false "HTTP/1.1 200 OK"
2026-04-01 12:03:06,224 - INFO - httpx - _send_single_request - HTTP Request: HEAD https://huggingface.co/sentence-transformers/all-MiniLM-L6-v2/resolve/main/1_Pooling/config.json "HTTP/1.1 307 Temporary Redirect"
2026-04-01 12:03:06,479 - INFO - httpx - _send_single_request - HTTP Request: HEAD https://huggingface.co/api/resolve-cache/models/sentence-transformers/all-MiniLM-L6-v2/c9745ed1d9f207416be6d2e6f8de32d1f16199bf/1_Pooling%2Fconfig.json "HTTP/1.1 200 OK"
2026-04-01 12:03:06,748 - INFO - httpx - _send_single_request - HTTP Request: GET https://huggingface.co/api/models/sentence-transformers/all-MiniLM-L6-v2 "HTTP/1.1 200 OK"
2026-04-01 12:06:09,536 - INFO - sentence_transformers.SentenceTransformer - __init__ - Use pytorch device_name: cpu
2026-04-01 12:06:09,536 - INFO - sentence_transformers.SentenceTransformer - __init__ - Load pretrained SentenceTransformer: sentence-transformers/all-MiniLM-L6-v2
2026-04-01 12:06:09,846 - INFO - httpx - _send_single_request - HTTP Request: HEAD https://huggingface.co/sentence-transformers/all-MiniLM-L6-v2/resolve/main/modules.json "HTTP/1.1 307 Temporary Redirect"
2026-04-01 12:06:09,941 - INFO - httpx - _send_single_request - HTTP Request: HEAD https://huggingface.co/api/resolve-cache/models/sentence-transformers/all-MiniLM-L6-v2/c9745ed1d9f207416be6d2e6f8de32d1f16199bf/modules.json "HTTP/1.1 200 OK"
2026-04-01 12:06:10,264 - INFO - httpx - _send_single_request - HTTP Request: HEAD https://huggingface.co/sentence-transformers/all-MiniLM-L6-v2/resolve/main/config_sentence_transformers.json "HTTP/1.1 307 Temporary Redirect"
2026-04-01 12:06:10,379 - INFO - httpx - _send_single_request - HTTP Request: HEAD https://huggingface.co/api/resolve-cache/models/sentence-transformers/all-MiniLM-L6-v2/c9745ed1d9f207416be6d2e6f8de32d1f16199bf/config_sentence_transformers.json "HTTP/1.1 200 OK"
2026-04-01 12:06:10,680 - INFO - httpx - _send_single_request - HTTP Request: HEAD https://huggingface.co/sentence-transformers/all-MiniLM-L6-v2/resolve/main/config_sentence_transformers.json "HTTP/1.1 307 Temporary Redirect"
2026-04-01 12:06:10,792 - INFO - httpx - _send_single_request - HTTP Request: HEAD https://huggingface.co/api/resolve-cache/models/sentence-transformers/all-MiniLM-L6-v2/c9745ed1d9f207416be6d2e6f8de32d1f16199bf/config_sentence_transformers.json "HTTP/1.1 200 OK"
2026-04-01 12:06:11,103 - INFO - httpx - _send_single_request - HTTP Request: HEAD https://huggingface.co/sentence-transformers/all-MiniLM-L6-v2/resolve/main/README.md "HTTP/1.1 307 Temporary Redirect"
2026-04-01 12:06:11,194 - INFO - httpx - _send_single_request - HTTP Request: HEAD https://huggingface.co/api/resolve-cache/models/sentence-transformers/all-MiniLM-L6-v2/c9745ed1d9f207416be6d2e6f8de32d1f16199bf/README.md "HTTP/1.1 200 OK"
2026-04-01 12:06:11,516 - INFO - httpx - _send_single_request - HTTP Request: HEAD https://huggingface.co/sentence-transformers/all-MiniLM-L6-v2/resolve/main/modules.json "HTTP/1.1 307 Temporary Redirect"
2026-04-01 12:06:11,611 - INFO - httpx - _send_single_request - HTTP Request: HEAD https://huggingface.co/api/resolve-cache/models/sentence-transformers/all-MiniLM-L6-v2/c9745ed1d9f207416be6d2e6f8de32d1f16199bf/modules.json "HTTP/1.1 200 OK"
2026-04-01 12:06:11,931 - INFO - httpx - _send_single_request - HTTP Request: HEAD https://huggingface.co/sentence-transformers/all-MiniLM-L6-v2/resolve/main/sentence_bert_config.json "HTTP/1.1 307 Temporary Redirect"
2026-04-01 12:06:12,028 - INFO - httpx - _send_single_request - HTTP Request: HEAD https://huggingface.co/api/resolve-cache/models/sentence-transformers/all-MiniLM-L6-v2/c9745ed1d9f207416be6d2e6f8de32d1f16199bf/sentence_bert_config.json "HTTP/1.1 200 OK"
2026-04-01 12:06:12,349 - INFO - httpx - _send_single_request - HTTP Request: HEAD https://huggingface.co/sentence-transformers/all-MiniLM-L6-v2/resolve/main/adapter_config.json "HTTP/1.1 404 Not Found"
2026-04-01 12:06:12,664 - INFO - httpx - _send_single_request - HTTP Request: HEAD https://huggingface.co/sentence-transformers/all-MiniLM-L6-v2/resolve/main/config.json "HTTP/1.1 307 Temporary Redirect"
2026-04-01 12:06:12,764 - INFO - httpx - _send_single_request - HTTP Request: HEAD https://huggingface.co/api/resolve-cache/models/sentence-transformers/all-MiniLM-L6-v2/c9745ed1d9f207416be6d2e6f8de32d1f16199bf/config.json "HTTP/1.1 200 OK"
2026-04-01 12:06:13,145 - INFO - httpx - _send_single_request - HTTP Request: HEAD https://huggingface.co/sentence-transformers/all-MiniLM-L6-v2/resolve/main/config.json "HTTP/1.1 307 Temporary Redirect"
2026-04-01 12:06:13,244 - INFO - httpx - _send_single_request - HTTP Request: HEAD https://huggingface.co/api/resolve-cache/models/sentence-transformers/all-MiniLM-L6-v2/c9745ed1d9f207416be6d2e6f8de32d1f16199bf/config.json "HTTP/1.1 200 OK"
2026-04-01 12:06:13,634 - INFO - httpx - _send_single_request - HTTP Request: HEAD https://huggingface.co/sentence-transformers/all-MiniLM-L6-v2/resolve/main/tokenizer_config.json "HTTP/1.1 307 Temporary Redirect"
2026-04-01 12:06:13,731 - INFO - httpx - _send_single_request - HTTP Request: HEAD https://huggingface.co/api/resolve-cache/models/sentence-transformers/all-MiniLM-L6-v2/c9745ed1d9f207416be6d2e6f8de32d1f16199bf/tokenizer_config.json "HTTP/1.1 200 OK"
2026-04-01 12:06:14,063 - INFO - httpx - _send_single_request - HTTP Request: GET https://huggingface.co/api/models/sentence-transformers/all-MiniLM-L6-v2/tree/main/additional_chat_templates?recursive=false&expand=false "HTTP/1.1 404 Not Found"
2026-04-01 12:06:14,385 - INFO - httpx - _send_single_request - HTTP Request: GET https://huggingface.co/api/models/sentence-transformers/all-MiniLM-L6-v2/tree/main?recursive=true&expand=false "HTTP/1.1 200 OK"
2026-04-01 12:06:14,765 - INFO - httpx - _send_single_request - HTTP Request: HEAD https://huggingface.co/sentence-transformers/all-MiniLM-L6-v2/resolve/main/1_Pooling/config.json "HTTP/1.1 307 Temporary Redirect"
2026-04-01 12:06:14,867 - INFO - httpx - _send_single_request - HTTP Request: HEAD https://huggingface.co/api/resolve-cache/models/sentence-transformers/all-MiniLM-L6-v2/c9745ed1d9f207416be6d2e6f8de32d1f16199bf/1_Pooling%2Fconfig.json "HTTP/1.1 200 OK"
2026-04-01 12:06:15,208 - INFO - httpx - _send_single_request - HTTP Request: GET https://huggingface.co/api/models/sentence-transformers/all-MiniLM-L6-v2 "HTTP/1.1 200 OK"
2026-04-01 12:06:46,701 - INFO - chatbot_app - log_requests - Request start: POST /upload
2026-04-01 12:06:47,821 - INFO - sentence_transformers.SentenceTransformer - __init__ - Use pytorch device_name: cpu
2026-04-01 12:06:47,821 - INFO - sentence_transformers.SentenceTransformer - __init__ - Load pretrained SentenceTransformer: sentence-transformers/all-MiniLM-L6-v2
2026-04-01 12:06:49,181 - INFO - httpx - _send_single_request - HTTP Request: HEAD https://huggingface.co/sentence-transformers/all-MiniLM-L6-v2/resolve/main/modules.json "HTTP/1.1 307 Temporary Redirect"
2026-04-01 12:06:49,424 - INFO - httpx - _send_single_request - HTTP Request: HEAD https://huggingface.co/api/resolve-cache/models/sentence-transformers/all-MiniLM-L6-v2/c9745ed1d9f207416be6d2e6f8de32d1f16199bf/modules.json "HTTP/1.1 200 OK"
2026-04-01 12:06:49,693 - INFO - httpx - _send_single_request - HTTP Request: HEAD https://huggingface.co/sentence-transformers/all-MiniLM-L6-v2/resolve/main/config_sentence_transformers.json "HTTP/1.1 307 Temporary Redirect"
2026-04-01 12:06:49,935 - INFO - httpx - _send_single_request - HTTP Request: HEAD https://huggingface.co/api/resolve-cache/models/sentence-transformers/all-MiniLM-L6-v2/c9745ed1d9f207416be6d2e6f8de32d1f16199bf/config_sentence_transformers.json "HTTP/1.1 200 OK"
2026-04-01 12:06:50,197 - INFO - httpx - _send_single_request - HTTP Request: HEAD https://huggingface.co/sentence-transformers/all-MiniLM-L6-v2/resolve/main/config_sentence_transformers.json "HTTP/1.1 307 Temporary Redirect"
2026-04-01 12:06:50,438 - INFO - httpx - _send_single_request - HTTP Request: HEAD https://huggingface.co/api/resolve-cache/models/sentence-transformers/all-MiniLM-L6-v2/c9745ed1d9f207416be6d2e6f8de32d1f16199bf/config_sentence_transformers.json "HTTP/1.1 200 OK"
2026-04-01 12:06:50,695 - INFO - httpx - _send_single_request - HTTP Request: HEAD https://huggingface.co/sentence-transformers/all-MiniLM-L6-v2/resolve/main/README.md "HTTP/1.1 307 Temporary Redirect"
2026-04-01 12:06:50,937 - INFO - httpx - _send_single_request - HTTP Request: HEAD https://huggingface.co/api/resolve-cache/models/sentence-transformers/all-MiniLM-L6-v2/c9745ed1d9f207416be6d2e6f8de32d1f16199bf/README.md "HTTP/1.1 200 OK"
2026-04-01 12:06:51,189 - INFO - httpx - _send_single_request - HTTP Request: HEAD https://huggingface.co/sentence-transformers/all-MiniLM-L6-v2/resolve/main/modules.json "HTTP/1.1 307 Temporary Redirect"
2026-04-01 12:06:51,428 - INFO - httpx - _send_single_request - HTTP Request: HEAD https://huggingface.co/api/resolve-cache/models/sentence-transformers/all-MiniLM-L6-v2/c9745ed1d9f207416be6d2e6f8de32d1f16199bf/modules.json "HTTP/1.1 200 OK"
2026-04-01 12:06:51,679 - INFO - httpx - _send_single_request - HTTP Request: HEAD https://huggingface.co/sentence-transformers/all-MiniLM-L6-v2/resolve/main/sentence_bert_config.json "HTTP/1.1 307 Temporary Redirect"
2026-04-01 12:06:51,918 - INFO - httpx - _send_single_request - HTTP Request: HEAD https://huggingface.co/api/resolve-cache/models/sentence-transformers/all-MiniLM-L6-v2/c9745ed1d9f207416be6d2e6f8de32d1f16199bf/sentence_bert_config.json "HTTP/1.1 200 OK"
2026-04-01 12:06:52,175 - INFO - httpx - _send_single_request - HTTP Request: HEAD https://huggingface.co/sentence-transformers/all-MiniLM-L6-v2/resolve/main/adapter_config.json "HTTP/1.1 404 Not Found"
2026-04-01 12:06:52,431 - INFO - httpx - _send_single_request - HTTP Request: HEAD https://huggingface.co/sentence-transformers/all-MiniLM-L6-v2/resolve/main/config.json "HTTP/1.1 307 Temporary Redirect"
2026-04-01 12:06:52,671 - INFO - httpx - _send_single_request - HTTP Request: HEAD https://huggingface.co/api/resolve-cache/models/sentence-transformers/all-MiniLM-L6-v2/c9745ed1d9f207416be6d2e6f8de32d1f16199bf/config.json "HTTP/1.1 200 OK"
2026-04-01 12:06:52,980 - INFO - httpx - _send_single_request - HTTP Request: HEAD https://huggingface.co/sentence-transformers/all-MiniLM-L6-v2/resolve/main/config.json "HTTP/1.1 307 Temporary Redirect"
2026-04-01 12:06:53,220 - INFO - httpx - _send_single_request - HTTP Request: HEAD https://huggingface.co/api/resolve-cache/models/sentence-transformers/all-MiniLM-L6-v2/c9745ed1d9f207416be6d2e6f8de32d1f16199bf/config.json "HTTP/1.1 200 OK"
2026-04-01 12:06:53,475 - INFO - httpx - _send_single_request - HTTP Request: HEAD https://huggingface.co/sentence-transformers/all-MiniLM-L6-v2/resolve/main/tokenizer_config.json "HTTP/1.1 307 Temporary Redirect"
2026-04-01 12:06:53,715 - INFO - httpx - _send_single_request - HTTP Request: HEAD https://huggingface.co/api/resolve-cache/models/sentence-transformers/all-MiniLM-L6-v2/c9745ed1d9f207416be6d2e6f8de32d1f16199bf/tokenizer_config.json "HTTP/1.1 200 OK"
2026-04-01 12:06:53,972 - INFO - httpx - _send_single_request - HTTP Request: GET https://huggingface.co/api/models/sentence-transformers/all-MiniLM-L6-v2/tree/main/additional_chat_templates?recursive=false&expand=false "HTTP/1.1 404 Not Found"
2026-04-01 12:06:54,228 - INFO - httpx - _send_single_request - HTTP Request: GET https://huggingface.co/api/models/sentence-transformers/all-MiniLM-L6-v2/tree/main?recursive=true&expand=false "HTTP/1.1 200 OK"
2026-04-01 12:06:54,560 - INFO - httpx - _send_single_request - HTTP Request: HEAD https://huggingface.co/sentence-transformers/all-MiniLM-L6-v2/resolve/main/1_Pooling/config.json "HTTP/1.1 307 Temporary Redirect"
2026-04-01 12:06:54,800 - INFO - httpx - _send_single_request - HTTP Request: HEAD https://huggingface.co/api/resolve-cache/models/sentence-transformers/all-MiniLM-L6-v2/c9745ed1d9f207416be6d2e6f8de32d1f16199bf/1_Pooling%2Fconfig.json "HTTP/1.1 200 OK"
2026-04-01 12:06:55,055 - INFO - httpx - _send_single_request - HTTP Request: GET https://huggingface.co/api/models/sentence-transformers/all-MiniLM-L6-v2 "HTTP/1.1 200 OK"
2026-04-01 12:06:57,067 - INFO - faiss.loader - <module> - Loading faiss with AVX2 support.
2026-04-01 12:06:57,691 - INFO - faiss.loader - <module> - Successfully loaded faiss with AVX2 support.
2026-04-01 12:06:58,019 - INFO - sentence_transformers.SentenceTransformer - __init__ - Use pytorch device_name: cpu
2026-04-01 12:06:58,019 - INFO - sentence_transformers.SentenceTransformer - __init__ - Load pretrained SentenceTransformer: sentence-transformers/all-MiniLM-L6-v2
2026-04-01 12:06:58,271 - INFO - httpx - _send_single_request - HTTP Request: HEAD https://huggingface.co/sentence-transformers/all-MiniLM-L6-v2/resolve/main/modules.json "HTTP/1.1 307 Temporary Redirect"
2026-04-01 12:06:58,522 - INFO - httpx - _send_single_request - HTTP Request: HEAD https://huggingface.co/api/resolve-cache/models/sentence-transformers/all-MiniLM-L6-v2/c9745ed1d9f207416be6d2e6f8de32d1f16199bf/modules.json "HTTP/1.1 200 OK"
2026-04-01 12:06:58,773 - INFO - httpx - _send_single_request - HTTP Request: HEAD https://huggingface.co/sentence-transformers/all-MiniLM-L6-v2/resolve/main/config_sentence_transformers.json "HTTP/1.1 307 Temporary Redirect"
2026-04-01 12:06:59,016 - INFO - httpx - _send_single_request - HTTP Request: HEAD https://huggingface.co/api/resolve-cache/models/sentence-transformers/all-MiniLM-L6-v2/c9745ed1d9f207416be6d2e6f8de32d1f16199bf/config_sentence_transformers.json "HTTP/1.1 200 OK"
2026-04-01 12:06:59,269 - INFO - httpx - _send_single_request - HTTP Request: HEAD https://huggingface.co/sentence-transformers/all-MiniLM-L6-v2/resolve/main/config_sentence_transformers.json "HTTP/1.1 307 Temporary Redirect"
2026-04-01 12:06:59,509 - INFO - httpx - _send_single_request - HTTP Request: HEAD https://huggingface.co/api/resolve-cache/models/sentence-transformers/all-MiniLM-L6-v2/c9745ed1d9f207416be6d2e6f8de32d1f16199bf/config_sentence_transformers.json "HTTP/1.1 200 OK"
2026-04-01 12:06:59,763 - INFO - httpx - _send_single_request - HTTP Request: HEAD https://huggingface.co/sentence-transformers/all-MiniLM-L6-v2/resolve/main/README.md "HTTP/1.1 307 Temporary Redirect"
2026-04-01 12:06:59,988 - INFO - httpx - _send_single_request - HTTP Request: HEAD https://huggingface.co/api/resolve-cache/models/sentence-transformers/all-MiniLM-L6-v2/c9745ed1d9f207416be6d2e6f8de32d1f16199bf/README.md "HTTP/1.1 200 OK"
2026-04-01 12:07:00,254 - INFO - httpx - _send_single_request - HTTP Request: HEAD https://huggingface.co/sentence-transformers/all-MiniLM-L6-v2/resolve/main/modules.json "HTTP/1.1 307 Temporary Redirect"
2026-04-01 12:07:00,489 - INFO - httpx - _send_single_request - HTTP Request: HEAD https://huggingface.co/api/resolve-cache/models/sentence-transformers/all-MiniLM-L6-v2/c9745ed1d9f207416be6d2e6f8de32d1f16199bf/modules.json "HTTP/1.1 200 OK"
2026-04-01 12:07:00,750 - INFO - httpx - _send_single_request - HTTP Request: HEAD https://huggingface.co/sentence-transformers/all-MiniLM-L6-v2/resolve/main/sentence_bert_config.json "HTTP/1.1 307 Temporary Redirect"
2026-04-01 12:07:00,988 - INFO - httpx - _send_single_request - HTTP Request: HEAD https://huggingface.co/api/resolve-cache/models/sentence-transformers/all-MiniLM-L6-v2/c9745ed1d9f207416be6d2e6f8de32d1f16199bf/sentence_bert_config.json "HTTP/1.1 200 OK"
2026-04-01 12:07:01,254 - INFO - httpx - _send_single_request - HTTP Request: HEAD https://huggingface.co/sentence-transformers/all-MiniLM-L6-v2/resolve/main/adapter_config.json "HTTP/1.1 404 Not Found"
2026-04-01 12:07:01,510 - INFO - httpx - _send_single_request - HTTP Request: HEAD https://huggingface.co/sentence-transformers/all-MiniLM-L6-v2/resolve/main/config.json "HTTP/1.1 307 Temporary Redirect"
2026-04-01 12:07:01,739 - INFO - httpx - _send_single_request - HTTP Request: HEAD https://huggingface.co/api/resolve-cache/models/sentence-transformers/all-MiniLM-L6-v2/c9745ed1d9f207416be6d2e6f8de32d1f16199bf/config.json "HTTP/1.1 200 OK"
2026-04-01 12:07:02,052 - INFO - httpx - _send_single_request - HTTP Request: HEAD https://huggingface.co/sentence-transformers/all-MiniLM-L6-v2/resolve/main/config.json "HTTP/1.1 307 Temporary Redirect"
2026-04-01 12:07:02,285 - INFO - httpx - _send_single_request - HTTP Request: HEAD https://huggingface.co/api/resolve-cache/models/sentence-transformers/all-MiniLM-L6-v2/c9745ed1d9f207416be6d2e6f8de32d1f16199bf/config.json "HTTP/1.1 200 OK"
2026-04-01 12:07:02,640 - INFO - httpx - _send_single_request - HTTP Request: HEAD https://huggingface.co/sentence-transformers/all-MiniLM-L6-v2/resolve/main/tokenizer_config.json "HTTP/1.1 307 Temporary Redirect"
2026-04-01 12:07:02,874 - INFO - httpx - _send_single_request - HTTP Request: HEAD https://huggingface.co/api/resolve-cache/models/sentence-transformers/all-MiniLM-L6-v2/c9745ed1d9f207416be6d2e6f8de32d1f16199bf/tokenizer_config.json "HTTP/1.1 200 OK"
2026-04-01 12:07:03,143 - INFO - httpx - _send_single_request - HTTP Request: GET https://huggingface.co/api/models/sentence-transformers/all-MiniLM-L6-v2/tree/main/additional_chat_templates?recursive=false&expand=false "HTTP/1.1 404 Not Found"
2026-04-01 12:07:03,389 - INFO - httpx - _send_single_request - HTTP Request: GET https://huggingface.co/api/models/sentence-transformers/all-MiniLM-L6-v2/tree/main?recursive=true&expand=false "HTTP/1.1 200 OK"
2026-04-01 12:07:03,723 - INFO - httpx - _send_single_request - HTTP Request: HEAD https://huggingface.co/sentence-transformers/all-MiniLM-L6-v2/resolve/main/1_Pooling/config.json "HTTP/1.1 307 Temporary Redirect"
2026-04-01 12:07:03,972 - INFO - httpx - _send_single_request - HTTP Request: HEAD https://huggingface.co/api/resolve-cache/models/sentence-transformers/all-MiniLM-L6-v2/c9745ed1d9f207416be6d2e6f8de32d1f16199bf/1_Pooling%2Fconfig.json "HTTP/1.1 200 OK"
2026-04-01 12:07:04,227 - INFO - httpx - _send_single_request - HTTP Request: GET https://huggingface.co/api/models/sentence-transformers/all-MiniLM-L6-v2 "HTTP/1.1 200 OK"
2026-04-01 12:07:05,436 - INFO - chatbot_app - log_requests - Request end: POST /upload - Status 200 - Time 18.735s
2026-04-01 12:07:22,900 - INFO - chatbot_app - log_requests - Request start: POST /upload
2026-04-01 12:07:22,901 - INFO - chatbot_app - log_requests - Request end: POST /upload - Status 200 - Time 0.001s
2026-04-01 12:08:52,332 - INFO - chatbot_app - log_requests - Request start: OPTIONS /chat
2026-04-01 12:08:52,332 - INFO - chatbot_app - log_requests - Request end: OPTIONS /chat - Status 200 - Time 0.000s
2026-04-01 12:08:52,332 - INFO - chatbot_app - log_requests - Request start: POST /chat
2026-04-01 12:08:53,330 - INFO - httpx - _send_single_request - HTTP Request: POST https://api.groq.com/openai/v1/chat/completions "HTTP/1.1 200 OK"
2026-04-01 12:08:54,564 - INFO - chatbot_app - log_requests - Request end: POST /chat - Status 200 - Time 2.232s
2026-04-01 12:09:25,063 - INFO - chatbot_app - log_requests - Request start: POST /chat
2026-04-01 12:09:25,226 - INFO - httpx - _send_single_request - HTTP Request: POST https://api.groq.com/openai/v1/chat/completions "HTTP/1.1 200 OK"
2026-04-01 12:09:25,431 - INFO - httpx - _send_single_request - HTTP Request: POST https://api.groq.com/openai/v1/chat/completions "HTTP/1.1 200 OK"
2026-04-01 12:09:25,453 - INFO - chatbot_app - log_requests - Request end: POST /chat - Status 200 - Time 0.390s
2026-04-01 13:00:48,681 - INFO - chatbot_app - log_requests - Request start: OPTIONS /chat
2026-04-01 13:00:48,685 - INFO - chatbot_app - log_requests - Request end: OPTIONS /chat - Status 200 - Time 0.006s
2026-04-01 13:00:48,692 - INFO - chatbot_app - log_requests - Request start: POST /chat
2026-04-01 13:00:48,994 - INFO - httpx - _send_single_request - HTTP Request: POST https://api.groq.com/openai/v1/chat/completions "HTTP/1.1 200 OK"
2026-04-01 13:00:49,181 - INFO - httpx - _send_single_request - HTTP Request: POST https://api.groq.com/openai/v1/chat/completions "HTTP/1.1 200 OK"
2026-04-01 13:00:49,200 - INFO - chatbot_app - log_requests - Request end: POST /chat - Status 200 - Time 0.508s
2026-04-01 13:02:19,620 - INFO - chatbot_app - log_requests - Request start: POST /chat
2026-04-01 13:02:19,636 - INFO - chatbot_app - log_requests - Request end: POST /chat - Status 200 - Time 0.016s
2026-04-01 13:03:12,911 - INFO - chatbot_app - log_requests - Request start: POST /chat
2026-04-01 13:03:13,114 - INFO - httpx - _send_single_request - HTTP Request: POST https://api.groq.com/openai/v1/chat/completions "HTTP/1.1 200 OK"
2026-04-01 13:03:13,449 - INFO - httpx - _send_single_request - HTTP Request: POST https://api.groq.com/openai/v1/chat/completions "HTTP/1.1 200 OK"
2026-04-01 13:03:13,480 - INFO - chatbot_app - log_requests - Request end: POST /chat - Status 200 - Time 0.570s
2026-04-01 13:03:57,639 - INFO - chatbot_app - log_requests - Request start: POST /chat
2026-04-01 13:03:57,651 - INFO - chatbot_app - log_requests - Request end: POST /chat - Status 200 - Time 0.012s
2026-04-01 13:04:12,995 - INFO - chatbot_app - log_requests - Request start: POST /chat
2026-04-01 13:04:13,427 - INFO - httpx - _send_single_request - HTTP Request: POST https://api.groq.com/openai/v1/chat/completions "HTTP/1.1 200 OK"
2026-04-01 13:04:13,779 - INFO - httpx - _send_single_request - HTTP Request: POST https://api.groq.com/openai/v1/chat/completions "HTTP/1.1 200 OK"
2026-04-01 13:04:13,801 - INFO - chatbot_app - log_requests - Request end: POST /chat - Status 200 - Time 0.806s
2026-04-01 13:04:39,027 - INFO - chatbot_app - log_requests - Request start: POST /chat
2026-04-01 13:04:39,401 - INFO - httpx - _send_single_request - HTTP Request: POST https://api.groq.com/openai/v1/chat/completions "HTTP/1.1 200 OK"
2026-04-01 13:04:39,683 - INFO - httpx - _send_single_request - HTTP Request: POST https://api.groq.com/openai/v1/chat/completions "HTTP/1.1 200 OK"
2026-04-01 13:04:39,702 - INFO - chatbot_app - log_requests - Request end: POST /chat - Status 200 - Time 0.674s
2026-04-01 13:05:04,447 - INFO - chatbot_app - log_requests - Request start: POST /upload
2026-04-01 13:05:07,106 - INFO - sentence_transformers.SentenceTransformer - __init__ - Use pytorch device_name: cpu
2026-04-01 13:05:07,106 - INFO - sentence_transformers.SentenceTransformer - __init__ - Load pretrained SentenceTransformer: sentence-transformers/all-MiniLM-L6-v2
2026-04-01 13:05:07,517 - INFO - httpx - _send_single_request - HTTP Request: HEAD https://huggingface.co/sentence-transformers/all-MiniLM-L6-v2/resolve/main/modules.json "HTTP/1.1 307 Temporary Redirect"
2026-04-01 13:05:07,531 - INFO - httpx - _send_single_request - HTTP Request: HEAD https://huggingface.co/api/resolve-cache/models/sentence-transformers/all-MiniLM-L6-v2/c9745ed1d9f207416be6d2e6f8de32d1f16199bf/modules.json "HTTP/1.1 200 OK"
2026-04-01 13:05:07,775 - INFO - httpx - _send_single_request - HTTP Request: HEAD https://huggingface.co/sentence-transformers/all-MiniLM-L6-v2/resolve/main/config_sentence_transformers.json "HTTP/1.1 307 Temporary Redirect"
2026-04-01 13:05:07,775 - INFO - httpx - _send_single_request - HTTP Request: HEAD https://huggingface.co/api/resolve-cache/models/sentence-transformers/all-MiniLM-L6-v2/c9745ed1d9f207416be6d2e6f8de32d1f16199bf/config_sentence_transformers.json "HTTP/1.1 200 OK"
2026-04-01 13:05:08,028 - INFO - httpx - _send_single_request - HTTP Request: HEAD https://huggingface.co/sentence-transformers/all-MiniLM-L6-v2/resolve/main/config_sentence_transformers.json "HTTP/1.1 307 Temporary Redirect"
2026-04-01 13:05:08,028 - INFO - httpx - _send_single_request - HTTP Request: HEAD https://huggingface.co/api/resolve-cache/models/sentence-transformers/all-MiniLM-L6-v2/c9745ed1d9f207416be6d2e6f8de32d1f16199bf/config_sentence_transformers.json "HTTP/1.1 200 OK"
2026-04-01 13:05:08,269 - INFO - httpx - _send_single_request - HTTP Request: HEAD https://huggingface.co/sentence-transformers/all-MiniLM-L6-v2/resolve/main/README.md "HTTP/1.1 307 Temporary Redirect"
2026-04-01 13:05:08,288 - INFO - httpx - _send_single_request - HTTP Request: HEAD https://huggingface.co/api/resolve-cache/models/sentence-transformers/all-MiniLM-L6-v2/c9745ed1d9f207416be6d2e6f8de32d1f16199bf/README.md "HTTP/1.1 200 OK"
2026-04-01 13:05:08,533 - INFO - httpx - _send_single_request - HTTP Request: HEAD https://huggingface.co/sentence-transformers/all-MiniLM-L6-v2/resolve/main/modules.json "HTTP/1.1 307 Temporary Redirect"
2026-04-01 13:05:08,541 - INFO - httpx - _send_single_request - HTTP Request: HEAD https://huggingface.co/api/resolve-cache/models/sentence-transformers/all-MiniLM-L6-v2/c9745ed1d9f207416be6d2e6f8de32d1f16199bf/modules.json "HTTP/1.1 200 OK"
2026-04-01 13:05:08,775 - INFO - httpx - _send_single_request - HTTP Request: HEAD https://huggingface.co/sentence-transformers/all-MiniLM-L6-v2/resolve/main/sentence_bert_config.json "HTTP/1.1 307 Temporary Redirect"
2026-04-01 13:05:08,790 - INFO - httpx - _send_single_request - HTTP Request: HEAD https://huggingface.co/api/resolve-cache/models/sentence-transformers/all-MiniLM-L6-v2/c9745ed1d9f207416be6d2e6f8de32d1f16199bf/sentence_bert_config.json "HTTP/1.1 200 OK"
2026-04-01 13:05:09,033 - INFO - httpx - _send_single_request - HTTP Request: HEAD https://huggingface.co/sentence-transformers/all-MiniLM-L6-v2/resolve/main/adapter_config.json "HTTP/1.1 404 Not Found"
2026-04-01 13:05:09,277 - INFO - httpx - _send_single_request - HTTP Request: HEAD https://huggingface.co/sentence-transformers/all-MiniLM-L6-v2/resolve/main/config.json "HTTP/1.1 307 Temporary Redirect"
2026-04-01 13:05:09,277 - INFO - httpx - _send_single_request - HTTP Request: HEAD https://huggingface.co/api/resolve-cache/models/sentence-transformers/all-MiniLM-L6-v2/c9745ed1d9f207416be6d2e6f8de32d1f16199bf/config.json "HTTP/1.1 200 OK"
2026-04-01 13:05:09,571 - INFO - httpx - _send_single_request - HTTP Request: HEAD https://huggingface.co/sentence-transformers/all-MiniLM-L6-v2/resolve/main/config.json "HTTP/1.1 307 Temporary Redirect"
2026-04-01 13:05:09,593 - INFO - httpx - _send_single_request - HTTP Request: HEAD https://huggingface.co/api/resolve-cache/models/sentence-transformers/all-MiniLM-L6-v2/c9745ed1d9f207416be6d2e6f8de32d1f16199bf/config.json "HTTP/1.1 200 OK"
2026-04-01 13:05:09,822 - INFO - httpx - _send_single_request - HTTP Request: HEAD https://huggingface.co/sentence-transformers/all-MiniLM-L6-v2/resolve/main/tokenizer_config.json "HTTP/1.1 307 Temporary Redirect"
2026-04-01 13:05:09,838 - INFO - httpx - _send_single_request - HTTP Request: HEAD https://huggingface.co/api/resolve-cache/models/sentence-transformers/all-MiniLM-L6-v2/c9745ed1d9f207416be6d2e6f8de32d1f16199bf/tokenizer_config.json "HTTP/1.1 200 OK"
2026-04-01 13:05:10,088 - INFO - httpx - _send_single_request - HTTP Request: GET https://huggingface.co/api/models/sentence-transformers/all-MiniLM-L6-v2/tree/main/additional_chat_templates?recursive=false&expand=false "HTTP/1.1 404 Not Found"
2026-04-01 13:05:10,341 - INFO - httpx - _send_single_request - HTTP Request: GET https://huggingface.co/api/models/sentence-transformers/all-MiniLM-L6-v2/tree/main?recursive=true&expand=false "HTTP/1.1 200 OK"
2026-04-01 13:05:10,685 - INFO - httpx - _send_single_request - HTTP Request: HEAD https://huggingface.co/sentence-transformers/all-MiniLM-L6-v2/resolve/main/1_Pooling/config.json "HTTP/1.1 307 Temporary Redirect"
2026-04-01 13:05:10,694 - INFO - httpx - _send_single_request - HTTP Request: HEAD https://huggingface.co/api/resolve-cache/models/sentence-transformers/all-MiniLM-L6-v2/c9745ed1d9f207416be6d2e6f8de32d1f16199bf/1_Pooling%2Fconfig.json "HTTP/1.1 200 OK"
2026-04-01 13:05:10,933 - INFO - httpx - _send_single_request - HTTP Request: GET https://huggingface.co/api/models/sentence-transformers/all-MiniLM-L6-v2 "HTTP/1.1 200 OK"
2026-04-01 13:05:14,622 - INFO - sentence_transformers.SentenceTransformer - __init__ - Use pytorch device_name: cpu
2026-04-01 13:05:14,624 - INFO - sentence_transformers.SentenceTransformer - __init__ - Load pretrained SentenceTransformer: sentence-transformers/all-MiniLM-L6-v2
2026-04-01 13:05:14,860 - INFO - httpx - _send_single_request - HTTP Request: HEAD https://huggingface.co/sentence-transformers/all-MiniLM-L6-v2/resolve/main/modules.json "HTTP/1.1 307 Temporary Redirect"
2026-04-01 13:05:14,872 - INFO - httpx - _send_single_request - HTTP Request: HEAD https://huggingface.co/api/resolve-cache/models/sentence-transformers/all-MiniLM-L6-v2/c9745ed1d9f207416be6d2e6f8de32d1f16199bf/modules.json "HTTP/1.1 200 OK"
2026-04-01 13:05:15,112 - INFO - httpx - _send_single_request - HTTP Request: HEAD https://huggingface.co/sentence-transformers/all-MiniLM-L6-v2/resolve/main/config_sentence_transformers.json "HTTP/1.1 307 Temporary Redirect"
2026-04-01 13:05:15,124 - INFO - httpx - _send_single_request - HTTP Request: HEAD https://huggingface.co/api/resolve-cache/models/sentence-transformers/all-MiniLM-L6-v2/c9745ed1d9f207416be6d2e6f8de32d1f16199bf/config_sentence_transformers.json "HTTP/1.1 200 OK"
2026-04-01 13:05:15,393 - INFO - httpx - _send_single_request - HTTP Request: HEAD https://huggingface.co/sentence-transformers/all-MiniLM-L6-v2/resolve/main/config_sentence_transformers.json "HTTP/1.1 307 Temporary Redirect"
2026-04-01 13:05:15,402 - INFO - httpx - _send_single_request - HTTP Request: HEAD https://huggingface.co/api/resolve-cache/models/sentence-transformers/all-MiniLM-L6-v2/c9745ed1d9f207416be6d2e6f8de32d1f16199bf/config_sentence_transformers.json "HTTP/1.1 200 OK"
2026-04-01 13:05:15,642 - INFO - httpx - _send_single_request - HTTP Request: HEAD https://huggingface.co/sentence-transformers/all-MiniLM-L6-v2/resolve/main/README.md "HTTP/1.1 307 Temporary Redirect"
2026-04-01 13:05:15,652 - INFO - httpx - _send_single_request - HTTP Request: HEAD https://huggingface.co/api/resolve-cache/models/sentence-transformers/all-MiniLM-L6-v2/c9745ed1d9f207416be6d2e6f8de32d1f16199bf/README.md "HTTP/1.1 200 OK"
2026-04-01 13:05:15,885 - INFO - httpx - _send_single_request - HTTP Request: HEAD https://huggingface.co/sentence-transformers/all-MiniLM-L6-v2/resolve/main/modules.json "HTTP/1.1 307 Temporary Redirect"
2026-04-01 13:05:15,898 - INFO - httpx - _send_single_request - HTTP Request: HEAD https://huggingface.co/api/resolve-cache/models/sentence-transformers/all-MiniLM-L6-v2/c9745ed1d9f207416be6d2e6f8de32d1f16199bf/modules.json "HTTP/1.1 200 OK"
2026-04-01 13:05:16,137 - INFO - httpx - _send_single_request - HTTP Request: HEAD https://huggingface.co/sentence-transformers/all-MiniLM-L6-v2/resolve/main/sentence_bert_config.json "HTTP/1.1 307 Temporary Redirect"
2026-04-01 13:05:16,137 - INFO - httpx - _send_single_request - HTTP Request: HEAD https://huggingface.co/api/resolve-cache/models/sentence-transformers/all-MiniLM-L6-v2/c9745ed1d9f207416be6d2e6f8de32d1f16199bf/sentence_bert_config.json "HTTP/1.1 200 OK"
2026-04-01 13:05:16,388 - INFO - httpx - _send_single_request - HTTP Request: HEAD https://huggingface.co/sentence-transformers/all-MiniLM-L6-v2/resolve/main/adapter_config.json "HTTP/1.1 404 Not Found"
2026-04-01 13:05:16,632 - INFO - httpx - _send_single_request - HTTP Request: HEAD https://huggingface.co/sentence-transformers/all-MiniLM-L6-v2/resolve/main/config.json "HTTP/1.1 307 Temporary Redirect"
2026-04-01 13:05:16,642 - INFO - httpx - _send_single_request - HTTP Request: HEAD https://huggingface.co/api/resolve-cache/models/sentence-transformers/all-MiniLM-L6-v2/c9745ed1d9f207416be6d2e6f8de32d1f16199bf/config.json "HTTP/1.1 200 OK"
2026-04-01 13:05:16,955 - INFO - httpx - _send_single_request - HTTP Request: HEAD https://huggingface.co/sentence-transformers/all-MiniLM-L6-v2/resolve/main/config.json "HTTP/1.1 307 Temporary Redirect"
2026-04-01 13:05:16,966 - INFO - httpx - _send_single_request - HTTP Request: HEAD https://huggingface.co/api/resolve-cache/models/sentence-transformers/all-MiniLM-L6-v2/c9745ed1d9f207416be6d2e6f8de32d1f16199bf/config.json "HTTP/1.1 200 OK"
2026-04-01 13:05:17,208 - INFO - httpx - _send_single_request - HTTP Request: HEAD https://huggingface.co/sentence-transformers/all-MiniLM-L6-v2/resolve/main/tokenizer_config.json "HTTP/1.1 307 Temporary Redirect"
2026-04-01 13:05:17,216 - INFO - httpx - _send_single_request - HTTP Request: HEAD https://huggingface.co/api/resolve-cache/models/sentence-transformers/all-MiniLM-L6-v2/c9745ed1d9f207416be6d2e6f8de32d1f16199bf/tokenizer_config.json "HTTP/1.1 200 OK"
2026-04-01 13:05:17,459 - INFO - httpx - _send_single_request - HTTP Request: GET https://huggingface.co/api/models/sentence-transformers/all-MiniLM-L6-v2/tree/main/additional_chat_templates?recursive=false&expand=false "HTTP/1.1 404 Not Found"
2026-04-01 13:05:17,694 - INFO - httpx - _send_single_request - HTTP Request: GET https://huggingface.co/api/models/sentence-transformers/all-MiniLM-L6-v2/tree/main?recursive=true&expand=false "HTTP/1.1 200 OK"
2026-04-01 13:05:18,004 - INFO - httpx - _send_single_request - HTTP Request: HEAD https://huggingface.co/sentence-transformers/all-MiniLM-L6-v2/resolve/main/1_Pooling/config.json "HTTP/1.1 307 Temporary Redirect"
2026-04-01 13:05:18,010 - INFO - httpx - _send_single_request - HTTP Request: HEAD https://huggingface.co/api/resolve-cache/models/sentence-transformers/all-MiniLM-L6-v2/c9745ed1d9f207416be6d2e6f8de32d1f16199bf/1_Pooling%2Fconfig.json "HTTP/1.1 200 OK"
2026-04-01 13:05:18,245 - INFO - httpx - _send_single_request - HTTP Request: GET https://huggingface.co/api/models/sentence-transformers/all-MiniLM-L6-v2 "HTTP/1.1 200 OK"
2026-04-01 13:05:18,294 - INFO - chatbot_app - log_requests - Request end: POST /upload - Status 200 - Time 13.847s
2026-04-01 13:05:18,296 - INFO - chatbot_app - log_requests - Request start: POST /upload
2026-04-01 13:05:18,296 - INFO - chatbot_app - log_requests - Request end: POST /upload - Status 200 - Time 0.000s
2026-04-01 13:05:26,218 - INFO - chatbot_app - log_requests - Request start: POST /upload
2026-04-01 13:05:26,229 - INFO - chatbot_app - log_requests - Request end: POST /upload - Status 200 - Time 0.011s
2026-04-01 13:14:53,840 - INFO - chatbot_app - log_requests - Request start: POST /upload
2026-04-01 13:14:53,845 - INFO - chatbot_app - log_requests - Request end: POST /upload - Status 200 - Time 0.005s
2026-04-01 13:18:10,609 - INFO - chatbot_app - log_requests - Request start: POST /upload
2026-04-01 13:18:10,614 - INFO - chatbot_app - log_requests - Request end: POST /upload - Status 200 - Time 0.005s
2026-04-01 13:18:31,228 - INFO - chatbot_app - log_requests - Request start: OPTIONS /chat
2026-04-01 13:18:31,228 - INFO - chatbot_app - log_requests - Request end: OPTIONS /chat - Status 200 - Time 0.000s
2026-04-01 13:18:31,228 - INFO - chatbot_app - log_requests - Request start: POST /chat
2026-04-01 13:18:31,259 - INFO - chatbot_app - log_requests - Request end: POST /chat - Status 200 - Time 0.031s
2026-04-01 13:18:52,462 - INFO - chatbot_app - log_requests - Request start: POST /chat
2026-04-01 13:18:52,672 - INFO - httpx - _send_single_request - HTTP Request: POST https://api.groq.com/openai/v1/chat/completions "HTTP/1.1 200 OK"
2026-04-01 13:18:53,039 - INFO - httpx - _send_single_request - HTTP Request: POST https://api.groq.com/openai/v1/chat/completions "HTTP/1.1 200 OK"
2026-04-01 13:18:53,076 - INFO - chatbot_app - log_requests - Request end: POST /chat - Status 200 - Time 0.614s
2026-04-01 13:25:08,063 - INFO - sentence_transformers.SentenceTransformer - __init__ - Use pytorch device_name: cpu
2026-04-01 13:25:08,063 - INFO - sentence_transformers.SentenceTransformer - __init__ - Load pretrained SentenceTransformer: sentence-transformers/all-MiniLM-L6-v2
2026-04-01 13:25:08,401 - INFO - httpx - _send_single_request - HTTP Request: HEAD https://huggingface.co/sentence-transformers/all-MiniLM-L6-v2/resolve/main/modules.json "HTTP/1.1 307 Temporary Redirect"
2026-04-01 13:25:08,528 - INFO - httpx - _send_single_request - HTTP Request: HEAD https://huggingface.co/api/resolve-cache/models/sentence-transformers/all-MiniLM-L6-v2/c9745ed1d9f207416be6d2e6f8de32d1f16199bf/modules.json "HTTP/1.1 200 OK"
2026-04-01 13:25:08,912 - INFO - httpx - _send_single_request - HTTP Request: HEAD https://huggingface.co/sentence-transformers/all-MiniLM-L6-v2/resolve/main/config_sentence_transformers.json "HTTP/1.1 307 Temporary Redirect"
2026-04-01 13:25:09,043 - INFO - httpx - _send_single_request - HTTP Request: HEAD https://huggingface.co/api/resolve-cache/models/sentence-transformers/all-MiniLM-L6-v2/c9745ed1d9f207416be6d2e6f8de32d1f16199bf/config_sentence_transformers.json "HTTP/1.1 200 OK"
2026-04-01 13:25:09,382 - INFO - httpx - _send_single_request - HTTP Request: HEAD https://huggingface.co/sentence-transformers/all-MiniLM-L6-v2/resolve/main/config_sentence_transformers.json "HTTP/1.1 307 Temporary Redirect"
2026-04-01 13:25:09,526 - INFO - httpx - _send_single_request - HTTP Request: HEAD https://huggingface.co/api/resolve-cache/models/sentence-transformers/all-MiniLM-L6-v2/c9745ed1d9f207416be6d2e6f8de32d1f16199bf/config_sentence_transformers.json "HTTP/1.1 200 OK"
2026-04-01 13:25:09,868 - INFO - httpx - _send_single_request - HTTP Request: HEAD https://huggingface.co/sentence-transformers/all-MiniLM-L6-v2/resolve/main/README.md "HTTP/1.1 307 Temporary Redirect"
2026-04-01 13:25:09,996 - INFO - httpx - _send_single_request - HTTP Request: HEAD https://huggingface.co/api/resolve-cache/models/sentence-transformers/all-MiniLM-L6-v2/c9745ed1d9f207416be6d2e6f8de32d1f16199bf/README.md "HTTP/1.1 200 OK"
2026-04-01 13:25:10,348 - INFO - httpx - _send_single_request - HTTP Request: HEAD https://huggingface.co/sentence-transformers/all-MiniLM-L6-v2/resolve/main/modules.json "HTTP/1.1 307 Temporary Redirect"
2026-04-01 13:25:10,464 - INFO - httpx - _send_single_request - HTTP Request: HEAD https://huggingface.co/api/resolve-cache/models/sentence-transformers/all-MiniLM-L6-v2/c9745ed1d9f207416be6d2e6f8de32d1f16199bf/modules.json "HTTP/1.1 200 OK"
2026-04-01 13:25:10,851 - INFO - httpx - _send_single_request - HTTP Request: HEAD https://huggingface.co/sentence-transformers/all-MiniLM-L6-v2/resolve/main/sentence_bert_config.json "HTTP/1.1 307 Temporary Redirect"
2026-04-01 13:25:10,982 - INFO - httpx - _send_single_request - HTTP Request: HEAD https://huggingface.co/api/resolve-cache/models/sentence-transformers/all-MiniLM-L6-v2/c9745ed1d9f207416be6d2e6f8de32d1f16199bf/sentence_bert_config.json "HTTP/1.1 200 OK"
2026-04-01 13:25:11,338 - INFO - httpx - _send_single_request - HTTP Request: HEAD https://huggingface.co/sentence-transformers/all-MiniLM-L6-v2/resolve/main/adapter_config.json "HTTP/1.1 404 Not Found"
2026-04-01 13:25:11,729 - INFO - httpx - _send_single_request - HTTP Request: HEAD https://huggingface.co/sentence-transformers/all-MiniLM-L6-v2/resolve/main/config.json "HTTP/1.1 307 Temporary Redirect"
2026-04-01 13:25:11,861 - INFO - httpx - _send_single_request - HTTP Request: HEAD https://huggingface.co/api/resolve-cache/models/sentence-transformers/all-MiniLM-L6-v2/c9745ed1d9f207416be6d2e6f8de32d1f16199bf/config.json "HTTP/1.1 200 OK"
2026-04-01 13:25:12,248 - INFO - httpx - _send_single_request - HTTP Request: HEAD https://huggingface.co/sentence-transformers/all-MiniLM-L6-v2/resolve/main/config.json "HTTP/1.1 307 Temporary Redirect"
2026-04-01 13:25:12,384 - INFO - httpx - _send_single_request - HTTP Request: HEAD https://huggingface.co/api/resolve-cache/models/sentence-transformers/all-MiniLM-L6-v2/c9745ed1d9f207416be6d2e6f8de32d1f16199bf/config.json "HTTP/1.1 200 OK"
2026-04-01 13:25:12,735 - INFO - httpx - _send_single_request - HTTP Request: HEAD https://huggingface.co/sentence-transformers/all-MiniLM-L6-v2/resolve/main/tokenizer_config.json "HTTP/1.1 307 Temporary Redirect"
2026-04-01 13:25:12,869 - INFO - httpx - _send_single_request - HTTP Request: HEAD https://huggingface.co/api/resolve-cache/models/sentence-transformers/all-MiniLM-L6-v2/c9745ed1d9f207416be6d2e6f8de32d1f16199bf/tokenizer_config.json "HTTP/1.1 200 OK"
2026-04-01 13:25:13,223 - INFO - httpx - _send_single_request - HTTP Request: GET https://huggingface.co/api/models/sentence-transformers/all-MiniLM-L6-v2/tree/main/additional_chat_templates?recursive=false&expand=false "HTTP/1.1 404 Not Found"
2026-04-01 13:25:13,557 - INFO - httpx - _send_single_request - HTTP Request: GET https://huggingface.co/api/models/sentence-transformers/all-MiniLM-L6-v2/tree/main?recursive=true&expand=false "HTTP/1.1 200 OK"
2026-04-01 13:25:13,983 - INFO - httpx - _send_single_request - HTTP Request: HEAD https://huggingface.co/sentence-transformers/all-MiniLM-L6-v2/resolve/main/1_Pooling/config.json "HTTP/1.1 307 Temporary Redirect"
2026-04-01 13:25:14,104 - INFO - httpx - _send_single_request - HTTP Request: HEAD https://huggingface.co/api/resolve-cache/models/sentence-transformers/all-MiniLM-L6-v2/c9745ed1d9f207416be6d2e6f8de32d1f16199bf/1_Pooling%2Fconfig.json "HTTP/1.1 200 OK"
2026-04-01 13:25:14,447 - INFO - httpx - _send_single_request - HTTP Request: GET https://huggingface.co/api/models/sentence-transformers/all-MiniLM-L6-v2 "HTTP/1.1 200 OK"
2026-04-01 13:26:03,538 - INFO - chatbot_app - log_requests - Request start: POST /upload
2026-04-01 13:26:03,545 - INFO - chatbot_app - log_requests - Request end: POST /upload - Status 200 - Time 0.007s
2026-04-01 13:29:43,224 - INFO - sentence_transformers.SentenceTransformer - __init__ - Use pytorch device_name: cpu
2026-04-01 13:29:43,224 - INFO - sentence_transformers.SentenceTransformer - __init__ - Load pretrained SentenceTransformer: sentence-transformers/all-MiniLM-L6-v2
2026-04-01 13:29:43,519 - INFO - httpx - _send_single_request - HTTP Request: HEAD https://huggingface.co/sentence-transformers/all-MiniLM-L6-v2/resolve/main/modules.json "HTTP/1.1 307 Temporary Redirect"
2026-04-01 13:29:43,785 - INFO - httpx - _send_single_request - HTTP Request: HEAD https://huggingface.co/api/resolve-cache/models/sentence-transformers/all-MiniLM-L6-v2/c9745ed1d9f207416be6d2e6f8de32d1f16199bf/modules.json "HTTP/1.1 200 OK"
2026-04-01 13:29:44,084 - INFO - httpx - _send_single_request - HTTP Request: HEAD https://huggingface.co/sentence-transformers/all-MiniLM-L6-v2/resolve/main/config_sentence_transformers.json "HTTP/1.1 307 Temporary Redirect"
2026-04-01 13:29:44,368 - INFO - httpx - _send_single_request - HTTP Request: HEAD https://huggingface.co/api/resolve-cache/models/sentence-transformers/all-MiniLM-L6-v2/c9745ed1d9f207416be6d2e6f8de32d1f16199bf/config_sentence_transformers.json "HTTP/1.1 200 OK"
2026-04-01 13:29:44,655 - INFO - httpx - _send_single_request - HTTP Request: HEAD https://huggingface.co/sentence-transformers/all-MiniLM-L6-v2/resolve/main/config_sentence_transformers.json "HTTP/1.1 307 Temporary Redirect"
2026-04-01 13:29:44,930 - INFO - httpx - _send_single_request - HTTP Request: HEAD https://huggingface.co/api/resolve-cache/models/sentence-transformers/all-MiniLM-L6-v2/c9745ed1d9f207416be6d2e6f8de32d1f16199bf/config_sentence_transformers.json "HTTP/1.1 200 OK"
2026-04-01 13:29:45,221 - INFO - httpx - _send_single_request - HTTP Request: HEAD https://huggingface.co/sentence-transformers/all-MiniLM-L6-v2/resolve/main/README.md "HTTP/1.1 307 Temporary Redirect"
2026-04-01 13:29:45,500 - INFO - httpx - _send_single_request - HTTP Request: HEAD https://huggingface.co/api/resolve-cache/models/sentence-transformers/all-MiniLM-L6-v2/c9745ed1d9f207416be6d2e6f8de32d1f16199bf/README.md "HTTP/1.1 200 OK"
2026-04-01 13:29:45,783 - INFO - httpx - _send_single_request - HTTP Request: HEAD https://huggingface.co/sentence-transformers/all-MiniLM-L6-v2/resolve/main/modules.json "HTTP/1.1 307 Temporary Redirect"
2026-04-01 13:29:46,050 - INFO - httpx - _send_single_request - HTTP Request: HEAD https://huggingface.co/api/resolve-cache/models/sentence-transformers/all-MiniLM-L6-v2/c9745ed1d9f207416be6d2e6f8de32d1f16199bf/modules.json "HTTP/1.1 200 OK"
2026-04-01 13:29:46,366 - INFO - httpx - _send_single_request - HTTP Request: HEAD https://huggingface.co/sentence-transformers/all-MiniLM-L6-v2/resolve/main/sentence_bert_config.json "HTTP/1.1 307 Temporary Redirect"
2026-04-01 13:29:46,649 - INFO - httpx - _send_single_request - HTTP Request: HEAD https://huggingface.co/api/resolve-cache/models/sentence-transformers/all-MiniLM-L6-v2/c9745ed1d9f207416be6d2e6f8de32d1f16199bf/sentence_bert_config.json "HTTP/1.1 200 OK"
2026-04-01 13:29:46,926 - INFO - httpx - _send_single_request - HTTP Request: HEAD https://huggingface.co/sentence-transformers/all-MiniLM-L6-v2/resolve/main/adapter_config.json "HTTP/1.1 404 Not Found"
2026-04-01 13:29:47,224 - INFO - httpx - _send_single_request - HTTP Request: HEAD https://huggingface.co/sentence-transformers/all-MiniLM-L6-v2/resolve/main/config.json "HTTP/1.1 307 Temporary Redirect"
2026-04-01 13:29:47,492 - INFO - httpx - _send_single_request - HTTP Request: HEAD https://huggingface.co/api/resolve-cache/models/sentence-transformers/all-MiniLM-L6-v2/c9745ed1d9f207416be6d2e6f8de32d1f16199bf/config.json "HTTP/1.1 200 OK"
2026-04-01 13:29:47,828 - INFO - httpx - _send_single_request - HTTP Request: HEAD https://huggingface.co/sentence-transformers/all-MiniLM-L6-v2/resolve/main/config.json "HTTP/1.1 307 Temporary Redirect"
2026-04-01 13:29:48,110 - INFO - httpx - _send_single_request - HTTP Request: HEAD https://huggingface.co/api/resolve-cache/models/sentence-transformers/all-MiniLM-L6-v2/c9745ed1d9f207416be6d2e6f8de32d1f16199bf/config.json "HTTP/1.1 200 OK"
2026-04-01 13:29:48,393 - INFO - httpx - _send_single_request - HTTP Request: HEAD https://huggingface.co/sentence-transformers/all-MiniLM-L6-v2/resolve/main/tokenizer_config.json "HTTP/1.1 307 Temporary Redirect"
2026-04-01 13:29:48,669 - INFO - httpx - _send_single_request - HTTP Request: HEAD https://huggingface.co/api/resolve-cache/models/sentence-transformers/all-MiniLM-L6-v2/c9745ed1d9f207416be6d2e6f8de32d1f16199bf/tokenizer_config.json "HTTP/1.1 200 OK"
2026-04-01 13:29:48,968 - INFO - httpx - _send_single_request - HTTP Request: GET https://huggingface.co/api/models/sentence-transformers/all-MiniLM-L6-v2/tree/main/additional_chat_templates?recursive=false&expand=false "HTTP/1.1 404 Not Found"
2026-04-01 13:29:49,251 - INFO - httpx - _send_single_request - HTTP Request: GET https://huggingface.co/api/models/sentence-transformers/all-MiniLM-L6-v2/tree/main?recursive=true&expand=false "HTTP/1.1 200 OK"
2026-04-01 13:29:49,620 - INFO - httpx - _send_single_request - HTTP Request: HEAD https://huggingface.co/sentence-transformers/all-MiniLM-L6-v2/resolve/main/1_Pooling/config.json "HTTP/1.1 307 Temporary Redirect"
2026-04-01 13:29:49,891 - INFO - httpx - _send_single_request - HTTP Request: HEAD https://huggingface.co/api/resolve-cache/models/sentence-transformers/all-MiniLM-L6-v2/c9745ed1d9f207416be6d2e6f8de32d1f16199bf/1_Pooling%2Fconfig.json "HTTP/1.1 200 OK"
2026-04-01 13:29:50,195 - INFO - httpx - _send_single_request - HTTP Request: GET https://huggingface.co/api/models/sentence-transformers/all-MiniLM-L6-v2 "HTTP/1.1 200 OK"
2026-04-01 13:31:21,308 - INFO - chatbot_app - log_requests - Request start: POST /upload
2026-04-01 13:31:24,007 - INFO - sentence_transformers.SentenceTransformer - __init__ - Use pytorch device_name: cpu
2026-04-01 13:31:24,007 - INFO - sentence_transformers.SentenceTransformer - __init__ - Load pretrained SentenceTransformer: sentence-transformers/all-MiniLM-L6-v2
2026-04-01 13:31:24,908 - INFO - httpx - _send_single_request - HTTP Request: HEAD https://huggingface.co/sentence-transformers/all-MiniLM-L6-v2/resolve/main/modules.json "HTTP/1.1 307 Temporary Redirect"
2026-04-01 13:31:25,042 - INFO - httpx - _send_single_request - HTTP Request: HEAD https://huggingface.co/api/resolve-cache/models/sentence-transformers/all-MiniLM-L6-v2/c9745ed1d9f207416be6d2e6f8de32d1f16199bf/modules.json "HTTP/1.1 200 OK"
2026-04-01 13:31:25,395 - INFO - httpx - _send_single_request - HTTP Request: HEAD https://huggingface.co/sentence-transformers/all-MiniLM-L6-v2/resolve/main/config_sentence_transformers.json "HTTP/1.1 307 Temporary Redirect"
2026-04-01 13:31:25,524 - INFO - httpx - _send_single_request - HTTP Request: HEAD https://huggingface.co/api/resolve-cache/models/sentence-transformers/all-MiniLM-L6-v2/c9745ed1d9f207416be6d2e6f8de32d1f16199bf/config_sentence_transformers.json "HTTP/1.1 200 OK"
2026-04-01 13:31:25,868 - INFO - httpx - _send_single_request - HTTP Request: HEAD https://huggingface.co/sentence-transformers/all-MiniLM-L6-v2/resolve/main/config_sentence_transformers.json "HTTP/1.1 307 Temporary Redirect"
2026-04-01 13:31:25,998 - INFO - httpx - _send_single_request - HTTP Request: HEAD https://huggingface.co/api/resolve-cache/models/sentence-transformers/all-MiniLM-L6-v2/c9745ed1d9f207416be6d2e6f8de32d1f16199bf/config_sentence_transformers.json "HTTP/1.1 200 OK"
2026-04-01 13:31:26,341 - INFO - httpx - _send_single_request - HTTP Request: HEAD https://huggingface.co/sentence-transformers/all-MiniLM-L6-v2/resolve/main/README.md "HTTP/1.1 307 Temporary Redirect"
2026-04-01 13:31:26,471 - INFO - httpx - _send_single_request - HTTP Request: HEAD https://huggingface.co/api/resolve-cache/models/sentence-transformers/all-MiniLM-L6-v2/c9745ed1d9f207416be6d2e6f8de32d1f16199bf/README.md "HTTP/1.1 200 OK"
2026-04-01 13:31:26,811 - INFO - httpx - _send_single_request - HTTP Request: HEAD https://huggingface.co/sentence-transformers/all-MiniLM-L6-v2/resolve/main/modules.json "HTTP/1.1 307 Temporary Redirect"
2026-04-01 13:31:26,939 - INFO - httpx - _send_single_request - HTTP Request: HEAD https://huggingface.co/api/resolve-cache/models/sentence-transformers/all-MiniLM-L6-v2/c9745ed1d9f207416be6d2e6f8de32d1f16199bf/modules.json "HTTP/1.1 200 OK"
2026-04-01 13:31:27,288 - INFO - httpx - _send_single_request - HTTP Request: HEAD https://huggingface.co/sentence-transformers/all-MiniLM-L6-v2/resolve/main/sentence_bert_config.json "HTTP/1.1 307 Temporary Redirect"
2026-04-01 13:31:27,417 - INFO - httpx - _send_single_request - HTTP Request: HEAD https://huggingface.co/api/resolve-cache/models/sentence-transformers/all-MiniLM-L6-v2/c9745ed1d9f207416be6d2e6f8de32d1f16199bf/sentence_bert_config.json "HTTP/1.1 200 OK"
2026-04-01 13:31:27,772 - INFO - httpx - _send_single_request - HTTP Request: HEAD https://huggingface.co/sentence-transformers/all-MiniLM-L6-v2/resolve/main/adapter_config.json "HTTP/1.1 404 Not Found"
2026-04-01 13:31:28,120 - INFO - httpx - _send_single_request - HTTP Request: HEAD https://huggingface.co/sentence-transformers/all-MiniLM-L6-v2/resolve/main/config.json "HTTP/1.1 307 Temporary Redirect"
2026-04-01 13:31:28,251 - INFO - httpx - _send_single_request - HTTP Request: HEAD https://huggingface.co/api/resolve-cache/models/sentence-transformers/all-MiniLM-L6-v2/c9745ed1d9f207416be6d2e6f8de32d1f16199bf/config.json "HTTP/1.1 200 OK"
2026-04-01 13:31:28,662 - INFO - httpx - _send_single_request - HTTP Request: HEAD https://huggingface.co/sentence-transformers/all-MiniLM-L6-v2/resolve/main/config.json "HTTP/1.1 307 Temporary Redirect"
2026-04-01 13:31:28,792 - INFO - httpx - _send_single_request - HTTP Request: HEAD https://huggingface.co/api/resolve-cache/models/sentence-transformers/all-MiniLM-L6-v2/c9745ed1d9f207416be6d2e6f8de32d1f16199bf/config.json "HTTP/1.1 200 OK"
2026-04-01 13:31:29,147 - INFO - httpx - _send_single_request - HTTP Request: HEAD https://huggingface.co/sentence-transformers/all-MiniLM-L6-v2/resolve/main/tokenizer_config.json "HTTP/1.1 307 Temporary Redirect"
2026-04-01 13:31:29,275 - INFO - httpx - _send_single_request - HTTP Request: HEAD https://huggingface.co/api/resolve-cache/models/sentence-transformers/all-MiniLM-L6-v2/c9745ed1d9f207416be6d2e6f8de32d1f16199bf/tokenizer_config.json "HTTP/1.1 200 OK"
2026-04-01 13:31:29,624 - INFO - httpx - _send_single_request - HTTP Request: GET https://huggingface.co/api/models/sentence-transformers/all-MiniLM-L6-v2/tree/main/additional_chat_templates?recursive=false&expand=false "HTTP/1.1 404 Not Found"
2026-04-01 13:31:29,976 - INFO - httpx - _send_single_request - HTTP Request: GET https://huggingface.co/api/models/sentence-transformers/all-MiniLM-L6-v2/tree/main?recursive=true&expand=false "HTTP/1.1 200 OK"
2026-04-01 13:31:30,402 - INFO - httpx - _send_single_request - HTTP Request: HEAD https://huggingface.co/sentence-transformers/all-MiniLM-L6-v2/resolve/main/1_Pooling/config.json "HTTP/1.1 307 Temporary Redirect"
2026-04-01 13:31:30,519 - INFO - httpx - _send_single_request - HTTP Request: HEAD https://huggingface.co/api/resolve-cache/models/sentence-transformers/all-MiniLM-L6-v2/c9745ed1d9f207416be6d2e6f8de32d1f16199bf/1_Pooling%2Fconfig.json "HTTP/1.1 200 OK"
2026-04-01 13:31:30,883 - INFO - httpx - _send_single_request - HTTP Request: GET https://huggingface.co/api/models/sentence-transformers/all-MiniLM-L6-v2 "HTTP/1.1 200 OK"
2026-04-01 13:31:32,935 - INFO - faiss.loader - <module> - Loading faiss with AVX2 support.
2026-04-01 13:31:32,960 - INFO - faiss.loader - <module> - Successfully loaded faiss with AVX2 support.
2026-04-01 13:31:32,977 - INFO - sentence_transformers.SentenceTransformer - __init__ - Use pytorch device_name: cpu
2026-04-01 13:31:32,977 - INFO - sentence_transformers.SentenceTransformer - __init__ - Load pretrained SentenceTransformer: sentence-transformers/all-MiniLM-L6-v2
2026-04-01 13:31:33,318 - INFO - httpx - _send_single_request - HTTP Request: HEAD https://huggingface.co/sentence-transformers/all-MiniLM-L6-v2/resolve/main/modules.json "HTTP/1.1 307 Temporary Redirect"
2026-04-01 13:31:33,450 - INFO - httpx - _send_single_request - HTTP Request: HEAD https://huggingface.co/api/resolve-cache/models/sentence-transformers/all-MiniLM-L6-v2/c9745ed1d9f207416be6d2e6f8de32d1f16199bf/modules.json "HTTP/1.1 200 OK"
2026-04-01 13:31:33,801 - INFO - httpx - _send_single_request - HTTP Request: HEAD https://huggingface.co/sentence-transformers/all-MiniLM-L6-v2/resolve/main/config_sentence_transformers.json "HTTP/1.1 307 Temporary Redirect"
2026-04-01 13:31:33,942 - INFO - httpx - _send_single_request - HTTP Request: HEAD https://huggingface.co/api/resolve-cache/models/sentence-transformers/all-MiniLM-L6-v2/c9745ed1d9f207416be6d2e6f8de32d1f16199bf/config_sentence_transformers.json "HTTP/1.1 200 OK"
2026-04-01 13:31:34,285 - INFO - httpx - _send_single_request - HTTP Request: HEAD https://huggingface.co/sentence-transformers/all-MiniLM-L6-v2/resolve/main/config_sentence_transformers.json "HTTP/1.1 307 Temporary Redirect"
2026-04-01 13:31:34,409 - INFO - httpx - _send_single_request - HTTP Request: HEAD https://huggingface.co/api/resolve-cache/models/sentence-transformers/all-MiniLM-L6-v2/c9745ed1d9f207416be6d2e6f8de32d1f16199bf/config_sentence_transformers.json "HTTP/1.1 200 OK"
2026-04-01 13:31:34,762 - INFO - httpx - _send_single_request - HTTP Request: HEAD https://huggingface.co/sentence-transformers/all-MiniLM-L6-v2/resolve/main/README.md "HTTP/1.1 307 Temporary Redirect"
2026-04-01 13:31:34,915 - INFO - httpx - _send_single_request - HTTP Request: HEAD https://huggingface.co/api/resolve-cache/models/sentence-transformers/all-MiniLM-L6-v2/c9745ed1d9f207416be6d2e6f8de32d1f16199bf/README.md "HTTP/1.1 200 OK"
2026-04-01 13:31:35,256 - INFO - httpx - _send_single_request - HTTP Request: HEAD https://huggingface.co/sentence-transformers/all-MiniLM-L6-v2/resolve/main/modules.json "HTTP/1.1 307 Temporary Redirect"
2026-04-01 13:31:35,388 - INFO - httpx - _send_single_request - HTTP Request: HEAD https://huggingface.co/api/resolve-cache/models/sentence-transformers/all-MiniLM-L6-v2/c9745ed1d9f207416be6d2e6f8de32d1f16199bf/modules.json "HTTP/1.1 200 OK"
2026-04-01 13:31:35,742 - INFO - httpx - _send_single_request - HTTP Request: HEAD https://huggingface.co/sentence-transformers/all-MiniLM-L6-v2/resolve/main/sentence_bert_config.json "HTTP/1.1 307 Temporary Redirect"
2026-04-01 13:31:35,870 - INFO - httpx - _send_single_request - HTTP Request: HEAD https://huggingface.co/api/resolve-cache/models/sentence-transformers/all-MiniLM-L6-v2/c9745ed1d9f207416be6d2e6f8de32d1f16199bf/sentence_bert_config.json "HTTP/1.1 200 OK"
2026-04-01 13:31:36,226 - INFO - httpx - _send_single_request - HTTP Request: HEAD https://huggingface.co/sentence-transformers/all-MiniLM-L6-v2/resolve/main/adapter_config.json "HTTP/1.1 404 Not Found"
2026-04-01 13:31:36,565 - INFO - httpx - _send_single_request - HTTP Request: HEAD https://huggingface.co/sentence-transformers/all-MiniLM-L6-v2/resolve/main/config.json "HTTP/1.1 307 Temporary Redirect"
2026-04-01 13:31:36,706 - INFO - httpx - _send_single_request - HTTP Request: HEAD https://huggingface.co/api/resolve-cache/models/sentence-transformers/all-MiniLM-L6-v2/c9745ed1d9f207416be6d2e6f8de32d1f16199bf/config.json "HTTP/1.1 200 OK"
2026-04-01 13:31:37,126 - INFO - httpx - _send_single_request - HTTP Request: HEAD https://huggingface.co/sentence-transformers/all-MiniLM-L6-v2/resolve/main/config.json "HTTP/1.1 307 Temporary Redirect"
2026-04-01 13:31:37,258 - INFO - httpx - _send_single_request - HTTP Request: HEAD https://huggingface.co/api/resolve-cache/models/sentence-transformers/all-MiniLM-L6-v2/c9745ed1d9f207416be6d2e6f8de32d1f16199bf/config.json "HTTP/1.1 200 OK"
2026-04-01 13:31:37,617 - INFO - httpx - _send_single_request - HTTP Request: HEAD https://huggingface.co/sentence-transformers/all-MiniLM-L6-v2/resolve/main/tokenizer_config.json "HTTP/1.1 307 Temporary Redirect"
2026-04-01 13:31:37,754 - INFO - httpx - _send_single_request - HTTP Request: HEAD https://huggingface.co/api/resolve-cache/models/sentence-transformers/all-MiniLM-L6-v2/c9745ed1d9f207416be6d2e6f8de32d1f16199bf/tokenizer_config.json "HTTP/1.1 200 OK"
2026-04-01 13:31:38,099 - INFO - httpx - _send_single_request - HTTP Request: GET https://huggingface.co/api/models/sentence-transformers/all-MiniLM-L6-v2/tree/main/additional_chat_templates?recursive=false&expand=false "HTTP/1.1 404 Not Found"
2026-04-01 13:31:38,460 - INFO - httpx - _send_single_request - HTTP Request: GET https://huggingface.co/api/models/sentence-transformers/all-MiniLM-L6-v2/tree/main?recursive=true&expand=false "HTTP/1.1 200 OK"
2026-04-01 13:31:38,879 - INFO - httpx - _send_single_request - HTTP Request: HEAD https://huggingface.co/sentence-transformers/all-MiniLM-L6-v2/resolve/main/1_Pooling/config.json "HTTP/1.1 307 Temporary Redirect"
2026-04-01 13:31:39,007 - INFO - httpx - _send_single_request - HTTP Request: HEAD https://huggingface.co/api/resolve-cache/models/sentence-transformers/all-MiniLM-L6-v2/c9745ed1d9f207416be6d2e6f8de32d1f16199bf/1_Pooling%2Fconfig.json "HTTP/1.1 200 OK"
2026-04-01 13:31:39,363 - INFO - httpx - _send_single_request - HTTP Request: GET https://huggingface.co/api/models/sentence-transformers/all-MiniLM-L6-v2 "HTTP/1.1 200 OK"
2026-04-01 13:31:39,601 - INFO - chatbot_app - log_requests - Request end: POST /upload - Status 200 - Time 18.292s
2026-04-01 15:10:34,872 - INFO - chatbot_app - log_requests - Request start: OPTIONS /chat
2026-04-01 15:10:34,872 - INFO - chatbot_app - log_requests - Request end: OPTIONS /chat - Status 200 - Time 0.000s
2026-04-01 15:10:34,883 - INFO - chatbot_app - log_requests - Request start: POST /chat
2026-04-01 15:10:35,450 - INFO - httpx - _send_single_request - HTTP Request: POST https://api.groq.com/openai/v1/chat/completions "HTTP/1.1 200 OK"
2026-04-01 15:10:35,503 - INFO - chatbot_app - log_requests - Request end: POST /chat - Status 200 - Time 0.620s
2026-04-01 15:32:04,005 - INFO - chatbot_app - log_requests - Request start: OPTIONS /chat
2026-04-01 15:32:04,006 - INFO - chatbot_app - log_requests - Request end: OPTIONS /chat - Status 200 - Time 0.001s
2026-04-01 15:32:04,012 - INFO - chatbot_app - log_requests - Request start: POST /chat
2026-04-01 15:32:04,251 - INFO - httpx - _send_single_request - HTTP Request: POST https://api.groq.com/openai/v1/chat/completions "HTTP/1.1 200 OK"
2026-04-01 15:32:04,575 - INFO - httpx - _send_single_request - HTTP Request: POST https://api.groq.com/openai/v1/chat/completions "HTTP/1.1 200 OK"
2026-04-01 15:32:04,601 - INFO - chatbot_app - log_requests - Request end: POST /chat - Status 200 - Time 0.589s
2026-04-01 15:45:28,262 - INFO - chatbot_app - log_requests - Request start: OPTIONS /chat
2026-04-01 15:45:28,262 - INFO - chatbot_app - log_requests - Request end: OPTIONS /chat - Status 200 - Time 0.000s
2026-04-01 15:45:28,262 - INFO - chatbot_app - log_requests - Request start: POST /chat
2026-04-01 15:45:28,289 - INFO - chatbot_app - log_requests - Request end: POST /chat - Status 200 - Time 0.028s
2026-04-01 15:45:53,887 - INFO - chatbot_app - log_requests - Request start: POST /chat
2026-04-01 15:45:53,903 - INFO - chatbot_app - log_requests - Request end: POST /chat - Status 200 - Time 0.016s
2026-04-01 15:46:04,776 - INFO - chatbot_app - log_requests - Request start: POST /chat
2026-04-01 15:46:04,965 - INFO - httpx - _send_single_request - HTTP Request: POST https://api.groq.com/openai/v1/chat/completions "HTTP/1.1 200 OK"
2026-04-01 15:46:05,370 - INFO - httpx - _send_single_request - HTTP Request: POST https://api.groq.com/openai/v1/chat/completions "HTTP/1.1 200 OK"
2026-04-01 15:46:05,396 - INFO - chatbot_app - log_requests - Request end: POST /chat - Status 200 - Time 0.620s
2026-04-01 16:01:44,898 - INFO - chatbot_app - log_requests - Request start: OPTIONS /chat
2026-04-01 16:01:44,899 - INFO - chatbot_app - log_requests - Request end: OPTIONS /chat - Status 200 - Time 0.001s
2026-04-01 16:01:44,905 - INFO - chatbot_app - log_requests - Request start: POST /chat
2026-04-01 16:01:44,927 - INFO - chatbot_app - log_requests - Request end: POST /chat - Status 200 - Time 0.021s
2026-04-01 16:23:48,664 - INFO - chatbot_app - log_requests - Request start: OPTIONS /chat
2026-04-01 16:23:48,664 - INFO - chatbot_app - log_requests - Request end: OPTIONS /chat - Status 200 - Time 0.000s
2026-04-01 16:23:48,664 - INFO - chatbot_app - log_requests - Request start: POST /chat
2026-04-01 16:23:48,693 - INFO - chatbot_app - log_requests - Request end: POST /chat - Status 200 - Time 0.029s
2026-04-01 16:31:29,808 - INFO - chatbot_app - log_requests - Request start: POST /chat
2026-04-01 16:31:29,822 - INFO - chatbot_app - log_requests - Request end: POST /chat - Status 200 - Time 0.014s
2026-04-01 16:31:38,302 - INFO - chatbot_app - log_requests - Request start: POST /chat
2026-04-01 16:31:38,727 - INFO - httpx - _send_single_request - HTTP Request: POST https://api.groq.com/openai/v1/chat/completions "HTTP/1.1 200 OK"
2026-04-01 16:31:39,065 - INFO - httpx - _send_single_request - HTTP Request: POST https://api.groq.com/openai/v1/chat/completions "HTTP/1.1 200 OK"
2026-04-01 16:31:39,093 - INFO - chatbot_app - log_requests - Request end: POST /chat - Status 200 - Time 0.789s
2026-04-01 16:34:04,741 - INFO - chatbot_app - log_requests - Request start: OPTIONS /chat
2026-04-01 16:34:04,741 - INFO - chatbot_app - log_requests - Request end: OPTIONS /chat - Status 200 - Time 0.000s
2026-04-01 16:34:04,749 - INFO - chatbot_app - log_requests - Request start: POST /chat
2026-04-01 16:34:05,010 - INFO - httpx - _send_single_request - HTTP Request: POST https://api.groq.com/openai/v1/chat/completions "HTTP/1.1 200 OK"
2026-04-01 16:34:05,519 - INFO - httpx - _send_single_request - HTTP Request: POST https://api.groq.com/openai/v1/chat/completions "HTTP/1.1 200 OK"
2026-04-01 16:34:05,544 - INFO - chatbot_app - log_requests - Request end: POST /chat - Status 200 - Time 0.795s
2026-04-01 16:40:14,219 - INFO - chatbot_app - log_requests - Request start: POST /upload
2026-04-01 16:40:17,099 - INFO - sentence_transformers.SentenceTransformer - __init__ - Use pytorch device_name: cpu
2026-04-01 16:40:17,099 - INFO - sentence_transformers.SentenceTransformer - __init__ - Load pretrained SentenceTransformer: sentence-transformers/all-MiniLM-L6-v2
2026-04-01 16:40:17,691 - INFO - httpx - _send_single_request - HTTP Request: HEAD https://huggingface.co/sentence-transformers/all-MiniLM-L6-v2/resolve/main/modules.json "HTTP/1.1 307 Temporary Redirect"
2026-04-01 16:40:17,810 - INFO - httpx - _send_single_request - HTTP Request: HEAD https://huggingface.co/api/resolve-cache/models/sentence-transformers/all-MiniLM-L6-v2/c9745ed1d9f207416be6d2e6f8de32d1f16199bf/modules.json "HTTP/1.1 200 OK"
2026-04-01 16:40:18,152 - INFO - httpx - _send_single_request - HTTP Request: HEAD https://huggingface.co/sentence-transformers/all-MiniLM-L6-v2/resolve/main/config_sentence_transformers.json "HTTP/1.1 307 Temporary Redirect"
2026-04-01 16:40:18,268 - INFO - httpx - _send_single_request - HTTP Request: HEAD https://huggingface.co/api/resolve-cache/models/sentence-transformers/all-MiniLM-L6-v2/c9745ed1d9f207416be6d2e6f8de32d1f16199bf/config_sentence_transformers.json "HTTP/1.1 200 OK"
2026-04-01 16:40:18,601 - INFO - httpx - _send_single_request - HTTP Request: HEAD https://huggingface.co/sentence-transformers/all-MiniLM-L6-v2/resolve/main/config_sentence_transformers.json "HTTP/1.1 307 Temporary Redirect"
2026-04-01 16:40:18,730 - INFO - httpx - _send_single_request - HTTP Request: HEAD https://huggingface.co/api/resolve-cache/models/sentence-transformers/all-MiniLM-L6-v2/c9745ed1d9f207416be6d2e6f8de32d1f16199bf/config_sentence_transformers.json "HTTP/1.1 200 OK"
2026-04-01 16:40:19,063 - INFO - httpx - _send_single_request - HTTP Request: HEAD https://huggingface.co/sentence-transformers/all-MiniLM-L6-v2/resolve/main/README.md "HTTP/1.1 307 Temporary Redirect"
2026-04-01 16:40:19,179 - INFO - httpx - _send_single_request - HTTP Request: HEAD https://huggingface.co/api/resolve-cache/models/sentence-transformers/all-MiniLM-L6-v2/c9745ed1d9f207416be6d2e6f8de32d1f16199bf/README.md "HTTP/1.1 200 OK"
2026-04-01 16:40:19,506 - INFO - httpx - _send_single_request - HTTP Request: HEAD https://huggingface.co/sentence-transformers/all-MiniLM-L6-v2/resolve/main/modules.json "HTTP/1.1 307 Temporary Redirect"
2026-04-01 16:40:19,615 - INFO - httpx - _send_single_request - HTTP Request: HEAD https://huggingface.co/api/resolve-cache/models/sentence-transformers/all-MiniLM-L6-v2/c9745ed1d9f207416be6d2e6f8de32d1f16199bf/modules.json "HTTP/1.1 200 OK"
2026-04-01 16:40:19,944 - INFO - httpx - _send_single_request - HTTP Request: HEAD https://huggingface.co/sentence-transformers/all-MiniLM-L6-v2/resolve/main/sentence_bert_config.json "HTTP/1.1 307 Temporary Redirect"
2026-04-01 16:40:20,054 - INFO - httpx - _send_single_request - HTTP Request: HEAD https://huggingface.co/api/resolve-cache/models/sentence-transformers/all-MiniLM-L6-v2/c9745ed1d9f207416be6d2e6f8de32d1f16199bf/sentence_bert_config.json "HTTP/1.1 200 OK"
2026-04-01 16:40:20,413 - INFO - httpx - _send_single_request - HTTP Request: HEAD https://huggingface.co/sentence-transformers/all-MiniLM-L6-v2/resolve/main/adapter_config.json "HTTP/1.1 404 Not Found"
2026-04-01 16:40:20,742 - INFO - httpx - _send_single_request - HTTP Request: HEAD https://huggingface.co/sentence-transformers/all-MiniLM-L6-v2/resolve/main/config.json "HTTP/1.1 307 Temporary Redirect"
2026-04-01 16:40:20,850 - INFO - httpx - _send_single_request - HTTP Request: HEAD https://huggingface.co/api/resolve-cache/models/sentence-transformers/all-MiniLM-L6-v2/c9745ed1d9f207416be6d2e6f8de32d1f16199bf/config.json "HTTP/1.1 200 OK"
2026-04-01 16:40:21,256 - INFO - httpx - _send_single_request - HTTP Request: HEAD https://huggingface.co/sentence-transformers/all-MiniLM-L6-v2/resolve/main/config.json "HTTP/1.1 307 Temporary Redirect"
2026-04-01 16:40:21,383 - INFO - httpx - _send_single_request - HTTP Request: HEAD https://huggingface.co/api/resolve-cache/models/sentence-transformers/all-MiniLM-L6-v2/c9745ed1d9f207416be6d2e6f8de32d1f16199bf/config.json "HTTP/1.1 200 OK"
2026-04-01 16:40:21,723 - INFO - httpx - _send_single_request - HTTP Request: HEAD https://huggingface.co/sentence-transformers/all-MiniLM-L6-v2/resolve/main/tokenizer_config.json "HTTP/1.1 307 Temporary Redirect"
2026-04-01 16:40:21,834 - INFO - httpx - _send_single_request - HTTP Request: HEAD https://huggingface.co/api/resolve-cache/models/sentence-transformers/all-MiniLM-L6-v2/c9745ed1d9f207416be6d2e6f8de32d1f16199bf/tokenizer_config.json "HTTP/1.1 200 OK"
2026-04-01 16:40:22,182 - INFO - httpx - _send_single_request - HTTP Request: GET https://huggingface.co/api/models/sentence-transformers/all-MiniLM-L6-v2/tree/main/additional_chat_templates?recursive=false&expand=false "HTTP/1.1 404 Not Found"
2026-04-01 16:40:22,523 - INFO - httpx - _send_single_request - HTTP Request: GET https://huggingface.co/api/models/sentence-transformers/all-MiniLM-L6-v2/tree/main?recursive=true&expand=false "HTTP/1.1 200 OK"
2026-04-01 16:40:22,945 - INFO - httpx - _send_single_request - HTTP Request: HEAD https://huggingface.co/sentence-transformers/all-MiniLM-L6-v2/resolve/main/1_Pooling/config.json "HTTP/1.1 307 Temporary Redirect"
2026-04-01 16:40:23,054 - INFO - httpx - _send_single_request - HTTP Request: HEAD https://huggingface.co/api/resolve-cache/models/sentence-transformers/all-MiniLM-L6-v2/c9745ed1d9f207416be6d2e6f8de32d1f16199bf/1_Pooling%2Fconfig.json "HTTP/1.1 200 OK"
2026-04-01 16:40:23,399 - INFO - httpx - _send_single_request - HTTP Request: GET https://huggingface.co/api/models/sentence-transformers/all-MiniLM-L6-v2 "HTTP/1.1 200 OK"
2026-04-01 16:40:25,961 - INFO - sentence_transformers.SentenceTransformer - __init__ - Use pytorch device_name: cpu
2026-04-01 16:40:25,963 - INFO - sentence_transformers.SentenceTransformer - __init__ - Load pretrained SentenceTransformer: sentence-transformers/all-MiniLM-L6-v2
2026-04-01 16:40:26,289 - INFO - httpx - _send_single_request - HTTP Request: HEAD https://huggingface.co/sentence-transformers/all-MiniLM-L6-v2/resolve/main/modules.json "HTTP/1.1 307 Temporary Redirect"
2026-04-01 16:40:26,414 - INFO - httpx - _send_single_request - HTTP Request: HEAD https://huggingface.co/api/resolve-cache/models/sentence-transformers/all-MiniLM-L6-v2/c9745ed1d9f207416be6d2e6f8de32d1f16199bf/modules.json "HTTP/1.1 200 OK"
2026-04-01 16:40:26,726 - INFO - httpx - _send_single_request - HTTP Request: HEAD https://huggingface.co/sentence-transformers/all-MiniLM-L6-v2/resolve/main/config_sentence_transformers.json "HTTP/1.1 307 Temporary Redirect"
2026-04-01 16:40:26,836 - INFO - httpx - _send_single_request - HTTP Request: HEAD https://huggingface.co/api/resolve-cache/models/sentence-transformers/all-MiniLM-L6-v2/c9745ed1d9f207416be6d2e6f8de32d1f16199bf/config_sentence_transformers.json "HTTP/1.1 200 OK"
2026-04-01 16:40:27,180 - INFO - httpx - _send_single_request - HTTP Request: HEAD https://huggingface.co/sentence-transformers/all-MiniLM-L6-v2/resolve/main/config_sentence_transformers.json "HTTP/1.1 307 Temporary Redirect"
2026-04-01 16:40:27,294 - INFO - httpx - _send_single_request - HTTP Request: HEAD https://huggingface.co/api/resolve-cache/models/sentence-transformers/all-MiniLM-L6-v2/c9745ed1d9f207416be6d2e6f8de32d1f16199bf/config_sentence_transformers.json "HTTP/1.1 200 OK"
2026-04-01 16:40:27,640 - INFO - httpx - _send_single_request - HTTP Request: HEAD https://huggingface.co/sentence-transformers/all-MiniLM-L6-v2/resolve/main/README.md "HTTP/1.1 307 Temporary Redirect"
2026-04-01 16:40:27,757 - INFO - httpx - _send_single_request - HTTP Request: HEAD https://huggingface.co/api/resolve-cache/models/sentence-transformers/all-MiniLM-L6-v2/c9745ed1d9f207416be6d2e6f8de32d1f16199bf/README.md "HTTP/1.1 200 OK"
2026-04-01 16:40:28,090 - INFO - httpx - _send_single_request - HTTP Request: HEAD https://huggingface.co/sentence-transformers/all-MiniLM-L6-v2/resolve/main/modules.json "HTTP/1.1 307 Temporary Redirect"
2026-04-01 16:40:28,206 - INFO - httpx - _send_single_request - HTTP Request: HEAD https://huggingface.co/api/resolve-cache/models/sentence-transformers/all-MiniLM-L6-v2/c9745ed1d9f207416be6d2e6f8de32d1f16199bf/modules.json "HTTP/1.1 200 OK"
2026-04-01 16:40:28,533 - INFO - httpx - _send_single_request - HTTP Request: HEAD https://huggingface.co/sentence-transformers/all-MiniLM-L6-v2/resolve/main/sentence_bert_config.json "HTTP/1.1 307 Temporary Redirect"
2026-04-01 16:40:28,641 - INFO - httpx - _send_single_request - HTTP Request: HEAD https://huggingface.co/api/resolve-cache/models/sentence-transformers/all-MiniLM-L6-v2/c9745ed1d9f207416be6d2e6f8de32d1f16199bf/sentence_bert_config.json "HTTP/1.1 200 OK"
2026-04-01 16:40:28,995 - INFO - httpx - _send_single_request - HTTP Request: HEAD https://huggingface.co/sentence-transformers/all-MiniLM-L6-v2/resolve/main/adapter_config.json "HTTP/1.1 404 Not Found"
2026-04-01 16:40:29,337 - INFO - httpx - _send_single_request - HTTP Request: HEAD https://huggingface.co/sentence-transformers/all-MiniLM-L6-v2/resolve/main/config.json "HTTP/1.1 307 Temporary Redirect"
2026-04-01 16:40:29,456 - INFO - httpx - _send_single_request - HTTP Request: HEAD https://huggingface.co/api/resolve-cache/models/sentence-transformers/all-MiniLM-L6-v2/c9745ed1d9f207416be6d2e6f8de32d1f16199bf/config.json "HTTP/1.1 200 OK"
2026-04-01 16:40:29,828 - INFO - httpx - _send_single_request - HTTP Request: HEAD https://huggingface.co/sentence-transformers/all-MiniLM-L6-v2/resolve/main/config.json "HTTP/1.1 307 Temporary Redirect"
2026-04-01 16:40:29,945 - INFO - httpx - _send_single_request - HTTP Request: HEAD https://huggingface.co/api/resolve-cache/models/sentence-transformers/all-MiniLM-L6-v2/c9745ed1d9f207416be6d2e6f8de32d1f16199bf/config.json "HTTP/1.1 200 OK"
2026-04-01 16:40:30,290 - INFO - httpx - _send_single_request - HTTP Request: HEAD https://huggingface.co/sentence-transformers/all-MiniLM-L6-v2/resolve/main/tokenizer_config.json "HTTP/1.1 307 Temporary Redirect"
2026-04-01 16:40:30,405 - INFO - httpx - _send_single_request - HTTP Request: HEAD https://huggingface.co/api/resolve-cache/models/sentence-transformers/all-MiniLM-L6-v2/c9745ed1d9f207416be6d2e6f8de32d1f16199bf/tokenizer_config.json "HTTP/1.1 200 OK"
2026-04-01 16:40:30,740 - INFO - httpx - _send_single_request - HTTP Request: GET https://huggingface.co/api/models/sentence-transformers/all-MiniLM-L6-v2/tree/main/additional_chat_templates?recursive=false&expand=false "HTTP/1.1 404 Not Found"
2026-04-01 16:40:31,093 - INFO - httpx - _send_single_request - HTTP Request: GET https://huggingface.co/api/models/sentence-transformers/all-MiniLM-L6-v2/tree/main?recursive=true&expand=false "HTTP/1.1 200 OK"
2026-04-01 16:40:31,499 - INFO - httpx - _send_single_request - HTTP Request: HEAD https://huggingface.co/sentence-transformers/all-MiniLM-L6-v2/resolve/main/1_Pooling/config.json "HTTP/1.1 307 Temporary Redirect"
2026-04-01 16:40:31,615 - INFO - httpx - _send_single_request - HTTP Request: HEAD https://huggingface.co/api/resolve-cache/models/sentence-transformers/all-MiniLM-L6-v2/c9745ed1d9f207416be6d2e6f8de32d1f16199bf/1_Pooling%2Fconfig.json "HTTP/1.1 200 OK"
2026-04-01 16:40:31,944 - INFO - httpx - _send_single_request - HTTP Request: GET https://huggingface.co/api/models/sentence-transformers/all-MiniLM-L6-v2 "HTTP/1.1 200 OK"
2026-04-01 16:40:32,009 - INFO - chatbot_app - log_requests - Request end: POST /upload - Status 200 - Time 17.791s
2026-04-01 16:40:32,009 - INFO - chatbot_app - log_requests - Request start: POST /upload
2026-04-01 16:40:32,020 - INFO - chatbot_app - log_requests - Request end: POST /upload - Status 200 - Time 0.010s
2026-04-01 16:41:12,378 - INFO - chatbot_app - log_requests - Request start: POST /upload
2026-04-01 16:41:12,402 - INFO - chatbot_app - log_requests - Request end: POST /upload - Status 200 - Time 0.023s
2026-04-01 16:41:32,894 - INFO - chatbot_app - log_requests - Request start: POST /upload
2026-04-01 16:41:32,903 - INFO - chatbot_app - log_requests - Request end: POST /upload - Status 200 - Time 0.009s
2026-04-01 16:41:46,870 - INFO - chatbot_app - log_requests - Request start: POST /upload
2026-04-01 16:41:46,877 - INFO - chatbot_app - log_requests - Request end: POST /upload - Status 200 - Time 0.007s
2026-04-01 16:41:49,284 - INFO - chatbot_app - log_requests - Request start: POST /upload
2026-04-01 16:41:49,290 - INFO - chatbot_app - log_requests - Request end: POST /upload - Status 200 - Time 0.006s
2026-04-01 16:42:24,312 - INFO - chatbot_app - log_requests - Request start: POST /upload
2026-04-01 16:42:24,319 - INFO - chatbot_app - log_requests - Request end: POST /upload - Status 200 - Time 0.007s
2026-04-01 16:42:49,609 - INFO - chatbot_app - log_requests - Request start: POST /upload
2026-04-01 16:42:49,609 - INFO - chatbot_app - log_requests - Request end: POST /upload - Status 200 - Time 0.000s
2026-04-01 16:43:49,618 - INFO - chatbot_app - log_requests - Request start: POST /chat
2026-04-01 16:43:49,866 - INFO - httpx - _send_single_request - HTTP Request: POST https://api.groq.com/openai/v1/chat/completions "HTTP/1.1 200 OK"
2026-04-01 16:43:50,365 - INFO - httpx - _send_single_request - HTTP Request: POST https://api.groq.com/openai/v1/chat/completions "HTTP/1.1 200 OK"
2026-04-01 16:43:50,403 - INFO - chatbot_app - log_requests - Request end: POST /chat - Status 200 - Time 0.787s
2026-04-01 16:52:22,303 - INFO - sentence_transformers.SentenceTransformer - __init__ - Use pytorch device_name: cpu
2026-04-01 16:52:22,304 - INFO - sentence_transformers.SentenceTransformer - __init__ - Load pretrained SentenceTransformer: sentence-transformers/all-MiniLM-L6-v2
2026-04-01 16:52:22,639 - INFO - httpx - _send_single_request - HTTP Request: HEAD https://huggingface.co/sentence-transformers/all-MiniLM-L6-v2/resolve/main/modules.json "HTTP/1.1 307 Temporary Redirect"
2026-04-01 16:52:22,771 - INFO - httpx - _send_single_request - HTTP Request: HEAD https://huggingface.co/api/resolve-cache/models/sentence-transformers/all-MiniLM-L6-v2/c9745ed1d9f207416be6d2e6f8de32d1f16199bf/modules.json "HTTP/1.1 200 OK"
2026-04-01 16:52:23,109 - INFO - httpx - _send_single_request - HTTP Request: HEAD https://huggingface.co/sentence-transformers/all-MiniLM-L6-v2/resolve/main/config_sentence_transformers.json "HTTP/1.1 307 Temporary Redirect"
2026-04-01 16:52:23,246 - INFO - httpx - _send_single_request - HTTP Request: HEAD https://huggingface.co/api/resolve-cache/models/sentence-transformers/all-MiniLM-L6-v2/c9745ed1d9f207416be6d2e6f8de32d1f16199bf/config_sentence_transformers.json "HTTP/1.1 200 OK"
2026-04-01 16:52:23,565 - INFO - httpx - _send_single_request - HTTP Request: HEAD https://huggingface.co/sentence-transformers/all-MiniLM-L6-v2/resolve/main/config_sentence_transformers.json "HTTP/1.1 307 Temporary Redirect"
2026-04-01 16:52:23,702 - INFO - httpx - _send_single_request - HTTP Request: HEAD https://huggingface.co/api/resolve-cache/models/sentence-transformers/all-MiniLM-L6-v2/c9745ed1d9f207416be6d2e6f8de32d1f16199bf/config_sentence_transformers.json "HTTP/1.1 200 OK"
2026-04-01 16:52:24,042 - INFO - httpx - _send_single_request - HTTP Request: HEAD https://huggingface.co/sentence-transformers/all-MiniLM-L6-v2/resolve/main/README.md "HTTP/1.1 307 Temporary Redirect"
2026-04-01 16:52:24,167 - INFO - httpx - _send_single_request - HTTP Request: HEAD https://huggingface.co/api/resolve-cache/models/sentence-transformers/all-MiniLM-L6-v2/c9745ed1d9f207416be6d2e6f8de32d1f16199bf/README.md "HTTP/1.1 200 OK"
2026-04-01 16:52:24,554 - INFO - httpx - _send_single_request - HTTP Request: HEAD https://huggingface.co/sentence-transformers/all-MiniLM-L6-v2/resolve/main/modules.json "HTTP/1.1 307 Temporary Redirect"
2026-04-01 16:52:24,685 - INFO - httpx - _send_single_request - HTTP Request: HEAD https://huggingface.co/api/resolve-cache/models/sentence-transformers/all-MiniLM-L6-v2/c9745ed1d9f207416be6d2e6f8de32d1f16199bf/modules.json "HTTP/1.1 200 OK"
2026-04-01 16:52:25,009 - INFO - httpx - _send_single_request - HTTP Request: HEAD https://huggingface.co/sentence-transformers/all-MiniLM-L6-v2/resolve/main/sentence_bert_config.json "HTTP/1.1 307 Temporary Redirect"
2026-04-01 16:52:25,136 - INFO - httpx - _send_single_request - HTTP Request: HEAD https://huggingface.co/api/resolve-cache/models/sentence-transformers/all-MiniLM-L6-v2/c9745ed1d9f207416be6d2e6f8de32d1f16199bf/sentence_bert_config.json "HTTP/1.1 200 OK"
2026-04-01 16:52:25,490 - INFO - httpx - _send_single_request - HTTP Request: HEAD https://huggingface.co/sentence-transformers/all-MiniLM-L6-v2/resolve/main/adapter_config.json "HTTP/1.1 404 Not Found"
2026-04-01 16:52:25,827 - INFO - httpx - _send_single_request - HTTP Request: HEAD https://huggingface.co/sentence-transformers/all-MiniLM-L6-v2/resolve/main/config.json "HTTP/1.1 307 Temporary Redirect"
2026-04-01 16:52:25,953 - INFO - httpx - _send_single_request - HTTP Request: HEAD https://huggingface.co/api/resolve-cache/models/sentence-transformers/all-MiniLM-L6-v2/c9745ed1d9f207416be6d2e6f8de32d1f16199bf/config.json "HTTP/1.1 200 OK"
2026-04-01 16:52:26,330 - INFO - httpx - _send_single_request - HTTP Request: HEAD https://huggingface.co/sentence-transformers/all-MiniLM-L6-v2/resolve/main/config.json "HTTP/1.1 307 Temporary Redirect"
2026-04-01 16:52:26,453 - INFO - httpx - _send_single_request - HTTP Request: HEAD https://huggingface.co/api/resolve-cache/models/sentence-transformers/all-MiniLM-L6-v2/c9745ed1d9f207416be6d2e6f8de32d1f16199bf/config.json "HTTP/1.1 200 OK"
2026-04-01 16:52:26,800 - INFO - httpx - _send_single_request - HTTP Request: HEAD https://huggingface.co/sentence-transformers/all-MiniLM-L6-v2/resolve/main/tokenizer_config.json "HTTP/1.1 307 Temporary Redirect"
2026-04-01 16:52:26,933 - INFO - httpx - _send_single_request - HTTP Request: HEAD https://huggingface.co/api/resolve-cache/models/sentence-transformers/all-MiniLM-L6-v2/c9745ed1d9f207416be6d2e6f8de32d1f16199bf/tokenizer_config.json "HTTP/1.1 200 OK"
2026-04-01 16:52:27,350 - INFO - httpx - _send_single_request - HTTP Request: GET https://huggingface.co/api/models/sentence-transformers/all-MiniLM-L6-v2/tree/main/additional_chat_templates?recursive=false&expand=false "HTTP/1.1 404 Not Found"
2026-04-01 16:52:27,697 - INFO - httpx - _send_single_request - HTTP Request: GET https://huggingface.co/api/models/sentence-transformers/all-MiniLM-L6-v2/tree/main?recursive=true&expand=false "HTTP/1.1 200 OK"
2026-04-01 16:52:28,121 - INFO - httpx - _send_single_request - HTTP Request: HEAD https://huggingface.co/sentence-transformers/all-MiniLM-L6-v2/resolve/main/1_Pooling/config.json "HTTP/1.1 307 Temporary Redirect"
2026-04-01 16:52:28,240 - INFO - httpx - _send_single_request - HTTP Request: HEAD https://huggingface.co/api/resolve-cache/models/sentence-transformers/all-MiniLM-L6-v2/c9745ed1d9f207416be6d2e6f8de32d1f16199bf/1_Pooling%2Fconfig.json "HTTP/1.1 200 OK"
2026-04-01 16:52:28,579 - INFO - httpx - _send_single_request - HTTP Request: GET https://huggingface.co/api/models/sentence-transformers/all-MiniLM-L6-v2 "HTTP/1.1 200 OK"
2026-04-01 16:53:27,323 - INFO - chatbot_app - log_requests - Request start: POST /upload
2026-04-01 16:53:27,874 - INFO - sentence_transformers.SentenceTransformer - __init__ - Use pytorch device_name: cpu
2026-04-01 16:53:27,874 - INFO - sentence_transformers.SentenceTransformer - __init__ - Load pretrained SentenceTransformer: sentence-transformers/all-MiniLM-L6-v2
2026-04-01 16:53:28,352 - INFO - httpx - _send_single_request - HTTP Request: HEAD https://huggingface.co/sentence-transformers/all-MiniLM-L6-v2/resolve/main/modules.json "HTTP/1.1 307 Temporary Redirect"
2026-04-01 16:53:28,362 - INFO - httpx - _send_single_request - HTTP Request: HEAD https://huggingface.co/api/resolve-cache/models/sentence-transformers/all-MiniLM-L6-v2/c9745ed1d9f207416be6d2e6f8de32d1f16199bf/modules.json "HTTP/1.1 200 OK"
2026-04-01 16:53:28,607 - INFO - httpx - _send_single_request - HTTP Request: HEAD https://huggingface.co/sentence-transformers/all-MiniLM-L6-v2/resolve/main/config_sentence_transformers.json "HTTP/1.1 307 Temporary Redirect"
2026-04-01 16:53:28,614 - INFO - httpx - _send_single_request - HTTP Request: HEAD https://huggingface.co/api/resolve-cache/models/sentence-transformers/all-MiniLM-L6-v2/c9745ed1d9f207416be6d2e6f8de32d1f16199bf/config_sentence_transformers.json "HTTP/1.1 200 OK"
2026-04-01 16:53:28,853 - INFO - httpx - _send_single_request - HTTP Request: HEAD https://huggingface.co/sentence-transformers/all-MiniLM-L6-v2/resolve/main/config_sentence_transformers.json "HTTP/1.1 307 Temporary Redirect"
2026-04-01 16:53:28,865 - INFO - httpx - _send_single_request - HTTP Request: HEAD https://huggingface.co/api/resolve-cache/models/sentence-transformers/all-MiniLM-L6-v2/c9745ed1d9f207416be6d2e6f8de32d1f16199bf/config_sentence_transformers.json "HTTP/1.1 200 OK"
2026-04-01 16:53:29,113 - INFO - httpx - _send_single_request - HTTP Request: HEAD https://huggingface.co/sentence-transformers/all-MiniLM-L6-v2/resolve/main/README.md "HTTP/1.1 307 Temporary Redirect"
2026-04-01 16:53:29,122 - INFO - httpx - _send_single_request - HTTP Request: HEAD https://huggingface.co/api/resolve-cache/models/sentence-transformers/all-MiniLM-L6-v2/c9745ed1d9f207416be6d2e6f8de32d1f16199bf/README.md "HTTP/1.1 200 OK"
2026-04-01 16:53:29,361 - INFO - httpx - _send_single_request - HTTP Request: HEAD https://huggingface.co/sentence-transformers/all-MiniLM-L6-v2/resolve/main/modules.json "HTTP/1.1 307 Temporary Redirect"
2026-04-01 16:53:29,364 - INFO - httpx - _send_single_request - HTTP Request: HEAD https://huggingface.co/api/resolve-cache/models/sentence-transformers/all-MiniLM-L6-v2/c9745ed1d9f207416be6d2e6f8de32d1f16199bf/modules.json "HTTP/1.1 200 OK"
2026-04-01 16:53:29,613 - INFO - httpx - _send_single_request - HTTP Request: HEAD https://huggingface.co/sentence-transformers/all-MiniLM-L6-v2/resolve/main/sentence_bert_config.json "HTTP/1.1 307 Temporary Redirect"
2026-04-01 16:53:29,622 - INFO - httpx - _send_single_request - HTTP Request: HEAD https://huggingface.co/api/resolve-cache/models/sentence-transformers/all-MiniLM-L6-v2/c9745ed1d9f207416be6d2e6f8de32d1f16199bf/sentence_bert_config.json "HTTP/1.1 200 OK"
2026-04-01 16:53:29,862 - INFO - httpx - _send_single_request - HTTP Request: HEAD https://huggingface.co/sentence-transformers/all-MiniLM-L6-v2/resolve/main/adapter_config.json "HTTP/1.1 404 Not Found"
2026-04-01 16:53:30,110 - INFO - httpx - _send_single_request - HTTP Request: HEAD https://huggingface.co/sentence-transformers/all-MiniLM-L6-v2/resolve/main/config.json "HTTP/1.1 307 Temporary Redirect"
2026-04-01 16:53:30,122 - INFO - httpx - _send_single_request - HTTP Request: HEAD https://huggingface.co/api/resolve-cache/models/sentence-transformers/all-MiniLM-L6-v2/c9745ed1d9f207416be6d2e6f8de32d1f16199bf/config.json "HTTP/1.1 200 OK"
2026-04-01 16:53:30,454 - INFO - httpx - _send_single_request - HTTP Request: HEAD https://huggingface.co/sentence-transformers/all-MiniLM-L6-v2/resolve/main/config.json "HTTP/1.1 307 Temporary Redirect"
2026-04-01 16:53:30,458 - INFO - httpx - _send_single_request - HTTP Request: HEAD https://huggingface.co/api/resolve-cache/models/sentence-transformers/all-MiniLM-L6-v2/c9745ed1d9f207416be6d2e6f8de32d1f16199bf/config.json "HTTP/1.1 200 OK"
2026-04-01 16:53:30,692 - INFO - httpx - _send_single_request - HTTP Request: HEAD https://huggingface.co/sentence-transformers/all-MiniLM-L6-v2/resolve/main/tokenizer_config.json "HTTP/1.1 307 Temporary Redirect"
2026-04-01 16:53:30,708 - INFO - httpx - _send_single_request - HTTP Request: HEAD https://huggingface.co/api/resolve-cache/models/sentence-transformers/all-MiniLM-L6-v2/c9745ed1d9f207416be6d2e6f8de32d1f16199bf/tokenizer_config.json "HTTP/1.1 200 OK"
2026-04-01 16:53:30,960 - INFO - httpx - _send_single_request - HTTP Request: GET https://huggingface.co/api/models/sentence-transformers/all-MiniLM-L6-v2/tree/main/additional_chat_templates?recursive=false&expand=false "HTTP/1.1 404 Not Found"
2026-04-01 16:53:31,204 - INFO - httpx - _send_single_request - HTTP Request: GET https://huggingface.co/api/models/sentence-transformers/all-MiniLM-L6-v2/tree/main?recursive=true&expand=false "HTTP/1.1 200 OK"
2026-04-01 16:53:31,543 - INFO - httpx - _send_single_request - HTTP Request: HEAD https://huggingface.co/sentence-transformers/all-MiniLM-L6-v2/resolve/main/1_Pooling/config.json "HTTP/1.1 307 Temporary Redirect"
2026-04-01 16:53:31,551 - INFO - httpx - _send_single_request - HTTP Request: HEAD https://huggingface.co/api/resolve-cache/models/sentence-transformers/all-MiniLM-L6-v2/c9745ed1d9f207416be6d2e6f8de32d1f16199bf/1_Pooling%2Fconfig.json "HTTP/1.1 200 OK"
2026-04-01 16:53:31,802 - INFO - httpx - _send_single_request - HTTP Request: GET https://huggingface.co/api/models/sentence-transformers/all-MiniLM-L6-v2 "HTTP/1.1 200 OK"
2026-04-01 16:53:32,395 - INFO - faiss.loader - <module> - Loading faiss with AVX2 support.
2026-04-01 16:53:32,417 - INFO - faiss.loader - <module> - Successfully loaded faiss with AVX2 support.
2026-04-01 16:53:32,434 - INFO - sentence_transformers.SentenceTransformer - __init__ - Use pytorch device_name: cpu
2026-04-01 16:53:32,434 - INFO - sentence_transformers.SentenceTransformer - __init__ - Load pretrained SentenceTransformer: sentence-transformers/all-MiniLM-L6-v2
2026-04-01 16:53:32,675 - INFO - httpx - _send_single_request - HTTP Request: HEAD https://huggingface.co/sentence-transformers/all-MiniLM-L6-v2/resolve/main/modules.json "HTTP/1.1 307 Temporary Redirect"
2026-04-01 16:53:32,691 - INFO - httpx - _send_single_request - HTTP Request: HEAD https://huggingface.co/api/resolve-cache/models/sentence-transformers/all-MiniLM-L6-v2/c9745ed1d9f207416be6d2e6f8de32d1f16199bf/modules.json "HTTP/1.1 200 OK"
2026-04-01 16:53:32,943 - INFO - httpx - _send_single_request - HTTP Request: HEAD https://huggingface.co/sentence-transformers/all-MiniLM-L6-v2/resolve/main/config_sentence_transformers.json "HTTP/1.1 307 Temporary Redirect"
2026-04-01 16:53:32,953 - INFO - httpx - _send_single_request - HTTP Request: HEAD https://huggingface.co/api/resolve-cache/models/sentence-transformers/all-MiniLM-L6-v2/c9745ed1d9f207416be6d2e6f8de32d1f16199bf/config_sentence_transformers.json "HTTP/1.1 200 OK"
2026-04-01 16:53:33,209 - INFO - httpx - _send_single_request - HTTP Request: HEAD https://huggingface.co/sentence-transformers/all-MiniLM-L6-v2/resolve/main/config_sentence_transformers.json "HTTP/1.1 307 Temporary Redirect"
2026-04-01 16:53:33,220 - INFO - httpx - _send_single_request - HTTP Request: HEAD https://huggingface.co/api/resolve-cache/models/sentence-transformers/all-MiniLM-L6-v2/c9745ed1d9f207416be6d2e6f8de32d1f16199bf/config_sentence_transformers.json "HTTP/1.1 200 OK"
2026-04-01 16:53:33,457 - INFO - httpx - _send_single_request - HTTP Request: HEAD https://huggingface.co/sentence-transformers/all-MiniLM-L6-v2/resolve/main/README.md "HTTP/1.1 307 Temporary Redirect"
2026-04-01 16:53:33,466 - INFO - httpx - _send_single_request - HTTP Request: HEAD https://huggingface.co/api/resolve-cache/models/sentence-transformers/all-MiniLM-L6-v2/c9745ed1d9f207416be6d2e6f8de32d1f16199bf/README.md "HTTP/1.1 200 OK"
2026-04-01 16:53:33,714 - INFO - httpx - _send_single_request - HTTP Request: HEAD https://huggingface.co/sentence-transformers/all-MiniLM-L6-v2/resolve/main/modules.json "HTTP/1.1 307 Temporary Redirect"
2026-04-01 16:53:33,715 - INFO - httpx - _send_single_request - HTTP Request: HEAD https://huggingface.co/api/resolve-cache/models/sentence-transformers/all-MiniLM-L6-v2/c9745ed1d9f207416be6d2e6f8de32d1f16199bf/modules.json "HTTP/1.1 200 OK"
2026-04-01 16:53:33,965 - INFO - httpx - _send_single_request - HTTP Request: HEAD https://huggingface.co/sentence-transformers/all-MiniLM-L6-v2/resolve/main/sentence_bert_config.json "HTTP/1.1 307 Temporary Redirect"
2026-04-01 16:53:33,966 - INFO - httpx - _send_single_request - HTTP Request: HEAD https://huggingface.co/api/resolve-cache/models/sentence-transformers/all-MiniLM-L6-v2/c9745ed1d9f207416be6d2e6f8de32d1f16199bf/sentence_bert_config.json "HTTP/1.1 200 OK"
2026-04-01 16:53:34,224 - INFO - httpx - _send_single_request - HTTP Request: HEAD https://huggingface.co/sentence-transformers/all-MiniLM-L6-v2/resolve/main/adapter_config.json "HTTP/1.1 404 Not Found"
2026-04-01 16:53:34,462 - INFO - httpx - _send_single_request - HTTP Request: HEAD https://huggingface.co/sentence-transformers/all-MiniLM-L6-v2/resolve/main/config.json "HTTP/1.1 307 Temporary Redirect"
2026-04-01 16:53:34,462 - INFO - httpx - _send_single_request - HTTP Request: HEAD https://huggingface.co/api/resolve-cache/models/sentence-transformers/all-MiniLM-L6-v2/c9745ed1d9f207416be6d2e6f8de32d1f16199bf/config.json "HTTP/1.1 200 OK"
2026-04-01 16:53:34,761 - INFO - httpx - _send_single_request - HTTP Request: HEAD https://huggingface.co/sentence-transformers/all-MiniLM-L6-v2/resolve/main/config.json "HTTP/1.1 307 Temporary Redirect"
2026-04-01 16:53:34,761 - INFO - httpx - _send_single_request - HTTP Request: HEAD https://huggingface.co/api/resolve-cache/models/sentence-transformers/all-MiniLM-L6-v2/c9745ed1d9f207416be6d2e6f8de32d1f16199bf/config.json "HTTP/1.1 200 OK"
2026-04-01 16:53:35,013 - INFO - httpx - _send_single_request - HTTP Request: HEAD https://huggingface.co/sentence-transformers/all-MiniLM-L6-v2/resolve/main/tokenizer_config.json "HTTP/1.1 307 Temporary Redirect"
2026-04-01 16:53:35,030 - INFO - httpx - _send_single_request - HTTP Request: HEAD https://huggingface.co/api/resolve-cache/models/sentence-transformers/all-MiniLM-L6-v2/c9745ed1d9f207416be6d2e6f8de32d1f16199bf/tokenizer_config.json "HTTP/1.1 200 OK"
2026-04-01 16:53:35,263 - INFO - httpx - _send_single_request - HTTP Request: GET https://huggingface.co/api/models/sentence-transformers/all-MiniLM-L6-v2/tree/main/additional_chat_templates?recursive=false&expand=false "HTTP/1.1 404 Not Found"
2026-04-01 16:53:35,511 - INFO - httpx - _send_single_request - HTTP Request: GET https://huggingface.co/api/models/sentence-transformers/all-MiniLM-L6-v2/tree/main?recursive=true&expand=false "HTTP/1.1 200 OK"
2026-04-01 16:53:35,821 - INFO - httpx - _send_single_request - HTTP Request: HEAD https://huggingface.co/sentence-transformers/all-MiniLM-L6-v2/resolve/main/1_Pooling/config.json "HTTP/1.1 307 Temporary Redirect"
2026-04-01 16:53:35,821 - INFO - httpx - _send_single_request - HTTP Request: HEAD https://huggingface.co/api/resolve-cache/models/sentence-transformers/all-MiniLM-L6-v2/c9745ed1d9f207416be6d2e6f8de32d1f16199bf/1_Pooling%2Fconfig.json "HTTP/1.1 200 OK"
2026-04-01 16:53:36,063 - INFO - httpx - _send_single_request - HTTP Request: GET https://huggingface.co/api/models/sentence-transformers/all-MiniLM-L6-v2 "HTTP/1.1 200 OK"
2026-04-01 16:53:36,265 - INFO - chatbot_app - log_requests - Request end: POST /upload - Status 200 - Time 8.942s
2026-04-01 16:54:04,350 - INFO - chatbot_app - log_requests - Request start: POST /upload
2026-04-01 16:54:04,357 - INFO - chatbot_app - log_requests - Request end: POST /upload - Status 200 - Time 0.007s
2026-04-01 16:55:12,481 - INFO - chatbot_app - log_requests - Request start: OPTIONS /chat
2026-04-01 16:55:12,482 - INFO - chatbot_app - log_requests - Request end: OPTIONS /chat - Status 200 - Time 0.001s
2026-04-01 16:55:12,488 - INFO - chatbot_app - log_requests - Request start: POST /chat
2026-04-01 16:55:12,849 - INFO - httpx - _send_single_request - HTTP Request: POST https://api.groq.com/openai/v1/chat/completions "HTTP/1.1 200 OK"
2026-04-01 16:55:12,883 - INFO - chatbot_app - log_requests - Request end: POST /chat - Status 200 - Time 0.395s
2026-04-01 16:55:42,454 - INFO - chatbot_app - log_requests - Request start: POST /upload
2026-04-01 16:55:45,155 - INFO - sentence_transformers.SentenceTransformer - __init__ - Use pytorch device_name: cpu
2026-04-01 16:55:45,155 - INFO - sentence_transformers.SentenceTransformer - __init__ - Load pretrained SentenceTransformer: sentence-transformers/all-MiniLM-L6-v2
2026-04-01 16:55:45,850 - INFO - httpx - _send_single_request - HTTP Request: HEAD https://huggingface.co/sentence-transformers/all-MiniLM-L6-v2/resolve/main/modules.json "HTTP/1.1 307 Temporary Redirect"
2026-04-01 16:55:45,986 - INFO - httpx - _send_single_request - HTTP Request: HEAD https://huggingface.co/api/resolve-cache/models/sentence-transformers/all-MiniLM-L6-v2/c9745ed1d9f207416be6d2e6f8de32d1f16199bf/modules.json "HTTP/1.1 200 OK"
2026-04-01 16:55:46,349 - INFO - httpx - _send_single_request - HTTP Request: HEAD https://huggingface.co/sentence-transformers/all-MiniLM-L6-v2/resolve/main/config_sentence_transformers.json "HTTP/1.1 307 Temporary Redirect"
2026-04-01 16:55:46,516 - INFO - httpx - _send_single_request - HTTP Request: HEAD https://huggingface.co/api/resolve-cache/models/sentence-transformers/all-MiniLM-L6-v2/c9745ed1d9f207416be6d2e6f8de32d1f16199bf/config_sentence_transformers.json "HTTP/1.1 200 OK"
2026-04-01 16:55:46,882 - INFO - httpx - _send_single_request - HTTP Request: HEAD https://huggingface.co/sentence-transformers/all-MiniLM-L6-v2/resolve/main/config_sentence_transformers.json "HTTP/1.1 307 Temporary Redirect"
2026-04-01 16:55:47,017 - INFO - httpx - _send_single_request - HTTP Request: HEAD https://huggingface.co/api/resolve-cache/models/sentence-transformers/all-MiniLM-L6-v2/c9745ed1d9f207416be6d2e6f8de32d1f16199bf/config_sentence_transformers.json "HTTP/1.1 200 OK"
2026-04-01 16:55:47,363 - INFO - httpx - _send_single_request - HTTP Request: HEAD https://huggingface.co/sentence-transformers/all-MiniLM-L6-v2/resolve/main/README.md "HTTP/1.1 307 Temporary Redirect"
2026-04-01 16:55:47,500 - INFO - httpx - _send_single_request - HTTP Request: HEAD https://huggingface.co/api/resolve-cache/models/sentence-transformers/all-MiniLM-L6-v2/c9745ed1d9f207416be6d2e6f8de32d1f16199bf/README.md "HTTP/1.1 200 OK"
2026-04-01 16:55:47,853 - INFO - httpx - _send_single_request - HTTP Request: HEAD https://huggingface.co/sentence-transformers/all-MiniLM-L6-v2/resolve/main/modules.json "HTTP/1.1 307 Temporary Redirect"
2026-04-01 16:55:48,000 - INFO - httpx - _send_single_request - HTTP Request: HEAD https://huggingface.co/api/resolve-cache/models/sentence-transformers/all-MiniLM-L6-v2/c9745ed1d9f207416be6d2e6f8de32d1f16199bf/modules.json "HTTP/1.1 200 OK"
2026-04-01 16:55:48,354 - INFO - httpx - _send_single_request - HTTP Request: HEAD https://huggingface.co/sentence-transformers/all-MiniLM-L6-v2/resolve/main/sentence_bert_config.json "HTTP/1.1 307 Temporary Redirect"
2026-04-01 16:55:48,485 - INFO - httpx - _send_single_request - HTTP Request: HEAD https://huggingface.co/api/resolve-cache/models/sentence-transformers/all-MiniLM-L6-v2/c9745ed1d9f207416be6d2e6f8de32d1f16199bf/sentence_bert_config.json "HTTP/1.1 200 OK"
2026-04-01 16:55:48,854 - INFO - httpx - _send_single_request - HTTP Request: HEAD https://huggingface.co/sentence-transformers/all-MiniLM-L6-v2/resolve/main/adapter_config.json "HTTP/1.1 404 Not Found"
2026-04-01 16:55:49,214 - INFO - httpx - _send_single_request - HTTP Request: HEAD https://huggingface.co/sentence-transformers/all-MiniLM-L6-v2/resolve/main/config.json "HTTP/1.1 307 Temporary Redirect"
2026-04-01 16:55:49,350 - INFO - httpx - _send_single_request - HTTP Request: HEAD https://huggingface.co/api/resolve-cache/models/sentence-transformers/all-MiniLM-L6-v2/c9745ed1d9f207416be6d2e6f8de32d1f16199bf/config.json "HTTP/1.1 200 OK"
2026-04-01 16:55:49,748 - INFO - httpx - _send_single_request - HTTP Request: HEAD https://huggingface.co/sentence-transformers/all-MiniLM-L6-v2/resolve/main/config.json "HTTP/1.1 307 Temporary Redirect"
2026-04-01 16:55:49,884 - INFO - httpx - _send_single_request - HTTP Request: HEAD https://huggingface.co/api/resolve-cache/models/sentence-transformers/all-MiniLM-L6-v2/c9745ed1d9f207416be6d2e6f8de32d1f16199bf/config.json "HTTP/1.1 200 OK"
2026-04-01 16:55:50,241 - INFO - httpx - _send_single_request - HTTP Request: HEAD https://huggingface.co/sentence-transformers/all-MiniLM-L6-v2/resolve/main/tokenizer_config.json "HTTP/1.1 307 Temporary Redirect"
2026-04-01 16:55:50,370 - INFO - httpx - _send_single_request - HTTP Request: HEAD https://huggingface.co/api/resolve-cache/models/sentence-transformers/all-MiniLM-L6-v2/c9745ed1d9f207416be6d2e6f8de32d1f16199bf/tokenizer_config.json "HTTP/1.1 200 OK"
2026-04-01 16:55:50,720 - INFO - httpx - _send_single_request - HTTP Request: GET https://huggingface.co/api/models/sentence-transformers/all-MiniLM-L6-v2/tree/main/additional_chat_templates?recursive=false&expand=false "HTTP/1.1 404 Not Found"
2026-04-01 16:55:51,069 - INFO - httpx - _send_single_request - HTTP Request: GET https://huggingface.co/api/models/sentence-transformers/all-MiniLM-L6-v2/tree/main?recursive=true&expand=false "HTTP/1.1 200 OK"
2026-04-01 16:55:51,490 - INFO - httpx - _send_single_request - HTTP Request: HEAD https://huggingface.co/sentence-transformers/all-MiniLM-L6-v2/resolve/main/1_Pooling/config.json "HTTP/1.1 307 Temporary Redirect"
2026-04-01 16:55:51,642 - INFO - httpx - _send_single_request - HTTP Request: HEAD https://huggingface.co/api/resolve-cache/models/sentence-transformers/all-MiniLM-L6-v2/c9745ed1d9f207416be6d2e6f8de32d1f16199bf/1_Pooling%2Fconfig.json "HTTP/1.1 200 OK"
2026-04-01 16:55:52,047 - INFO - httpx - _send_single_request - HTTP Request: GET https://huggingface.co/api/models/sentence-transformers/all-MiniLM-L6-v2 "HTTP/1.1 200 OK"
2026-04-01 16:55:54,920 - INFO - sentence_transformers.SentenceTransformer - __init__ - Use pytorch device_name: cpu
2026-04-01 16:55:54,920 - INFO - sentence_transformers.SentenceTransformer - __init__ - Load pretrained SentenceTransformer: sentence-transformers/all-MiniLM-L6-v2
2026-04-01 16:55:55,280 - INFO - httpx - _send_single_request - HTTP Request: HEAD https://huggingface.co/sentence-transformers/all-MiniLM-L6-v2/resolve/main/modules.json "HTTP/1.1 307 Temporary Redirect"
2026-04-01 16:55:55,412 - INFO - httpx - _send_single_request - HTTP Request: HEAD https://huggingface.co/api/resolve-cache/models/sentence-transformers/all-MiniLM-L6-v2/c9745ed1d9f207416be6d2e6f8de32d1f16199bf/modules.json "HTTP/1.1 200 OK"
2026-04-01 16:55:55,756 - INFO - httpx - _send_single_request - HTTP Request: HEAD https://huggingface.co/sentence-transformers/all-MiniLM-L6-v2/resolve/main/config_sentence_transformers.json "HTTP/1.1 307 Temporary Redirect"
2026-04-01 16:55:55,896 - INFO - httpx - _send_single_request - HTTP Request: HEAD https://huggingface.co/api/resolve-cache/models/sentence-transformers/all-MiniLM-L6-v2/c9745ed1d9f207416be6d2e6f8de32d1f16199bf/config_sentence_transformers.json "HTTP/1.1 200 OK"
2026-04-01 16:55:56,255 - INFO - httpx - _send_single_request - HTTP Request: HEAD https://huggingface.co/sentence-transformers/all-MiniLM-L6-v2/resolve/main/config_sentence_transformers.json "HTTP/1.1 307 Temporary Redirect"
2026-04-01 16:55:56,380 - INFO - httpx - _send_single_request - HTTP Request: HEAD https://huggingface.co/api/resolve-cache/models/sentence-transformers/all-MiniLM-L6-v2/c9745ed1d9f207416be6d2e6f8de32d1f16199bf/config_sentence_transformers.json "HTTP/1.1 200 OK"
2026-04-01 16:55:56,724 - INFO - httpx - _send_single_request - HTTP Request: HEAD https://huggingface.co/sentence-transformers/all-MiniLM-L6-v2/resolve/main/README.md "HTTP/1.1 307 Temporary Redirect"
2026-04-01 16:55:56,874 - INFO - httpx - _send_single_request - HTTP Request: HEAD https://huggingface.co/api/resolve-cache/models/sentence-transformers/all-MiniLM-L6-v2/c9745ed1d9f207416be6d2e6f8de32d1f16199bf/README.md "HTTP/1.1 200 OK"
2026-04-01 16:55:57,228 - INFO - httpx - _send_single_request - HTTP Request: HEAD https://huggingface.co/sentence-transformers/all-MiniLM-L6-v2/resolve/main/modules.json "HTTP/1.1 307 Temporary Redirect"
2026-04-01 16:55:57,364 - INFO - httpx - _send_single_request - HTTP Request: HEAD https://huggingface.co/api/resolve-cache/models/sentence-transformers/all-MiniLM-L6-v2/c9745ed1d9f207416be6d2e6f8de32d1f16199bf/modules.json "HTTP/1.1 200 OK"
2026-04-01 16:55:57,712 - INFO - httpx - _send_single_request - HTTP Request: HEAD https://huggingface.co/sentence-transformers/all-MiniLM-L6-v2/resolve/main/sentence_bert_config.json "HTTP/1.1 307 Temporary Redirect"
2026-04-01 16:55:57,850 - INFO - httpx - _send_single_request - HTTP Request: HEAD https://huggingface.co/api/resolve-cache/models/sentence-transformers/all-MiniLM-L6-v2/c9745ed1d9f207416be6d2e6f8de32d1f16199bf/sentence_bert_config.json "HTTP/1.1 200 OK"
2026-04-01 16:55:58,216 - INFO - httpx - _send_single_request - HTTP Request: HEAD https://huggingface.co/sentence-transformers/all-MiniLM-L6-v2/resolve/main/adapter_config.json "HTTP/1.1 404 Not Found"
2026-04-01 16:55:58,566 - INFO - httpx - _send_single_request - HTTP Request: HEAD https://huggingface.co/sentence-transformers/all-MiniLM-L6-v2/resolve/main/config.json "HTTP/1.1 307 Temporary Redirect"
2026-04-01 16:55:58,692 - INFO - httpx - _send_single_request - HTTP Request: HEAD https://huggingface.co/api/resolve-cache/models/sentence-transformers/all-MiniLM-L6-v2/c9745ed1d9f207416be6d2e6f8de32d1f16199bf/config.json "HTTP/1.1 200 OK"
2026-04-01 16:55:59,105 - INFO - httpx - _send_single_request - HTTP Request: HEAD https://huggingface.co/sentence-transformers/all-MiniLM-L6-v2/resolve/main/config.json "HTTP/1.1 307 Temporary Redirect"
2026-04-01 16:55:59,255 - INFO - httpx - _send_single_request - HTTP Request: HEAD https://huggingface.co/api/resolve-cache/models/sentence-transformers/all-MiniLM-L6-v2/c9745ed1d9f207416be6d2e6f8de32d1f16199bf/config.json "HTTP/1.1 200 OK"
2026-04-01 16:55:59,609 - INFO - httpx - _send_single_request - HTTP Request: HEAD https://huggingface.co/sentence-transformers/all-MiniLM-L6-v2/resolve/main/tokenizer_config.json "HTTP/1.1 307 Temporary Redirect"
2026-04-01 16:55:59,750 - INFO - httpx - _send_single_request - HTTP Request: HEAD https://huggingface.co/api/resolve-cache/models/sentence-transformers/all-MiniLM-L6-v2/c9745ed1d9f207416be6d2e6f8de32d1f16199bf/tokenizer_config.json "HTTP/1.1 200 OK"
2026-04-01 16:56:00,087 - INFO - httpx - _send_single_request - HTTP Request: GET https://huggingface.co/api/models/sentence-transformers/all-MiniLM-L6-v2/tree/main/additional_chat_templates?recursive=false&expand=false "HTTP/1.1 404 Not Found"
2026-04-01 16:56:00,446 - INFO - httpx - _send_single_request - HTTP Request: GET https://huggingface.co/api/models/sentence-transformers/all-MiniLM-L6-v2/tree/main?recursive=true&expand=false "HTTP/1.1 200 OK"
2026-04-01 16:56:00,874 - INFO - httpx - _send_single_request - HTTP Request: HEAD https://huggingface.co/sentence-transformers/all-MiniLM-L6-v2/resolve/main/1_Pooling/config.json "HTTP/1.1 307 Temporary Redirect"
2026-04-01 16:56:01,015 - INFO - httpx - _send_single_request - HTTP Request: HEAD https://huggingface.co/api/resolve-cache/models/sentence-transformers/all-MiniLM-L6-v2/c9745ed1d9f207416be6d2e6f8de32d1f16199bf/1_Pooling%2Fconfig.json "HTTP/1.1 200 OK"
2026-04-01 16:56:01,362 - INFO - httpx - _send_single_request - HTTP Request: GET https://huggingface.co/api/models/sentence-transformers/all-MiniLM-L6-v2 "HTTP/1.1 200 OK"
2026-04-01 16:56:01,393 - INFO - chatbot_app - log_requests - Request end: POST /upload - Status 200 - Time 18.940s
2026-04-01 16:56:26,129 - INFO - chatbot_app - log_requests - Request start: POST /upload
2026-04-01 16:56:26,138 - INFO - chatbot_app - log_requests - Request end: POST /upload - Status 200 - Time 0.009s
2026-04-01 16:56:44,250 - INFO - chatbot_app - log_requests - Request start: POST /upload
2026-04-01 16:56:44,428 - INFO - chatbot_app - log_requests - Request end: POST /upload - Status 200 - Time 0.177s
2026-04-01 16:59:09,991 - INFO - chatbot_app - log_requests - Request start: POST /chat
2026-04-01 16:59:10,343 - INFO - httpx - _send_single_request - HTTP Request: POST https://api.groq.com/openai/v1/chat/completions "HTTP/1.1 200 OK"
2026-04-01 16:59:10,526 - INFO - httpx - _send_single_request - HTTP Request: POST https://api.groq.com/openai/v1/chat/completions "HTTP/1.1 200 OK"
2026-04-01 16:59:10,548 - INFO - chatbot_app - log_requests - Request end: POST /chat - Status 200 - Time 0.557s
2026-04-01 17:01:19,851 - INFO - chatbot_app - log_requests - Request start: POST /chat
2026-04-01 17:01:20,021 - INFO - httpx - _send_single_request - HTTP Request: POST https://api.groq.com/openai/v1/chat/completions "HTTP/1.1 200 OK"
2026-04-01 17:01:20,257 - INFO - httpx - _send_single_request - HTTP Request: POST https://api.groq.com/openai/v1/chat/completions "HTTP/1.1 200 OK"
2026-04-01 17:01:20,283 - INFO - chatbot_app - log_requests - Request end: POST /chat - Status 200 - Time 0.432s
2026-04-01 17:03:49,741 - INFO - chatbot_app - log_requests - Request start: POST /chat
2026-04-01 17:03:49,972 - INFO - httpx - _send_single_request - HTTP Request: POST https://api.groq.com/openai/v1/chat/completions "HTTP/1.1 200 OK"
2026-04-01 17:03:50,223 - INFO - httpx - _send_single_request - HTTP Request: POST https://api.groq.com/openai/v1/chat/completions "HTTP/1.1 200 OK"
2026-04-01 17:03:50,249 - INFO - chatbot_app - log_requests - Request end: POST /chat - Status 200 - Time 0.509s
2026-04-01 17:11:31,933 - INFO - chatbot_app - log_requests - Request start: OPTIONS /chat
2026-04-01 17:11:31,933 - INFO - chatbot_app - log_requests - Request end: OPTIONS /chat - Status 200 - Time 0.000s
2026-04-01 17:11:31,933 - INFO - chatbot_app - log_requests - Request start: POST /chat
2026-04-01 17:11:31,962 - INFO - chatbot_app - log_requests - Request end: POST /chat - Status 200 - Time 0.030s
2026-04-01 17:16:59,008 - INFO - sentence_transformers.SentenceTransformer - __init__ - Use pytorch device_name: cpu
2026-04-01 17:16:59,010 - INFO - sentence_transformers.SentenceTransformer - __init__ - Load pretrained SentenceTransformer: sentence-transformers/all-MiniLM-L6-v2
2026-04-01 17:16:59,308 - INFO - httpx - _send_single_request - HTTP Request: HEAD https://huggingface.co/sentence-transformers/all-MiniLM-L6-v2/resolve/main/modules.json "HTTP/1.1 307 Temporary Redirect"
2026-04-01 17:16:59,419 - INFO - httpx - _send_single_request - HTTP Request: HEAD https://huggingface.co/api/resolve-cache/models/sentence-transformers/all-MiniLM-L6-v2/c9745ed1d9f207416be6d2e6f8de32d1f16199bf/modules.json "HTTP/1.1 200 OK"
2026-04-01 17:16:59,735 - INFO - httpx - _send_single_request - HTTP Request: HEAD https://huggingface.co/sentence-transformers/all-MiniLM-L6-v2/resolve/main/config_sentence_transformers.json "HTTP/1.1 307 Temporary Redirect"
2026-04-01 17:16:59,862 - INFO - httpx - _send_single_request - HTTP Request: HEAD https://huggingface.co/api/resolve-cache/models/sentence-transformers/all-MiniLM-L6-v2/c9745ed1d9f207416be6d2e6f8de32d1f16199bf/config_sentence_transformers.json "HTTP/1.1 200 OK"
2026-04-01 17:17:00,173 - INFO - httpx - _send_single_request - HTTP Request: HEAD https://huggingface.co/sentence-transformers/all-MiniLM-L6-v2/resolve/main/config_sentence_transformers.json "HTTP/1.1 307 Temporary Redirect"
2026-04-01 17:17:00,284 - INFO - httpx - _send_single_request - HTTP Request: HEAD https://huggingface.co/api/resolve-cache/models/sentence-transformers/all-MiniLM-L6-v2/c9745ed1d9f207416be6d2e6f8de32d1f16199bf/config_sentence_transformers.json "HTTP/1.1 200 OK"
2026-04-01 17:17:00,622 - INFO - httpx - _send_single_request - HTTP Request: HEAD https://huggingface.co/sentence-transformers/all-MiniLM-L6-v2/resolve/main/README.md "HTTP/1.1 307 Temporary Redirect"
2026-04-01 17:17:00,727 - INFO - httpx - _send_single_request - HTTP Request: HEAD https://huggingface.co/api/resolve-cache/models/sentence-transformers/all-MiniLM-L6-v2/c9745ed1d9f207416be6d2e6f8de32d1f16199bf/README.md "HTTP/1.1 200 OK"
2026-04-01 17:17:01,039 - INFO - httpx - _send_single_request - HTTP Request: HEAD https://huggingface.co/sentence-transformers/all-MiniLM-L6-v2/resolve/main/modules.json "HTTP/1.1 307 Temporary Redirect"
2026-04-01 17:17:01,141 - INFO - httpx - _send_single_request - HTTP Request: HEAD https://huggingface.co/api/resolve-cache/models/sentence-transformers/all-MiniLM-L6-v2/c9745ed1d9f207416be6d2e6f8de32d1f16199bf/modules.json "HTTP/1.1 200 OK"
2026-04-01 17:17:01,453 - INFO - httpx - _send_single_request - HTTP Request: HEAD https://huggingface.co/sentence-transformers/all-MiniLM-L6-v2/resolve/main/sentence_bert_config.json "HTTP/1.1 307 Temporary Redirect"
2026-04-01 17:17:01,557 - INFO - httpx - _send_single_request - HTTP Request: HEAD https://huggingface.co/api/resolve-cache/models/sentence-transformers/all-MiniLM-L6-v2/c9745ed1d9f207416be6d2e6f8de32d1f16199bf/sentence_bert_config.json "HTTP/1.1 200 OK"
2026-04-01 17:17:01,873 - INFO - httpx - _send_single_request - HTTP Request: HEAD https://huggingface.co/sentence-transformers/all-MiniLM-L6-v2/resolve/main/adapter_config.json "HTTP/1.1 404 Not Found"
2026-04-01 17:17:02,189 - INFO - httpx - _send_single_request - HTTP Request: HEAD https://huggingface.co/sentence-transformers/all-MiniLM-L6-v2/resolve/main/config.json "HTTP/1.1 307 Temporary Redirect"
2026-04-01 17:17:02,293 - INFO - httpx - _send_single_request - HTTP Request: HEAD https://huggingface.co/api/resolve-cache/models/sentence-transformers/all-MiniLM-L6-v2/c9745ed1d9f207416be6d2e6f8de32d1f16199bf/config.json "HTTP/1.1 200 OK"
2026-04-01 17:17:02,671 - INFO - httpx - _send_single_request - HTTP Request: HEAD https://huggingface.co/sentence-transformers/all-MiniLM-L6-v2/resolve/main/config.json "HTTP/1.1 307 Temporary Redirect"
2026-04-01 17:17:02,792 - INFO - httpx - _send_single_request - HTTP Request: HEAD https://huggingface.co/api/resolve-cache/models/sentence-transformers/all-MiniLM-L6-v2/c9745ed1d9f207416be6d2e6f8de32d1f16199bf/config.json "HTTP/1.1 200 OK"
2026-04-01 17:17:03,107 - INFO - httpx - _send_single_request - HTTP Request: HEAD https://huggingface.co/sentence-transformers/all-MiniLM-L6-v2/resolve/main/tokenizer_config.json "HTTP/1.1 307 Temporary Redirect"
2026-04-01 17:17:03,210 - INFO - httpx - _send_single_request - HTTP Request: HEAD https://huggingface.co/api/resolve-cache/models/sentence-transformers/all-MiniLM-L6-v2/c9745ed1d9f207416be6d2e6f8de32d1f16199bf/tokenizer_config.json "HTTP/1.1 200 OK"
2026-04-01 17:17:03,549 - INFO - httpx - _send_single_request - HTTP Request: GET https://huggingface.co/api/models/sentence-transformers/all-MiniLM-L6-v2/tree/main/additional_chat_templates?recursive=false&expand=false "HTTP/1.1 404 Not Found"
2026-04-01 17:17:03,859 - INFO - httpx - _send_single_request - HTTP Request: GET https://huggingface.co/api/models/sentence-transformers/all-MiniLM-L6-v2/tree/main?recursive=true&expand=false "HTTP/1.1 200 OK"
2026-04-01 17:17:04,256 - INFO - httpx - _send_single_request - HTTP Request: HEAD https://huggingface.co/sentence-transformers/all-MiniLM-L6-v2/resolve/main/1_Pooling/config.json "HTTP/1.1 307 Temporary Redirect"
2026-04-01 17:17:04,340 - INFO - httpx - _send_single_request - HTTP Request: HEAD https://huggingface.co/api/resolve-cache/models/sentence-transformers/all-MiniLM-L6-v2/c9745ed1d9f207416be6d2e6f8de32d1f16199bf/1_Pooling%2Fconfig.json "HTTP/1.1 200 OK"
2026-04-01 17:17:04,665 - INFO - httpx - _send_single_request - HTTP Request: GET https://huggingface.co/api/models/sentence-transformers/all-MiniLM-L6-v2 "HTTP/1.1 200 OK"
2026-04-01 17:17:04,680 - INFO - faiss.loader - <module> - Loading faiss with AVX2 support.
2026-04-01 17:17:04,699 - INFO - faiss.loader - <module> - Successfully loaded faiss with AVX2 support.
2026-04-01 17:18:46,657 - INFO - sentence_transformers.SentenceTransformer - __init__ - Use pytorch device_name: cpu
2026-04-01 17:18:46,657 - INFO - sentence_transformers.SentenceTransformer - __init__ - Load pretrained SentenceTransformer: sentence-transformers/all-MiniLM-L6-v2
2026-04-01 17:18:46,972 - INFO - httpx - _send_single_request - HTTP Request: HEAD https://huggingface.co/sentence-transformers/all-MiniLM-L6-v2/resolve/main/modules.json "HTTP/1.1 307 Temporary Redirect"
2026-04-01 17:18:47,049 - INFO - httpx - _send_single_request - HTTP Request: HEAD https://huggingface.co/api/resolve-cache/models/sentence-transformers/all-MiniLM-L6-v2/c9745ed1d9f207416be6d2e6f8de32d1f16199bf/modules.json "HTTP/1.1 200 OK"
2026-04-01 17:18:47,344 - INFO - httpx - _send_single_request - HTTP Request: HEAD https://huggingface.co/sentence-transformers/all-MiniLM-L6-v2/resolve/main/config_sentence_transformers.json "HTTP/1.1 307 Temporary Redirect"
2026-04-01 17:18:47,422 - INFO - httpx - _send_single_request - HTTP Request: HEAD https://huggingface.co/api/resolve-cache/models/sentence-transformers/all-MiniLM-L6-v2/c9745ed1d9f207416be6d2e6f8de32d1f16199bf/config_sentence_transformers.json "HTTP/1.1 200 OK"
2026-04-01 17:18:47,718 - INFO - httpx - _send_single_request - HTTP Request: HEAD https://huggingface.co/sentence-transformers/all-MiniLM-L6-v2/resolve/main/config_sentence_transformers.json "HTTP/1.1 307 Temporary Redirect"
2026-04-01 17:18:47,808 - INFO - httpx - _send_single_request - HTTP Request: HEAD https://huggingface.co/api/resolve-cache/models/sentence-transformers/all-MiniLM-L6-v2/c9745ed1d9f207416be6d2e6f8de32d1f16199bf/config_sentence_transformers.json "HTTP/1.1 200 OK"
2026-04-01 17:18:48,106 - INFO - httpx - _send_single_request - HTTP Request: HEAD https://huggingface.co/sentence-transformers/all-MiniLM-L6-v2/resolve/main/README.md "HTTP/1.1 307 Temporary Redirect"
2026-04-01 17:18:48,189 - INFO - httpx - _send_single_request - HTTP Request: HEAD https://huggingface.co/api/resolve-cache/models/sentence-transformers/all-MiniLM-L6-v2/c9745ed1d9f207416be6d2e6f8de32d1f16199bf/README.md "HTTP/1.1 200 OK"
2026-04-01 17:18:48,507 - INFO - httpx - _send_single_request - HTTP Request: HEAD https://huggingface.co/sentence-transformers/all-MiniLM-L6-v2/resolve/main/modules.json "HTTP/1.1 307 Temporary Redirect"
2026-04-01 17:18:48,594 - INFO - httpx - _send_single_request - HTTP Request: HEAD https://huggingface.co/api/resolve-cache/models/sentence-transformers/all-MiniLM-L6-v2/c9745ed1d9f207416be6d2e6f8de32d1f16199bf/modules.json "HTTP/1.1 200 OK"
2026-04-01 17:18:48,910 - INFO - httpx - _send_single_request - HTTP Request: HEAD https://huggingface.co/sentence-transformers/all-MiniLM-L6-v2/resolve/main/sentence_bert_config.json "HTTP/1.1 307 Temporary Redirect"
2026-04-01 17:18:48,991 - INFO - httpx - _send_single_request - HTTP Request: HEAD https://huggingface.co/api/resolve-cache/models/sentence-transformers/all-MiniLM-L6-v2/c9745ed1d9f207416be6d2e6f8de32d1f16199bf/sentence_bert_config.json "HTTP/1.1 200 OK"
2026-04-01 17:18:49,307 - INFO - httpx - _send_single_request - HTTP Request: HEAD https://huggingface.co/sentence-transformers/all-MiniLM-L6-v2/resolve/main/adapter_config.json "HTTP/1.1 404 Not Found"
2026-04-01 17:18:49,617 - INFO - httpx - _send_single_request - HTTP Request: HEAD https://huggingface.co/sentence-transformers/all-MiniLM-L6-v2/resolve/main/config.json "HTTP/1.1 307 Temporary Redirect"
2026-04-01 17:18:49,697 - INFO - httpx - _send_single_request - HTTP Request: HEAD https://huggingface.co/api/resolve-cache/models/sentence-transformers/all-MiniLM-L6-v2/c9745ed1d9f207416be6d2e6f8de32d1f16199bf/config.json "HTTP/1.1 200 OK"
2026-04-01 17:18:50,063 - INFO - httpx - _send_single_request - HTTP Request: HEAD https://huggingface.co/sentence-transformers/all-MiniLM-L6-v2/resolve/main/config.json "HTTP/1.1 307 Temporary Redirect"
2026-04-01 17:18:50,139 - INFO - httpx - _send_single_request - HTTP Request: HEAD https://huggingface.co/api/resolve-cache/models/sentence-transformers/all-MiniLM-L6-v2/c9745ed1d9f207416be6d2e6f8de32d1f16199bf/config.json "HTTP/1.1 200 OK"
2026-04-01 17:18:50,440 - INFO - httpx - _send_single_request - HTTP Request: HEAD https://huggingface.co/sentence-transformers/all-MiniLM-L6-v2/resolve/main/tokenizer_config.json "HTTP/1.1 307 Temporary Redirect"
2026-04-01 17:18:50,518 - INFO - httpx - _send_single_request - HTTP Request: HEAD https://huggingface.co/api/resolve-cache/models/sentence-transformers/all-MiniLM-L6-v2/c9745ed1d9f207416be6d2e6f8de32d1f16199bf/tokenizer_config.json "HTTP/1.1 200 OK"
2026-04-01 17:18:50,817 - INFO - httpx - _send_single_request - HTTP Request: GET https://huggingface.co/api/models/sentence-transformers/all-MiniLM-L6-v2/tree/main/additional_chat_templates?recursive=false&expand=false "HTTP/1.1 404 Not Found"
2026-04-01 17:18:51,128 - INFO - httpx - _send_single_request - HTTP Request: GET https://huggingface.co/api/models/sentence-transformers/all-MiniLM-L6-v2/tree/main?recursive=true&expand=false "HTTP/1.1 200 OK"
2026-04-01 17:18:51,490 - INFO - httpx - _send_single_request - HTTP Request: HEAD https://huggingface.co/sentence-transformers/all-MiniLM-L6-v2/resolve/main/1_Pooling/config.json "HTTP/1.1 307 Temporary Redirect"
2026-04-01 17:18:51,563 - INFO - httpx - _send_single_request - HTTP Request: HEAD https://huggingface.co/api/resolve-cache/models/sentence-transformers/all-MiniLM-L6-v2/c9745ed1d9f207416be6d2e6f8de32d1f16199bf/1_Pooling%2Fconfig.json "HTTP/1.1 200 OK"
2026-04-01 17:18:51,886 - INFO - httpx - _send_single_request - HTTP Request: GET https://huggingface.co/api/models/sentence-transformers/all-MiniLM-L6-v2 "HTTP/1.1 200 OK"
2026-04-01 17:19:12,801 - INFO - chatbot_app - log_requests - Request start: POST /upload
2026-04-01 17:19:12,807 - INFO - chatbot_app - log_requests - Request end: POST /upload - Status 200 - Time 0.006s
2026-04-01 17:19:36,658 - INFO - chatbot_app - log_requests - Request start: POST /upload
2026-04-01 17:19:36,664 - INFO - chatbot_app - log_requests - Request end: POST /upload - Status 200 - Time 0.006s
2026-04-01 17:20:13,753 - INFO - chatbot_app - log_requests - Request start: POST /chat
2026-04-01 17:20:13,786 - INFO - chatbot_app - log_requests - Request end: POST /chat - Status 200 - Time 0.033s
2026-04-01 17:21:26,152 - INFO - sentence_transformers.SentenceTransformer - __init__ - Use pytorch device_name: cpu
2026-04-01 17:21:26,152 - INFO - sentence_transformers.SentenceTransformer - __init__ - Load pretrained SentenceTransformer: sentence-transformers/all-MiniLM-L6-v2
2026-04-01 17:21:26,510 - INFO - httpx - _send_single_request - HTTP Request: HEAD https://huggingface.co/sentence-transformers/all-MiniLM-L6-v2/resolve/main/modules.json "HTTP/1.1 307 Temporary Redirect"
2026-04-01 17:21:26,648 - INFO - httpx - _send_single_request - HTTP Request: HEAD https://huggingface.co/api/resolve-cache/models/sentence-transformers/all-MiniLM-L6-v2/c9745ed1d9f207416be6d2e6f8de32d1f16199bf/modules.json "HTTP/1.1 200 OK"
2026-04-01 17:21:27,002 - INFO - httpx - _send_single_request - HTTP Request: HEAD https://huggingface.co/sentence-transformers/all-MiniLM-L6-v2/resolve/main/config_sentence_transformers.json "HTTP/1.1 307 Temporary Redirect"
2026-04-01 17:21:27,156 - INFO - httpx - _send_single_request - HTTP Request: HEAD https://huggingface.co/api/resolve-cache/models/sentence-transformers/all-MiniLM-L6-v2/c9745ed1d9f207416be6d2e6f8de32d1f16199bf/config_sentence_transformers.json "HTTP/1.1 200 OK"
2026-04-01 17:21:27,505 - INFO - httpx - _send_single_request - HTTP Request: HEAD https://huggingface.co/sentence-transformers/all-MiniLM-L6-v2/resolve/main/config_sentence_transformers.json "HTTP/1.1 307 Temporary Redirect"
2026-04-01 17:21:27,666 - INFO - httpx - _send_single_request - HTTP Request: HEAD https://huggingface.co/api/resolve-cache/models/sentence-transformers/all-MiniLM-L6-v2/c9745ed1d9f207416be6d2e6f8de32d1f16199bf/config_sentence_transformers.json "HTTP/1.1 200 OK"
2026-04-01 17:21:28,021 - INFO - httpx - _send_single_request - HTTP Request: HEAD https://huggingface.co/sentence-transformers/all-MiniLM-L6-v2/resolve/main/README.md "HTTP/1.1 307 Temporary Redirect"
2026-04-01 17:21:28,161 - INFO - httpx - _send_single_request - HTTP Request: HEAD https://huggingface.co/api/resolve-cache/models/sentence-transformers/all-MiniLM-L6-v2/c9745ed1d9f207416be6d2e6f8de32d1f16199bf/README.md "HTTP/1.1 200 OK"
2026-04-01 17:21:28,521 - INFO - httpx - _send_single_request - HTTP Request: HEAD https://huggingface.co/sentence-transformers/all-MiniLM-L6-v2/resolve/main/modules.json "HTTP/1.1 307 Temporary Redirect"
2026-04-01 17:21:28,664 - INFO - httpx - _send_single_request - HTTP Request: HEAD https://huggingface.co/api/resolve-cache/models/sentence-transformers/all-MiniLM-L6-v2/c9745ed1d9f207416be6d2e6f8de32d1f16199bf/modules.json "HTTP/1.1 200 OK"
2026-04-01 17:21:29,017 - INFO - httpx - _send_single_request - HTTP Request: HEAD https://huggingface.co/sentence-transformers/all-MiniLM-L6-v2/resolve/main/sentence_bert_config.json "HTTP/1.1 307 Temporary Redirect"
2026-04-01 17:21:29,158 - INFO - httpx - _send_single_request - HTTP Request: HEAD https://huggingface.co/api/resolve-cache/models/sentence-transformers/all-MiniLM-L6-v2/c9745ed1d9f207416be6d2e6f8de32d1f16199bf/sentence_bert_config.json "HTTP/1.1 200 OK"
2026-04-01 17:21:29,543 - INFO - httpx - _send_single_request - HTTP Request: HEAD https://huggingface.co/sentence-transformers/all-MiniLM-L6-v2/resolve/main/adapter_config.json "HTTP/1.1 404 Not Found"
2026-04-01 17:21:29,886 - INFO - httpx - _send_single_request - HTTP Request: HEAD https://huggingface.co/sentence-transformers/all-MiniLM-L6-v2/resolve/main/config.json "HTTP/1.1 307 Temporary Redirect"
2026-04-01 17:21:30,040 - INFO - httpx - _send_single_request - HTTP Request: HEAD https://huggingface.co/api/resolve-cache/models/sentence-transformers/all-MiniLM-L6-v2/c9745ed1d9f207416be6d2e6f8de32d1f16199bf/config.json "HTTP/1.1 200 OK"
2026-04-01 17:21:30,452 - INFO - httpx - _send_single_request - HTTP Request: HEAD https://huggingface.co/sentence-transformers/all-MiniLM-L6-v2/resolve/main/config.json "HTTP/1.1 307 Temporary Redirect"
2026-04-01 17:21:30,601 - INFO - httpx - _send_single_request - HTTP Request: HEAD https://huggingface.co/api/resolve-cache/models/sentence-transformers/all-MiniLM-L6-v2/c9745ed1d9f207416be6d2e6f8de32d1f16199bf/config.json "HTTP/1.1 200 OK"
2026-04-01 17:21:30,958 - INFO - httpx - _send_single_request - HTTP Request: HEAD https://huggingface.co/sentence-transformers/all-MiniLM-L6-v2/resolve/main/tokenizer_config.json "HTTP/1.1 307 Temporary Redirect"
2026-04-01 17:21:31,093 - INFO - httpx - _send_single_request - HTTP Request: HEAD https://huggingface.co/api/resolve-cache/models/sentence-transformers/all-MiniLM-L6-v2/c9745ed1d9f207416be6d2e6f8de32d1f16199bf/tokenizer_config.json "HTTP/1.1 200 OK"
2026-04-01 17:21:31,460 - INFO - httpx - _send_single_request - HTTP Request: GET https://huggingface.co/api/models/sentence-transformers/all-MiniLM-L6-v2/tree/main/additional_chat_templates?recursive=false&expand=false "HTTP/1.1 404 Not Found"
2026-04-01 17:21:31,816 - INFO - httpx - _send_single_request - HTTP Request: GET https://huggingface.co/api/models/sentence-transformers/all-MiniLM-L6-v2/tree/main?recursive=true&expand=false "HTTP/1.1 200 OK"
2026-04-01 17:21:32,245 - INFO - httpx - _send_single_request - HTTP Request: HEAD https://huggingface.co/sentence-transformers/all-MiniLM-L6-v2/resolve/main/1_Pooling/config.json "HTTP/1.1 307 Temporary Redirect"
2026-04-01 17:21:32,380 - INFO - httpx - _send_single_request - HTTP Request: HEAD https://huggingface.co/api/resolve-cache/models/sentence-transformers/all-MiniLM-L6-v2/c9745ed1d9f207416be6d2e6f8de32d1f16199bf/1_Pooling%2Fconfig.json "HTTP/1.1 200 OK"
2026-04-01 17:21:32,750 - INFO - httpx - _send_single_request - HTTP Request: GET https://huggingface.co/api/models/sentence-transformers/all-MiniLM-L6-v2 "HTTP/1.1 200 OK"
2026-04-01 17:22:26,887 - INFO - chatbot_app - log_requests - Request start: POST /upload
2026-04-01 17:22:29,283 - INFO - sentence_transformers.SentenceTransformer - __init__ - Use pytorch device_name: cpu
2026-04-01 17:22:29,283 - INFO - sentence_transformers.SentenceTransformer - __init__ - Load pretrained SentenceTransformer: sentence-transformers/all-MiniLM-L6-v2
2026-04-01 17:22:30,061 - INFO - httpx - _send_single_request - HTTP Request: HEAD https://huggingface.co/sentence-transformers/all-MiniLM-L6-v2/resolve/main/modules.json "HTTP/1.1 307 Temporary Redirect"
2026-04-01 17:22:30,173 - INFO - httpx - _send_single_request - HTTP Request: HEAD https://huggingface.co/api/resolve-cache/models/sentence-transformers/all-MiniLM-L6-v2/c9745ed1d9f207416be6d2e6f8de32d1f16199bf/modules.json "HTTP/1.1 200 OK"
2026-04-01 17:22:30,503 - INFO - httpx - _send_single_request - HTTP Request: HEAD https://huggingface.co/sentence-transformers/all-MiniLM-L6-v2/resolve/main/config_sentence_transformers.json "HTTP/1.1 307 Temporary Redirect"
2026-04-01 17:22:30,624 - INFO - httpx - _send_single_request - HTTP Request: HEAD https://huggingface.co/api/resolve-cache/models/sentence-transformers/all-MiniLM-L6-v2/c9745ed1d9f207416be6d2e6f8de32d1f16199bf/config_sentence_transformers.json "HTTP/1.1 200 OK"
2026-04-01 17:22:30,941 - INFO - httpx - _send_single_request - HTTP Request: HEAD https://huggingface.co/sentence-transformers/all-MiniLM-L6-v2/resolve/main/config_sentence_transformers.json "HTTP/1.1 307 Temporary Redirect"
2026-04-01 17:22:31,042 - INFO - httpx - _send_single_request - HTTP Request: HEAD https://huggingface.co/api/resolve-cache/models/sentence-transformers/all-MiniLM-L6-v2/c9745ed1d9f207416be6d2e6f8de32d1f16199bf/config_sentence_transformers.json "HTTP/1.1 200 OK"
2026-04-01 17:22:31,353 - INFO - httpx - _send_single_request - HTTP Request: HEAD https://huggingface.co/sentence-transformers/all-MiniLM-L6-v2/resolve/main/README.md "HTTP/1.1 307 Temporary Redirect"
2026-04-01 17:22:31,466 - INFO - httpx - _send_single_request - HTTP Request: HEAD https://huggingface.co/api/resolve-cache/models/sentence-transformers/all-MiniLM-L6-v2/c9745ed1d9f207416be6d2e6f8de32d1f16199bf/README.md "HTTP/1.1 200 OK"
2026-04-01 17:22:31,781 - INFO - httpx - _send_single_request - HTTP Request: HEAD https://huggingface.co/sentence-transformers/all-MiniLM-L6-v2/resolve/main/modules.json "HTTP/1.1 307 Temporary Redirect"
2026-04-01 17:22:31,876 - INFO - httpx - _send_single_request - HTTP Request: HEAD https://huggingface.co/api/resolve-cache/models/sentence-transformers/all-MiniLM-L6-v2/c9745ed1d9f207416be6d2e6f8de32d1f16199bf/modules.json "HTTP/1.1 200 OK"
2026-04-01 17:22:32,230 - INFO - httpx - _send_single_request - HTTP Request: HEAD https://huggingface.co/sentence-transformers/all-MiniLM-L6-v2/resolve/main/sentence_bert_config.json "HTTP/1.1 307 Temporary Redirect"
2026-04-01 17:22:32,327 - INFO - httpx - _send_single_request - HTTP Request: HEAD https://huggingface.co/api/resolve-cache/models/sentence-transformers/all-MiniLM-L6-v2/c9745ed1d9f207416be6d2e6f8de32d1f16199bf/sentence_bert_config.json "HTTP/1.1 200 OK"
2026-04-01 17:22:32,659 - INFO - httpx - _send_single_request - HTTP Request: HEAD https://huggingface.co/sentence-transformers/all-MiniLM-L6-v2/resolve/main/adapter_config.json "HTTP/1.1 404 Not Found"
2026-04-01 17:22:32,982 - INFO - httpx - _send_single_request - HTTP Request: HEAD https://huggingface.co/sentence-transformers/all-MiniLM-L6-v2/resolve/main/config.json "HTTP/1.1 307 Temporary Redirect"
2026-04-01 17:22:33,078 - INFO - httpx - _send_single_request - HTTP Request: HEAD https://huggingface.co/api/resolve-cache/models/sentence-transformers/all-MiniLM-L6-v2/c9745ed1d9f207416be6d2e6f8de32d1f16199bf/config.json "HTTP/1.1 200 OK"
2026-04-01 17:22:33,486 - INFO - httpx - _send_single_request - HTTP Request: HEAD https://huggingface.co/sentence-transformers/all-MiniLM-L6-v2/resolve/main/config.json "HTTP/1.1 307 Temporary Redirect"
2026-04-01 17:22:33,595 - INFO - httpx - _send_single_request - HTTP Request: HEAD https://huggingface.co/api/resolve-cache/models/sentence-transformers/all-MiniLM-L6-v2/c9745ed1d9f207416be6d2e6f8de32d1f16199bf/config.json "HTTP/1.1 200 OK"
2026-04-01 17:22:33,918 - INFO - httpx - _send_single_request - HTTP Request: HEAD https://huggingface.co/sentence-transformers/all-MiniLM-L6-v2/resolve/main/tokenizer_config.json "HTTP/1.1 307 Temporary Redirect"
2026-04-01 17:22:34,037 - INFO - httpx - _send_single_request - HTTP Request: HEAD https://huggingface.co/api/resolve-cache/models/sentence-transformers/all-MiniLM-L6-v2/c9745ed1d9f207416be6d2e6f8de32d1f16199bf/tokenizer_config.json "HTTP/1.1 200 OK"
2026-04-01 17:22:34,357 - INFO - httpx - _send_single_request - HTTP Request: GET https://huggingface.co/api/models/sentence-transformers/all-MiniLM-L6-v2/tree/main/additional_chat_templates?recursive=false&expand=false "HTTP/1.1 404 Not Found"
2026-04-01 17:22:34,685 - INFO - httpx - _send_single_request - HTTP Request: GET https://huggingface.co/api/models/sentence-transformers/all-MiniLM-L6-v2/tree/main?recursive=true&expand=false "HTTP/1.1 200 OK"
2026-04-01 17:22:35,082 - INFO - httpx - _send_single_request - HTTP Request: HEAD https://huggingface.co/sentence-transformers/all-MiniLM-L6-v2/resolve/main/1_Pooling/config.json "HTTP/1.1 307 Temporary Redirect"
2026-04-01 17:22:35,182 - INFO - httpx - _send_single_request - HTTP Request: HEAD https://huggingface.co/api/resolve-cache/models/sentence-transformers/all-MiniLM-L6-v2/c9745ed1d9f207416be6d2e6f8de32d1f16199bf/1_Pooling%2Fconfig.json "HTTP/1.1 200 OK"
2026-04-01 17:22:35,523 - INFO - httpx - _send_single_request - HTTP Request: GET https://huggingface.co/api/models/sentence-transformers/all-MiniLM-L6-v2 "HTTP/1.1 200 OK"
2026-04-01 17:22:35,917 - INFO - faiss.loader - <module> - Loading faiss with AVX2 support.
2026-04-01 17:22:35,939 - INFO - faiss.loader - <module> - Successfully loaded faiss with AVX2 support.
2026-04-01 17:22:35,954 - INFO - sentence_transformers.SentenceTransformer - __init__ - Use pytorch device_name: cpu
2026-04-01 17:22:35,954 - INFO - sentence_transformers.SentenceTransformer - __init__ - Load pretrained SentenceTransformer: sentence-transformers/all-MiniLM-L6-v2
2026-04-01 17:22:36,274 - INFO - httpx - _send_single_request - HTTP Request: HEAD https://huggingface.co/sentence-transformers/all-MiniLM-L6-v2/resolve/main/modules.json "HTTP/1.1 307 Temporary Redirect"
2026-04-01 17:22:36,378 - INFO - httpx - _send_single_request - HTTP Request: HEAD https://huggingface.co/api/resolve-cache/models/sentence-transformers/all-MiniLM-L6-v2/c9745ed1d9f207416be6d2e6f8de32d1f16199bf/modules.json "HTTP/1.1 200 OK"
2026-04-01 17:22:36,685 - INFO - httpx - _send_single_request - HTTP Request: HEAD https://huggingface.co/sentence-transformers/all-MiniLM-L6-v2/resolve/main/config_sentence_transformers.json "HTTP/1.1 307 Temporary Redirect"
2026-04-01 17:22:36,803 - INFO - httpx - _send_single_request - HTTP Request: HEAD https://huggingface.co/api/resolve-cache/models/sentence-transformers/all-MiniLM-L6-v2/c9745ed1d9f207416be6d2e6f8de32d1f16199bf/config_sentence_transformers.json "HTTP/1.1 200 OK"
2026-04-01 17:22:37,127 - INFO - httpx - _send_single_request - HTTP Request: HEAD https://huggingface.co/sentence-transformers/all-MiniLM-L6-v2/resolve/main/config_sentence_transformers.json "HTTP/1.1 307 Temporary Redirect"
2026-04-01 17:22:37,220 - INFO - httpx - _send_single_request - HTTP Request: HEAD https://huggingface.co/api/resolve-cache/models/sentence-transformers/all-MiniLM-L6-v2/c9745ed1d9f207416be6d2e6f8de32d1f16199bf/config_sentence_transformers.json "HTTP/1.1 200 OK"
2026-04-01 17:22:37,554 - INFO - httpx - _send_single_request - HTTP Request: HEAD https://huggingface.co/sentence-transformers/all-MiniLM-L6-v2/resolve/main/README.md "HTTP/1.1 307 Temporary Redirect"
2026-04-01 17:22:37,654 - INFO - httpx - _send_single_request - HTTP Request: HEAD https://huggingface.co/api/resolve-cache/models/sentence-transformers/all-MiniLM-L6-v2/c9745ed1d9f207416be6d2e6f8de32d1f16199bf/README.md "HTTP/1.1 200 OK"
2026-04-01 17:22:37,986 - INFO - httpx - _send_single_request - HTTP Request: HEAD https://huggingface.co/sentence-transformers/all-MiniLM-L6-v2/resolve/main/modules.json "HTTP/1.1 307 Temporary Redirect"
2026-04-01 17:22:38,088 - INFO - httpx - _send_single_request - HTTP Request: HEAD https://huggingface.co/api/resolve-cache/models/sentence-transformers/all-MiniLM-L6-v2/c9745ed1d9f207416be6d2e6f8de32d1f16199bf/modules.json "HTTP/1.1 200 OK"
2026-04-01 17:22:38,410 - INFO - httpx - _send_single_request - HTTP Request: HEAD https://huggingface.co/sentence-transformers/all-MiniLM-L6-v2/resolve/main/sentence_bert_config.json "HTTP/1.1 307 Temporary Redirect"
2026-04-01 17:22:38,504 - INFO - httpx - _send_single_request - HTTP Request: HEAD https://huggingface.co/api/resolve-cache/models/sentence-transformers/all-MiniLM-L6-v2/c9745ed1d9f207416be6d2e6f8de32d1f16199bf/sentence_bert_config.json "HTTP/1.1 200 OK"
2026-04-01 17:22:38,829 - INFO - httpx - _send_single_request - HTTP Request: HEAD https://huggingface.co/sentence-transformers/all-MiniLM-L6-v2/resolve/main/adapter_config.json "HTTP/1.1 404 Not Found"
2026-04-01 17:22:39,149 - INFO - httpx - _send_single_request - HTTP Request: HEAD https://huggingface.co/sentence-transformers/all-MiniLM-L6-v2/resolve/main/config.json "HTTP/1.1 307 Temporary Redirect"
2026-04-01 17:22:39,263 - INFO - httpx - _send_single_request - HTTP Request: HEAD https://huggingface.co/api/resolve-cache/models/sentence-transformers/all-MiniLM-L6-v2/c9745ed1d9f207416be6d2e6f8de32d1f16199bf/config.json "HTTP/1.1 200 OK"
2026-04-01 17:22:39,619 - INFO - httpx - _send_single_request - HTTP Request: HEAD https://huggingface.co/sentence-transformers/all-MiniLM-L6-v2/resolve/main/config.json "HTTP/1.1 307 Temporary Redirect"
2026-04-01 17:22:39,747 - INFO - httpx - _send_single_request - HTTP Request: HEAD https://huggingface.co/api/resolve-cache/models/sentence-transformers/all-MiniLM-L6-v2/c9745ed1d9f207416be6d2e6f8de32d1f16199bf/config.json "HTTP/1.1 200 OK"
2026-04-01 17:22:40,092 - INFO - httpx - _send_single_request - HTTP Request: HEAD https://huggingface.co/sentence-transformers/all-MiniLM-L6-v2/resolve/main/tokenizer_config.json "HTTP/1.1 307 Temporary Redirect"
2026-04-01 17:22:40,245 - INFO - httpx - _send_single_request - HTTP Request: HEAD https://huggingface.co/api/resolve-cache/models/sentence-transformers/all-MiniLM-L6-v2/c9745ed1d9f207416be6d2e6f8de32d1f16199bf/tokenizer_config.json "HTTP/1.1 200 OK"
2026-04-01 17:22:40,581 - INFO - httpx - _send_single_request - HTTP Request: GET https://huggingface.co/api/models/sentence-transformers/all-MiniLM-L6-v2/tree/main/additional_chat_templates?recursive=false&expand=false "HTTP/1.1 404 Not Found"
2026-04-01 17:22:40,898 - INFO - httpx - _send_single_request - HTTP Request: GET https://huggingface.co/api/models/sentence-transformers/all-MiniLM-L6-v2/tree/main?recursive=true&expand=false "HTTP/1.1 200 OK"
2026-04-01 17:22:41,301 - INFO - httpx - _send_single_request - HTTP Request: HEAD https://huggingface.co/sentence-transformers/all-MiniLM-L6-v2/resolve/main/1_Pooling/config.json "HTTP/1.1 307 Temporary Redirect"
2026-04-01 17:22:41,410 - INFO - httpx - _send_single_request - HTTP Request: HEAD https://huggingface.co/api/resolve-cache/models/sentence-transformers/all-MiniLM-L6-v2/c9745ed1d9f207416be6d2e6f8de32d1f16199bf/1_Pooling%2Fconfig.json "HTTP/1.1 200 OK"
2026-04-01 17:22:41,741 - INFO - httpx - _send_single_request - HTTP Request: GET https://huggingface.co/api/models/sentence-transformers/all-MiniLM-L6-v2 "HTTP/1.1 200 OK"
2026-04-01 17:22:41,946 - INFO - chatbot_app - log_requests - Request end: POST /upload - Status 200 - Time 15.060s
2026-04-01 17:22:54,611 - INFO - chatbot_app - log_requests - Request start: POST /upload
2026-04-01 17:22:59,022 - INFO - sentence_transformers.SentenceTransformer - __init__ - Use pytorch device_name: cpu
2026-04-01 17:22:59,022 - INFO - sentence_transformers.SentenceTransformer - __init__ - Load pretrained SentenceTransformer: sentence-transformers/all-MiniLM-L6-v2
2026-04-01 17:22:59,571 - INFO - httpx - _send_single_request - HTTP Request: HEAD https://huggingface.co/sentence-transformers/all-MiniLM-L6-v2/resolve/main/modules.json "HTTP/1.1 307 Temporary Redirect"
2026-04-01 17:22:59,678 - INFO - httpx - _send_single_request - HTTP Request: HEAD https://huggingface.co/api/resolve-cache/models/sentence-transformers/all-MiniLM-L6-v2/c9745ed1d9f207416be6d2e6f8de32d1f16199bf/modules.json "HTTP/1.1 200 OK"
2026-04-01 17:23:00,012 - INFO - httpx - _send_single_request - HTTP Request: HEAD https://huggingface.co/sentence-transformers/all-MiniLM-L6-v2/resolve/main/config_sentence_transformers.json "HTTP/1.1 307 Temporary Redirect"
2026-04-01 17:23:00,128 - INFO - httpx - _send_single_request - HTTP Request: HEAD https://huggingface.co/api/resolve-cache/models/sentence-transformers/all-MiniLM-L6-v2/c9745ed1d9f207416be6d2e6f8de32d1f16199bf/config_sentence_transformers.json "HTTP/1.1 200 OK"
2026-04-01 17:23:00,450 - INFO - httpx - _send_single_request - HTTP Request: HEAD https://huggingface.co/sentence-transformers/all-MiniLM-L6-v2/resolve/main/config_sentence_transformers.json "HTTP/1.1 307 Temporary Redirect"
2026-04-01 17:23:00,570 - INFO - httpx - _send_single_request - HTTP Request: HEAD https://huggingface.co/api/resolve-cache/models/sentence-transformers/all-MiniLM-L6-v2/c9745ed1d9f207416be6d2e6f8de32d1f16199bf/config_sentence_transformers.json "HTTP/1.1 200 OK"
2026-04-01 17:23:00,921 - INFO - httpx - _send_single_request - HTTP Request: HEAD https://huggingface.co/sentence-transformers/all-MiniLM-L6-v2/resolve/main/README.md "HTTP/1.1 307 Temporary Redirect"
2026-04-01 17:23:01,039 - INFO - httpx - _send_single_request - HTTP Request: HEAD https://huggingface.co/api/resolve-cache/models/sentence-transformers/all-MiniLM-L6-v2/c9745ed1d9f207416be6d2e6f8de32d1f16199bf/README.md "HTTP/1.1 200 OK"
2026-04-01 17:23:01,371 - INFO - httpx - _send_single_request - HTTP Request: HEAD https://huggingface.co/sentence-transformers/all-MiniLM-L6-v2/resolve/main/modules.json "HTTP/1.1 307 Temporary Redirect"
2026-04-01 17:23:01,487 - INFO - httpx - _send_single_request - HTTP Request: HEAD https://huggingface.co/api/resolve-cache/models/sentence-transformers/all-MiniLM-L6-v2/c9745ed1d9f207416be6d2e6f8de32d1f16199bf/modules.json "HTTP/1.1 200 OK"
2026-04-01 17:23:01,813 - INFO - httpx - _send_single_request - HTTP Request: HEAD https://huggingface.co/sentence-transformers/all-MiniLM-L6-v2/resolve/main/sentence_bert_config.json "HTTP/1.1 307 Temporary Redirect"
2026-04-01 17:23:01,930 - INFO - httpx - _send_single_request - HTTP Request: HEAD https://huggingface.co/api/resolve-cache/models/sentence-transformers/all-MiniLM-L6-v2/c9745ed1d9f207416be6d2e6f8de32d1f16199bf/sentence_bert_config.json "HTTP/1.1 200 OK"
2026-04-01 17:23:02,251 - INFO - httpx - _send_single_request - HTTP Request: HEAD https://huggingface.co/sentence-transformers/all-MiniLM-L6-v2/resolve/main/adapter_config.json "HTTP/1.1 404 Not Found"
2026-04-01 17:23:02,584 - INFO - httpx - _send_single_request - HTTP Request: HEAD https://huggingface.co/sentence-transformers/all-MiniLM-L6-v2/resolve/main/config.json "HTTP/1.1 307 Temporary Redirect"
2026-04-01 17:23:02,701 - INFO - httpx - _send_single_request - HTTP Request: HEAD https://huggingface.co/api/resolve-cache/models/sentence-transformers/all-MiniLM-L6-v2/c9745ed1d9f207416be6d2e6f8de32d1f16199bf/config.json "HTTP/1.1 200 OK"
2026-04-01 17:23:03,098 - INFO - httpx - _send_single_request - HTTP Request: HEAD https://huggingface.co/sentence-transformers/all-MiniLM-L6-v2/resolve/main/config.json "HTTP/1.1 307 Temporary Redirect"
2026-04-01 17:23:03,206 - INFO - httpx - _send_single_request - HTTP Request: HEAD https://huggingface.co/api/resolve-cache/models/sentence-transformers/all-MiniLM-L6-v2/c9745ed1d9f207416be6d2e6f8de32d1f16199bf/config.json "HTTP/1.1 200 OK"
2026-04-01 17:23:03,537 - INFO - httpx - _send_single_request - HTTP Request: HEAD https://huggingface.co/sentence-transformers/all-MiniLM-L6-v2/resolve/main/tokenizer_config.json "HTTP/1.1 307 Temporary Redirect"
2026-04-01 17:23:03,659 - INFO - httpx - _send_single_request - HTTP Request: HEAD https://huggingface.co/api/resolve-cache/models/sentence-transformers/all-MiniLM-L6-v2/c9745ed1d9f207416be6d2e6f8de32d1f16199bf/tokenizer_config.json "HTTP/1.1 200 OK"
2026-04-01 17:23:04,003 - INFO - httpx - _send_single_request - HTTP Request: GET https://huggingface.co/api/models/sentence-transformers/all-MiniLM-L6-v2/tree/main/additional_chat_templates?recursive=false&expand=false "HTTP/1.1 404 Not Found"
2026-04-01 17:23:04,330 - INFO - httpx - _send_single_request - HTTP Request: GET https://huggingface.co/api/models/sentence-transformers/all-MiniLM-L6-v2/tree/main?recursive=true&expand=false "HTTP/1.1 200 OK"
2026-04-01 17:23:04,737 - INFO - httpx - _send_single_request - HTTP Request: HEAD https://huggingface.co/sentence-transformers/all-MiniLM-L6-v2/resolve/main/1_Pooling/config.json "HTTP/1.1 307 Temporary Redirect"
2026-04-01 17:23:04,864 - INFO - httpx - _send_single_request - HTTP Request: HEAD https://huggingface.co/api/resolve-cache/models/sentence-transformers/all-MiniLM-L6-v2/c9745ed1d9f207416be6d2e6f8de32d1f16199bf/1_Pooling%2Fconfig.json "HTTP/1.1 200 OK"
2026-04-01 17:23:05,196 - INFO - httpx - _send_single_request - HTTP Request: GET https://huggingface.co/api/models/sentence-transformers/all-MiniLM-L6-v2 "HTTP/1.1 200 OK"
2026-04-01 17:23:07,564 - INFO - sentence_transformers.SentenceTransformer - __init__ - Use pytorch device_name: cpu
2026-04-01 17:23:07,564 - INFO - sentence_transformers.SentenceTransformer - __init__ - Load pretrained SentenceTransformer: sentence-transformers/all-MiniLM-L6-v2
2026-04-01 17:23:07,880 - INFO - httpx - _send_single_request - HTTP Request: HEAD https://huggingface.co/sentence-transformers/all-MiniLM-L6-v2/resolve/main/modules.json "HTTP/1.1 307 Temporary Redirect"
2026-04-01 17:23:08,010 - INFO - httpx - _send_single_request - HTTP Request: HEAD https://huggingface.co/api/resolve-cache/models/sentence-transformers/all-MiniLM-L6-v2/c9745ed1d9f207416be6d2e6f8de32d1f16199bf/modules.json "HTTP/1.1 200 OK"
2026-04-01 17:23:08,340 - INFO - httpx - _send_single_request - HTTP Request: HEAD https://huggingface.co/sentence-transformers/all-MiniLM-L6-v2/resolve/main/config_sentence_transformers.json "HTTP/1.1 307 Temporary Redirect"
2026-04-01 17:23:08,456 - INFO - httpx - _send_single_request - HTTP Request: HEAD https://huggingface.co/api/resolve-cache/models/sentence-transformers/all-MiniLM-L6-v2/c9745ed1d9f207416be6d2e6f8de32d1f16199bf/config_sentence_transformers.json "HTTP/1.1 200 OK"
2026-04-01 17:23:08,784 - INFO - httpx - _send_single_request - HTTP Request: HEAD https://huggingface.co/sentence-transformers/all-MiniLM-L6-v2/resolve/main/config_sentence_transformers.json "HTTP/1.1 307 Temporary Redirect"
2026-04-01 17:23:08,907 - INFO - httpx - _send_single_request - HTTP Request: HEAD https://huggingface.co/api/resolve-cache/models/sentence-transformers/all-MiniLM-L6-v2/c9745ed1d9f207416be6d2e6f8de32d1f16199bf/config_sentence_transformers.json "HTTP/1.1 200 OK"
2026-04-01 17:23:09,247 - INFO - httpx - _send_single_request - HTTP Request: HEAD https://huggingface.co/sentence-transformers/all-MiniLM-L6-v2/resolve/main/README.md "HTTP/1.1 307 Temporary Redirect"
2026-04-01 17:23:09,363 - INFO - httpx - _send_single_request - HTTP Request: HEAD https://huggingface.co/api/resolve-cache/models/sentence-transformers/all-MiniLM-L6-v2/c9745ed1d9f207416be6d2e6f8de32d1f16199bf/README.md "HTTP/1.1 200 OK"
2026-04-01 17:23:09,686 - INFO - httpx - _send_single_request - HTTP Request: HEAD https://huggingface.co/sentence-transformers/all-MiniLM-L6-v2/resolve/main/modules.json "HTTP/1.1 307 Temporary Redirect"
2026-04-01 17:23:09,812 - INFO - httpx - _send_single_request - HTTP Request: HEAD https://huggingface.co/api/resolve-cache/models/sentence-transformers/all-MiniLM-L6-v2/c9745ed1d9f207416be6d2e6f8de32d1f16199bf/modules.json "HTTP/1.1 200 OK"
2026-04-01 17:23:10,138 - INFO - httpx - _send_single_request - HTTP Request: HEAD https://huggingface.co/sentence-transformers/all-MiniLM-L6-v2/resolve/main/sentence_bert_config.json "HTTP/1.1 307 Temporary Redirect"
2026-04-01 17:23:10,254 - INFO - httpx - _send_single_request - HTTP Request: HEAD https://huggingface.co/api/resolve-cache/models/sentence-transformers/all-MiniLM-L6-v2/c9745ed1d9f207416be6d2e6f8de32d1f16199bf/sentence_bert_config.json "HTTP/1.1 200 OK"
2026-04-01 17:23:10,584 - INFO - httpx - _send_single_request - HTTP Request: HEAD https://huggingface.co/sentence-transformers/all-MiniLM-L6-v2/resolve/main/adapter_config.json "HTTP/1.1 404 Not Found"
2026-04-01 17:23:10,911 - INFO - httpx - _send_single_request - HTTP Request: HEAD https://huggingface.co/sentence-transformers/all-MiniLM-L6-v2/resolve/main/config.json "HTTP/1.1 307 Temporary Redirect"
2026-04-01 17:23:11,033 - INFO - httpx - _send_single_request - HTTP Request: HEAD https://huggingface.co/api/resolve-cache/models/sentence-transformers/all-MiniLM-L6-v2/c9745ed1d9f207416be6d2e6f8de32d1f16199bf/config.json "HTTP/1.1 200 OK"
2026-04-01 17:23:11,414 - INFO - httpx - _send_single_request - HTTP Request: HEAD https://huggingface.co/sentence-transformers/all-MiniLM-L6-v2/resolve/main/config.json "HTTP/1.1 307 Temporary Redirect"
2026-04-01 17:23:11,539 - INFO - httpx - _send_single_request - HTTP Request: HEAD https://huggingface.co/api/resolve-cache/models/sentence-transformers/all-MiniLM-L6-v2/c9745ed1d9f207416be6d2e6f8de32d1f16199bf/config.json "HTTP/1.1 200 OK"
2026-04-01 17:23:11,868 - INFO - httpx - _send_single_request - HTTP Request: HEAD https://huggingface.co/sentence-transformers/all-MiniLM-L6-v2/resolve/main/tokenizer_config.json "HTTP/1.1 307 Temporary Redirect"
2026-04-01 17:23:11,984 - INFO - httpx - _send_single_request - HTTP Request: HEAD https://huggingface.co/api/resolve-cache/models/sentence-transformers/all-MiniLM-L6-v2/c9745ed1d9f207416be6d2e6f8de32d1f16199bf/tokenizer_config.json "HTTP/1.1 200 OK"
2026-04-01 17:23:12,323 - INFO - httpx - _send_single_request - HTTP Request: GET https://huggingface.co/api/models/sentence-transformers/all-MiniLM-L6-v2/tree/main/additional_chat_templates?recursive=false&expand=false "HTTP/1.1 404 Not Found"
2026-04-01 17:23:12,670 - INFO - httpx - _send_single_request - HTTP Request: GET https://huggingface.co/api/models/sentence-transformers/all-MiniLM-L6-v2/tree/main?recursive=true&expand=false "HTTP/1.1 200 OK"
2026-04-01 17:23:13,070 - INFO - httpx - _send_single_request - HTTP Request: HEAD https://huggingface.co/sentence-transformers/all-MiniLM-L6-v2/resolve/main/1_Pooling/config.json "HTTP/1.1 307 Temporary Redirect"
2026-04-01 17:23:13,201 - INFO - httpx - _send_single_request - HTTP Request: HEAD https://huggingface.co/api/resolve-cache/models/sentence-transformers/all-MiniLM-L6-v2/c9745ed1d9f207416be6d2e6f8de32d1f16199bf/1_Pooling%2Fconfig.json "HTTP/1.1 200 OK"
2026-04-01 17:23:13,518 - INFO - httpx - _send_single_request - HTTP Request: GET https://huggingface.co/api/models/sentence-transformers/all-MiniLM-L6-v2 "HTTP/1.1 200 OK"
2026-04-01 17:23:13,570 - INFO - chatbot_app - log_requests - Request end: POST /upload - Status 200 - Time 18.957s
2026-04-01 17:23:23,730 - INFO - chatbot_app - log_requests - Request start: POST /upload
2026-04-01 17:23:28,446 - INFO - sentence_transformers.SentenceTransformer - __init__ - Use pytorch device_name: cpu
2026-04-01 17:23:28,446 - INFO - sentence_transformers.SentenceTransformer - __init__ - Load pretrained SentenceTransformer: sentence-transformers/all-MiniLM-L6-v2
2026-04-01 17:23:29,955 - INFO - httpx - _send_single_request - HTTP Request: HEAD https://huggingface.co/sentence-transformers/all-MiniLM-L6-v2/resolve/main/modules.json "HTTP/1.1 307 Temporary Redirect"
2026-04-01 17:23:30,210 - INFO - httpx - _send_single_request - HTTP Request: HEAD https://huggingface.co/api/resolve-cache/models/sentence-transformers/all-MiniLM-L6-v2/c9745ed1d9f207416be6d2e6f8de32d1f16199bf/modules.json "HTTP/1.1 200 OK"
2026-04-01 17:23:30,488 - INFO - httpx - _send_single_request - HTTP Request: HEAD https://huggingface.co/sentence-transformers/all-MiniLM-L6-v2/resolve/main/config_sentence_transformers.json "HTTP/1.1 307 Temporary Redirect"
2026-04-01 17:23:30,746 - INFO - httpx - _send_single_request - HTTP Request: HEAD https://huggingface.co/api/resolve-cache/models/sentence-transformers/all-MiniLM-L6-v2/c9745ed1d9f207416be6d2e6f8de32d1f16199bf/config_sentence_transformers.json "HTTP/1.1 200 OK"
2026-04-01 17:23:31,037 - INFO - httpx - _send_single_request - HTTP Request: HEAD https://huggingface.co/sentence-transformers/all-MiniLM-L6-v2/resolve/main/config_sentence_transformers.json "HTTP/1.1 307 Temporary Redirect"
2026-04-01 17:23:31,280 - INFO - httpx - _send_single_request - HTTP Request: HEAD https://huggingface.co/api/resolve-cache/models/sentence-transformers/all-MiniLM-L6-v2/c9745ed1d9f207416be6d2e6f8de32d1f16199bf/config_sentence_transformers.json "HTTP/1.1 200 OK"
2026-04-01 17:23:31,569 - INFO - httpx - _send_single_request - HTTP Request: HEAD https://huggingface.co/sentence-transformers/all-MiniLM-L6-v2/resolve/main/README.md "HTTP/1.1 307 Temporary Redirect"
2026-04-01 17:23:31,829 - INFO - httpx - _send_single_request - HTTP Request: HEAD https://huggingface.co/api/resolve-cache/models/sentence-transformers/all-MiniLM-L6-v2/c9745ed1d9f207416be6d2e6f8de32d1f16199bf/README.md "HTTP/1.1 200 OK"
2026-04-01 17:23:32,104 - INFO - httpx - _send_single_request - HTTP Request: HEAD https://huggingface.co/sentence-transformers/all-MiniLM-L6-v2/resolve/main/modules.json "HTTP/1.1 307 Temporary Redirect"
2026-04-01 17:23:32,364 - INFO - httpx - _send_single_request - HTTP Request: HEAD https://huggingface.co/api/resolve-cache/models/sentence-transformers/all-MiniLM-L6-v2/c9745ed1d9f207416be6d2e6f8de32d1f16199bf/modules.json "HTTP/1.1 200 OK"
2026-04-01 17:23:32,639 - INFO - httpx - _send_single_request - HTTP Request: HEAD https://huggingface.co/sentence-transformers/all-MiniLM-L6-v2/resolve/main/sentence_bert_config.json "HTTP/1.1 307 Temporary Redirect"
2026-04-01 17:23:32,901 - INFO - httpx - _send_single_request - HTTP Request: HEAD https://huggingface.co/api/resolve-cache/models/sentence-transformers/all-MiniLM-L6-v2/c9745ed1d9f207416be6d2e6f8de32d1f16199bf/sentence_bert_config.json "HTTP/1.1 200 OK"
2026-04-01 17:23:33,172 - INFO - httpx - _send_single_request - HTTP Request: HEAD https://huggingface.co/sentence-transformers/all-MiniLM-L6-v2/resolve/main/adapter_config.json "HTTP/1.1 404 Not Found"
2026-04-01 17:23:33,449 - INFO - httpx - _send_single_request - HTTP Request: HEAD https://huggingface.co/sentence-transformers/all-MiniLM-L6-v2/resolve/main/config.json "HTTP/1.1 307 Temporary Redirect"
2026-04-01 17:23:33,720 - INFO - httpx - _send_single_request - HTTP Request: HEAD https://huggingface.co/api/resolve-cache/models/sentence-transformers/all-MiniLM-L6-v2/c9745ed1d9f207416be6d2e6f8de32d1f16199bf/config.json "HTTP/1.1 200 OK"
2026-04-01 17:23:34,037 - INFO - httpx - _send_single_request - HTTP Request: HEAD https://huggingface.co/sentence-transformers/all-MiniLM-L6-v2/resolve/main/config.json "HTTP/1.1 307 Temporary Redirect"
2026-04-01 17:23:34,305 - INFO - httpx - _send_single_request - HTTP Request: HEAD https://huggingface.co/api/resolve-cache/models/sentence-transformers/all-MiniLM-L6-v2/c9745ed1d9f207416be6d2e6f8de32d1f16199bf/config.json "HTTP/1.1 200 OK"
2026-04-01 17:23:34,582 - INFO - httpx - _send_single_request - HTTP Request: HEAD https://huggingface.co/sentence-transformers/all-MiniLM-L6-v2/resolve/main/tokenizer_config.json "HTTP/1.1 307 Temporary Redirect"
2026-04-01 17:23:34,837 - INFO - httpx - _send_single_request - HTTP Request: HEAD https://huggingface.co/api/resolve-cache/models/sentence-transformers/all-MiniLM-L6-v2/c9745ed1d9f207416be6d2e6f8de32d1f16199bf/tokenizer_config.json "HTTP/1.1 200 OK"
2026-04-01 17:23:35,118 - INFO - httpx - _send_single_request - HTTP Request: GET https://huggingface.co/api/models/sentence-transformers/all-MiniLM-L6-v2/tree/main/additional_chat_templates?recursive=false&expand=false "HTTP/1.1 404 Not Found"
2026-04-01 17:23:35,388 - INFO - httpx - _send_single_request - HTTP Request: GET https://huggingface.co/api/models/sentence-transformers/all-MiniLM-L6-v2/tree/main?recursive=true&expand=false "HTTP/1.1 200 OK"
2026-04-01 17:23:35,733 - INFO - httpx - _send_single_request - HTTP Request: HEAD https://huggingface.co/sentence-transformers/all-MiniLM-L6-v2/resolve/main/1_Pooling/config.json "HTTP/1.1 307 Temporary Redirect"
2026-04-01 17:23:35,987 - INFO - httpx - _send_single_request - HTTP Request: HEAD https://huggingface.co/api/resolve-cache/models/sentence-transformers/all-MiniLM-L6-v2/c9745ed1d9f207416be6d2e6f8de32d1f16199bf/1_Pooling%2Fconfig.json "HTTP/1.1 200 OK"
2026-04-01 17:23:36,255 - INFO - httpx - _send_single_request - HTTP Request: GET https://huggingface.co/api/models/sentence-transformers/all-MiniLM-L6-v2 "HTTP/1.1 200 OK"
2026-04-01 17:23:39,313 - INFO - sentence_transformers.SentenceTransformer - __init__ - Use pytorch device_name: cpu
2026-04-01 17:23:39,313 - INFO - sentence_transformers.SentenceTransformer - __init__ - Load pretrained SentenceTransformer: sentence-transformers/all-MiniLM-L6-v2
2026-04-01 17:23:39,583 - INFO - httpx - _send_single_request - HTTP Request: HEAD https://huggingface.co/sentence-transformers/all-MiniLM-L6-v2/resolve/main/modules.json "HTTP/1.1 307 Temporary Redirect"
2026-04-01 17:23:39,827 - INFO - httpx - _send_single_request - HTTP Request: HEAD https://huggingface.co/api/resolve-cache/models/sentence-transformers/all-MiniLM-L6-v2/c9745ed1d9f207416be6d2e6f8de32d1f16199bf/modules.json "HTTP/1.1 200 OK"
2026-04-01 17:23:40,112 - INFO - httpx - _send_single_request - HTTP Request: HEAD https://huggingface.co/sentence-transformers/all-MiniLM-L6-v2/resolve/main/config_sentence_transformers.json "HTTP/1.1 307 Temporary Redirect"
2026-04-01 17:23:40,364 - INFO - httpx - _send_single_request - HTTP Request: HEAD https://huggingface.co/api/resolve-cache/models/sentence-transformers/all-MiniLM-L6-v2/c9745ed1d9f207416be6d2e6f8de32d1f16199bf/config_sentence_transformers.json "HTTP/1.1 200 OK"
2026-04-01 17:23:40,634 - INFO - httpx - _send_single_request - HTTP Request: HEAD https://huggingface.co/sentence-transformers/all-MiniLM-L6-v2/resolve/main/config_sentence_transformers.json "HTTP/1.1 307 Temporary Redirect"
2026-04-01 17:23:40,895 - INFO - httpx - _send_single_request - HTTP Request: HEAD https://huggingface.co/api/resolve-cache/models/sentence-transformers/all-MiniLM-L6-v2/c9745ed1d9f207416be6d2e6f8de32d1f16199bf/config_sentence_transformers.json "HTTP/1.1 200 OK"
2026-04-01 17:23:41,168 - INFO - httpx - _send_single_request - HTTP Request: HEAD https://huggingface.co/sentence-transformers/all-MiniLM-L6-v2/resolve/main/README.md "HTTP/1.1 307 Temporary Redirect"
2026-04-01 17:23:41,429 - INFO - httpx - _send_single_request - HTTP Request: HEAD https://huggingface.co/api/resolve-cache/models/sentence-transformers/all-MiniLM-L6-v2/c9745ed1d9f207416be6d2e6f8de32d1f16199bf/README.md "HTTP/1.1 200 OK"
2026-04-01 17:23:41,686 - INFO - httpx - _send_single_request - HTTP Request: HEAD https://huggingface.co/sentence-transformers/all-MiniLM-L6-v2/resolve/main/modules.json "HTTP/1.1 307 Temporary Redirect"
2026-04-01 17:23:41,949 - INFO - httpx - _send_single_request - HTTP Request: HEAD https://huggingface.co/api/resolve-cache/models/sentence-transformers/all-MiniLM-L6-v2/c9745ed1d9f207416be6d2e6f8de32d1f16199bf/modules.json "HTTP/1.1 200 OK"
2026-04-01 17:23:42,252 - INFO - httpx - _send_single_request - HTTP Request: HEAD https://huggingface.co/sentence-transformers/all-MiniLM-L6-v2/resolve/main/sentence_bert_config.json "HTTP/1.1 307 Temporary Redirect"
2026-04-01 17:23:42,526 - INFO - httpx - _send_single_request - HTTP Request: HEAD https://huggingface.co/api/resolve-cache/models/sentence-transformers/all-MiniLM-L6-v2/c9745ed1d9f207416be6d2e6f8de32d1f16199bf/sentence_bert_config.json "HTTP/1.1 200 OK"
2026-04-01 17:23:42,799 - INFO - httpx - _send_single_request - HTTP Request: HEAD https://huggingface.co/sentence-transformers/all-MiniLM-L6-v2/resolve/main/adapter_config.json "HTTP/1.1 404 Not Found"
2026-04-01 17:23:43,073 - INFO - httpx - _send_single_request - HTTP Request: HEAD https://huggingface.co/sentence-transformers/all-MiniLM-L6-v2/resolve/main/config.json "HTTP/1.1 307 Temporary Redirect"
2026-04-01 17:23:43,329 - INFO - httpx - _send_single_request - HTTP Request: HEAD https://huggingface.co/api/resolve-cache/models/sentence-transformers/all-MiniLM-L6-v2/c9745ed1d9f207416be6d2e6f8de32d1f16199bf/config.json "HTTP/1.1 200 OK"
2026-04-01 17:23:43,655 - INFO - httpx - _send_single_request - HTTP Request: HEAD https://huggingface.co/sentence-transformers/all-MiniLM-L6-v2/resolve/main/config.json "HTTP/1.1 307 Temporary Redirect"
2026-04-01 17:23:43,912 - INFO - httpx - _send_single_request - HTTP Request: HEAD https://huggingface.co/api/resolve-cache/models/sentence-transformers/all-MiniLM-L6-v2/c9745ed1d9f207416be6d2e6f8de32d1f16199bf/config.json "HTTP/1.1 200 OK"
2026-04-01 17:23:44,187 - INFO - httpx - _send_single_request - HTTP Request: HEAD https://huggingface.co/sentence-transformers/all-MiniLM-L6-v2/resolve/main/tokenizer_config.json "HTTP/1.1 307 Temporary Redirect"
2026-04-01 17:23:44,443 - INFO - httpx - _send_single_request - HTTP Request: HEAD https://huggingface.co/api/resolve-cache/models/sentence-transformers/all-MiniLM-L6-v2/c9745ed1d9f207416be6d2e6f8de32d1f16199bf/tokenizer_config.json "HTTP/1.1 200 OK"
2026-04-01 17:23:44,706 - INFO - httpx - _send_single_request - HTTP Request: GET https://huggingface.co/api/models/sentence-transformers/all-MiniLM-L6-v2/tree/main/additional_chat_templates?recursive=false&expand=false "HTTP/1.1 404 Not Found"
2026-04-01 17:23:44,986 - INFO - httpx - _send_single_request - HTTP Request: GET https://huggingface.co/api/models/sentence-transformers/all-MiniLM-L6-v2/tree/main?recursive=true&expand=false "HTTP/1.1 200 OK"
2026-04-01 17:23:45,345 - INFO - httpx - _send_single_request - HTTP Request: HEAD https://huggingface.co/sentence-transformers/all-MiniLM-L6-v2/resolve/main/1_Pooling/config.json "HTTP/1.1 307 Temporary Redirect"
2026-04-01 17:23:45,617 - INFO - httpx - _send_single_request - HTTP Request: HEAD https://huggingface.co/api/resolve-cache/models/sentence-transformers/all-MiniLM-L6-v2/c9745ed1d9f207416be6d2e6f8de32d1f16199bf/1_Pooling%2Fconfig.json "HTTP/1.1 200 OK"
2026-04-01 17:23:45,892 - INFO - httpx - _send_single_request - HTTP Request: GET https://huggingface.co/api/models/sentence-transformers/all-MiniLM-L6-v2 "HTTP/1.1 200 OK"
2026-04-01 17:23:45,924 - INFO - chatbot_app - log_requests - Request end: POST /upload - Status 200 - Time 22.194s
2026-04-01 17:23:59,411 - INFO - chatbot_app - log_requests - Request start: POST /upload
2026-04-01 17:24:04,218 - INFO - sentence_transformers.SentenceTransformer - __init__ - Use pytorch device_name: cpu
2026-04-01 17:24:04,218 - INFO - sentence_transformers.SentenceTransformer - __init__ - Load pretrained SentenceTransformer: sentence-transformers/all-MiniLM-L6-v2
2026-04-01 17:24:05,132 - INFO - httpx - _send_single_request - HTTP Request: HEAD https://huggingface.co/sentence-transformers/all-MiniLM-L6-v2/resolve/main/modules.json "HTTP/1.1 307 Temporary Redirect"
2026-04-01 17:24:05,250 - INFO - httpx - _send_single_request - HTTP Request: HEAD https://huggingface.co/api/resolve-cache/models/sentence-transformers/all-MiniLM-L6-v2/c9745ed1d9f207416be6d2e6f8de32d1f16199bf/modules.json "HTTP/1.1 200 OK"
2026-04-01 17:24:05,588 - INFO - httpx - _send_single_request - HTTP Request: HEAD https://huggingface.co/sentence-transformers/all-MiniLM-L6-v2/resolve/main/config_sentence_transformers.json "HTTP/1.1 307 Temporary Redirect"
2026-04-01 17:24:05,701 - INFO - httpx - _send_single_request - HTTP Request: HEAD https://huggingface.co/api/resolve-cache/models/sentence-transformers/all-MiniLM-L6-v2/c9745ed1d9f207416be6d2e6f8de32d1f16199bf/config_sentence_transformers.json "HTTP/1.1 200 OK"
2026-04-01 17:24:06,048 - INFO - httpx - _send_single_request - HTTP Request: HEAD https://huggingface.co/sentence-transformers/all-MiniLM-L6-v2/resolve/main/config_sentence_transformers.json "HTTP/1.1 307 Temporary Redirect"
2026-04-01 17:24:06,153 - INFO - httpx - _send_single_request - HTTP Request: HEAD https://huggingface.co/api/resolve-cache/models/sentence-transformers/all-MiniLM-L6-v2/c9745ed1d9f207416be6d2e6f8de32d1f16199bf/config_sentence_transformers.json "HTTP/1.1 200 OK"
2026-04-01 17:24:06,498 - INFO - httpx - _send_single_request - HTTP Request: HEAD https://huggingface.co/sentence-transformers/all-MiniLM-L6-v2/resolve/main/README.md "HTTP/1.1 307 Temporary Redirect"
2026-04-01 17:24:06,619 - INFO - httpx - _send_single_request - HTTP Request: HEAD https://huggingface.co/api/resolve-cache/models/sentence-transformers/all-MiniLM-L6-v2/c9745ed1d9f207416be6d2e6f8de32d1f16199bf/README.md "HTTP/1.1 200 OK"
2026-04-01 17:24:07,005 - INFO - httpx - _send_single_request - HTTP Request: HEAD https://huggingface.co/sentence-transformers/all-MiniLM-L6-v2/resolve/main/modules.json "HTTP/1.1 307 Temporary Redirect"
2026-04-01 17:24:07,120 - INFO - httpx - _send_single_request - HTTP Request: HEAD https://huggingface.co/api/resolve-cache/models/sentence-transformers/all-MiniLM-L6-v2/c9745ed1d9f207416be6d2e6f8de32d1f16199bf/modules.json "HTTP/1.1 200 OK"
2026-04-01 17:24:07,487 - INFO - httpx - _send_single_request - HTTP Request: HEAD https://huggingface.co/sentence-transformers/all-MiniLM-L6-v2/resolve/main/sentence_bert_config.json "HTTP/1.1 307 Temporary Redirect"
2026-04-01 17:24:07,605 - INFO - httpx - _send_single_request - HTTP Request: HEAD https://huggingface.co/api/resolve-cache/models/sentence-transformers/all-MiniLM-L6-v2/c9745ed1d9f207416be6d2e6f8de32d1f16199bf/sentence_bert_config.json "HTTP/1.1 200 OK"
2026-04-01 17:24:07,929 - INFO - httpx - _send_single_request - HTTP Request: HEAD https://huggingface.co/sentence-transformers/all-MiniLM-L6-v2/resolve/main/adapter_config.json "HTTP/1.1 404 Not Found"
2026-04-01 17:24:08,311 - INFO - httpx - _send_single_request - HTTP Request: HEAD https://huggingface.co/sentence-transformers/all-MiniLM-L6-v2/resolve/main/config.json "HTTP/1.1 307 Temporary Redirect"
2026-04-01 17:24:08,424 - INFO - httpx - _send_single_request - HTTP Request: HEAD https://huggingface.co/api/resolve-cache/models/sentence-transformers/all-MiniLM-L6-v2/c9745ed1d9f207416be6d2e6f8de32d1f16199bf/config.json "HTTP/1.1 200 OK"
2026-04-01 17:24:08,814 - INFO - httpx - _send_single_request - HTTP Request: HEAD https://huggingface.co/sentence-transformers/all-MiniLM-L6-v2/resolve/main/config.json "HTTP/1.1 307 Temporary Redirect"
2026-04-01 17:24:08,940 - INFO - httpx - _send_single_request - HTTP Request: HEAD https://huggingface.co/api/resolve-cache/models/sentence-transformers/all-MiniLM-L6-v2/c9745ed1d9f207416be6d2e6f8de32d1f16199bf/config.json "HTTP/1.1 200 OK"
2026-04-01 17:24:09,264 - INFO - httpx - _send_single_request - HTTP Request: HEAD https://huggingface.co/sentence-transformers/all-MiniLM-L6-v2/resolve/main/tokenizer_config.json "HTTP/1.1 307 Temporary Redirect"
2026-04-01 17:24:09,391 - INFO - httpx - _send_single_request - HTTP Request: HEAD https://huggingface.co/api/resolve-cache/models/sentence-transformers/all-MiniLM-L6-v2/c9745ed1d9f207416be6d2e6f8de32d1f16199bf/tokenizer_config.json "HTTP/1.1 200 OK"
2026-04-01 17:24:09,732 - INFO - httpx - _send_single_request - HTTP Request: GET https://huggingface.co/api/models/sentence-transformers/all-MiniLM-L6-v2/tree/main/additional_chat_templates?recursive=false&expand=false "HTTP/1.1 404 Not Found"
2026-04-01 17:24:10,152 - INFO - httpx - _send_single_request - HTTP Request: GET https://huggingface.co/api/models/sentence-transformers/all-MiniLM-L6-v2/tree/main?recursive=true&expand=false "HTTP/1.1 200 OK"
2026-04-01 17:24:10,562 - INFO - httpx - _send_single_request - HTTP Request: HEAD https://huggingface.co/sentence-transformers/all-MiniLM-L6-v2/resolve/main/1_Pooling/config.json "HTTP/1.1 307 Temporary Redirect"
2026-04-01 17:24:10,692 - INFO - httpx - _send_single_request - HTTP Request: HEAD https://huggingface.co/api/resolve-cache/models/sentence-transformers/all-MiniLM-L6-v2/c9745ed1d9f207416be6d2e6f8de32d1f16199bf/1_Pooling%2Fconfig.json "HTTP/1.1 200 OK"
2026-04-01 17:24:11,016 - INFO - httpx - _send_single_request - HTTP Request: GET https://huggingface.co/api/models/sentence-transformers/all-MiniLM-L6-v2 "HTTP/1.1 200 OK"
2026-04-01 17:24:14,029 - INFO - sentence_transformers.SentenceTransformer - __init__ - Use pytorch device_name: cpu
2026-04-01 17:24:14,029 - INFO - sentence_transformers.SentenceTransformer - __init__ - Load pretrained SentenceTransformer: sentence-transformers/all-MiniLM-L6-v2
2026-04-01 17:24:14,360 - INFO - httpx - _send_single_request - HTTP Request: HEAD https://huggingface.co/sentence-transformers/all-MiniLM-L6-v2/resolve/main/modules.json "HTTP/1.1 307 Temporary Redirect"
2026-04-01 17:24:14,483 - INFO - httpx - _send_single_request - HTTP Request: HEAD https://huggingface.co/api/resolve-cache/models/sentence-transformers/all-MiniLM-L6-v2/c9745ed1d9f207416be6d2e6f8de32d1f16199bf/modules.json "HTTP/1.1 200 OK"
2026-04-01 17:24:14,817 - INFO - httpx - _send_single_request - HTTP Request: HEAD https://huggingface.co/sentence-transformers/all-MiniLM-L6-v2/resolve/main/config_sentence_transformers.json "HTTP/1.1 307 Temporary Redirect"
2026-04-01 17:24:14,936 - INFO - httpx - _send_single_request - HTTP Request: HEAD https://huggingface.co/api/resolve-cache/models/sentence-transformers/all-MiniLM-L6-v2/c9745ed1d9f207416be6d2e6f8de32d1f16199bf/config_sentence_transformers.json "HTTP/1.1 200 OK"
2026-04-01 17:24:15,270 - INFO - httpx - _send_single_request - HTTP Request: HEAD https://huggingface.co/sentence-transformers/all-MiniLM-L6-v2/resolve/main/config_sentence_transformers.json "HTTP/1.1 307 Temporary Redirect"
2026-04-01 17:24:15,419 - INFO - httpx - _send_single_request - HTTP Request: HEAD https://huggingface.co/api/resolve-cache/models/sentence-transformers/all-MiniLM-L6-v2/c9745ed1d9f207416be6d2e6f8de32d1f16199bf/config_sentence_transformers.json "HTTP/1.1 200 OK"
2026-04-01 17:24:15,759 - INFO - httpx - _send_single_request - HTTP Request: HEAD https://huggingface.co/sentence-transformers/all-MiniLM-L6-v2/resolve/main/README.md "HTTP/1.1 307 Temporary Redirect"
2026-04-01 17:24:15,873 - INFO - httpx - _send_single_request - HTTP Request: HEAD https://huggingface.co/api/resolve-cache/models/sentence-transformers/all-MiniLM-L6-v2/c9745ed1d9f207416be6d2e6f8de32d1f16199bf/README.md "HTTP/1.1 200 OK"
2026-04-01 17:24:16,195 - INFO - httpx - _send_single_request - HTTP Request: HEAD https://huggingface.co/sentence-transformers/all-MiniLM-L6-v2/resolve/main/modules.json "HTTP/1.1 307 Temporary Redirect"
2026-04-01 17:24:16,322 - INFO - httpx - _send_single_request - HTTP Request: HEAD https://huggingface.co/api/resolve-cache/models/sentence-transformers/all-MiniLM-L6-v2/c9745ed1d9f207416be6d2e6f8de32d1f16199bf/modules.json "HTTP/1.1 200 OK"
2026-04-01 17:24:16,661 - INFO - httpx - _send_single_request - HTTP Request: HEAD https://huggingface.co/sentence-transformers/all-MiniLM-L6-v2/resolve/main/sentence_bert_config.json "HTTP/1.1 307 Temporary Redirect"
2026-04-01 17:24:16,788 - INFO - httpx - _send_single_request - HTTP Request: HEAD https://huggingface.co/api/resolve-cache/models/sentence-transformers/all-MiniLM-L6-v2/c9745ed1d9f207416be6d2e6f8de32d1f16199bf/sentence_bert_config.json "HTTP/1.1 200 OK"
2026-04-01 17:24:17,116 - INFO - httpx - _send_single_request - HTTP Request: HEAD https://huggingface.co/sentence-transformers/all-MiniLM-L6-v2/resolve/main/adapter_config.json "HTTP/1.1 404 Not Found"
2026-04-01 17:24:17,445 - INFO - httpx - _send_single_request - HTTP Request: HEAD https://huggingface.co/sentence-transformers/all-MiniLM-L6-v2/resolve/main/config.json "HTTP/1.1 307 Temporary Redirect"
2026-04-01 17:24:17,560 - INFO - httpx - _send_single_request - HTTP Request: HEAD https://huggingface.co/api/resolve-cache/models/sentence-transformers/all-MiniLM-L6-v2/c9745ed1d9f207416be6d2e6f8de32d1f16199bf/config.json "HTTP/1.1 200 OK"
2026-04-01 17:24:17,947 - INFO - httpx - _send_single_request - HTTP Request: HEAD https://huggingface.co/sentence-transformers/all-MiniLM-L6-v2/resolve/main/config.json "HTTP/1.1 307 Temporary Redirect"
2026-04-01 17:24:18,074 - INFO - httpx - _send_single_request - HTTP Request: HEAD https://huggingface.co/api/resolve-cache/models/sentence-transformers/all-MiniLM-L6-v2/c9745ed1d9f207416be6d2e6f8de32d1f16199bf/config.json "HTTP/1.1 200 OK"
2026-04-01 17:24:18,398 - INFO - httpx - _send_single_request - HTTP Request: HEAD https://huggingface.co/sentence-transformers/all-MiniLM-L6-v2/resolve/main/tokenizer_config.json "HTTP/1.1 307 Temporary Redirect"
2026-04-01 17:24:18,524 - INFO - httpx - _send_single_request - HTTP Request: HEAD https://huggingface.co/api/resolve-cache/models/sentence-transformers/all-MiniLM-L6-v2/c9745ed1d9f207416be6d2e6f8de32d1f16199bf/tokenizer_config.json "HTTP/1.1 200 OK"
2026-04-01 17:24:18,866 - INFO - httpx - _send_single_request - HTTP Request: GET https://huggingface.co/api/models/sentence-transformers/all-MiniLM-L6-v2/tree/main/additional_chat_templates?recursive=false&expand=false "HTTP/1.1 404 Not Found"
2026-04-01 17:24:19,223 - INFO - httpx - _send_single_request - HTTP Request: GET https://huggingface.co/api/models/sentence-transformers/all-MiniLM-L6-v2/tree/main?recursive=true&expand=false "HTTP/1.1 200 OK"
2026-04-01 17:24:19,628 - INFO - httpx - _send_single_request - HTTP Request: HEAD https://huggingface.co/sentence-transformers/all-MiniLM-L6-v2/resolve/main/1_Pooling/config.json "HTTP/1.1 307 Temporary Redirect"
2026-04-01 17:24:19,745 - INFO - httpx - _send_single_request - HTTP Request: HEAD https://huggingface.co/api/resolve-cache/models/sentence-transformers/all-MiniLM-L6-v2/c9745ed1d9f207416be6d2e6f8de32d1f16199bf/1_Pooling%2Fconfig.json "HTTP/1.1 200 OK"
2026-04-01 17:24:20,083 - INFO - httpx - _send_single_request - HTTP Request: GET https://huggingface.co/api/models/sentence-transformers/all-MiniLM-L6-v2 "HTTP/1.1 200 OK"
2026-04-01 17:24:20,130 - INFO - chatbot_app - log_requests - Request end: POST /upload - Status 200 - Time 20.719s
2026-04-01 17:50:15,264 - INFO - chatbot_app - log_requests - Request start: OPTIONS /chat
2026-04-01 17:50:15,264 - INFO - chatbot_app - log_requests - Request end: OPTIONS /chat - Status 200 - Time 0.000s
2026-04-01 17:50:15,270 - INFO - chatbot_app - log_requests - Request start: POST /chat
2026-04-01 17:50:15,968 - INFO - httpx - _send_single_request - HTTP Request: POST https://api.groq.com/openai/v1/chat/completions "HTTP/1.1 200 OK"
2026-04-01 17:50:16,017 - INFO - chatbot_app - log_requests - Request end: POST /chat - Status 200 - Time 0.747s
2026-04-01 17:51:08,672 - INFO - chatbot_app - log_requests - Request start: POST /upload
2026-04-01 17:51:08,795 - INFO - chatbot_app - log_requests - Request end: POST /upload - Status 200 - Time 0.123s
2026-04-01 17:51:47,697 - INFO - chatbot_app - log_requests - Request start: POST /upload
2026-04-01 17:52:10,262 - INFO - sentence_transformers.SentenceTransformer - __init__ - Use pytorch device_name: cpu
2026-04-01 17:52:10,262 - INFO - sentence_transformers.SentenceTransformer - __init__ - Load pretrained SentenceTransformer: sentence-transformers/all-MiniLM-L6-v2
2026-04-01 17:52:10,979 - INFO - httpx - _send_single_request - HTTP Request: HEAD https://huggingface.co/sentence-transformers/all-MiniLM-L6-v2/resolve/main/modules.json "HTTP/1.1 307 Temporary Redirect"
2026-04-01 17:52:11,089 - INFO - httpx - _send_single_request - HTTP Request: HEAD https://huggingface.co/api/resolve-cache/models/sentence-transformers/all-MiniLM-L6-v2/c9745ed1d9f207416be6d2e6f8de32d1f16199bf/modules.json "HTTP/1.1 200 OK"
2026-04-01 17:52:11,455 - INFO - httpx - _send_single_request - HTTP Request: HEAD https://huggingface.co/sentence-transformers/all-MiniLM-L6-v2/resolve/main/config_sentence_transformers.json "HTTP/1.1 307 Temporary Redirect"
2026-04-01 17:52:11,545 - INFO - httpx - _send_single_request - HTTP Request: HEAD https://huggingface.co/api/resolve-cache/models/sentence-transformers/all-MiniLM-L6-v2/c9745ed1d9f207416be6d2e6f8de32d1f16199bf/config_sentence_transformers.json "HTTP/1.1 200 OK"
2026-04-01 17:52:11,857 - INFO - httpx - _send_single_request - HTTP Request: HEAD https://huggingface.co/sentence-transformers/all-MiniLM-L6-v2/resolve/main/config_sentence_transformers.json "HTTP/1.1 307 Temporary Redirect"
2026-04-01 17:52:11,966 - INFO - httpx - _send_single_request - HTTP Request: HEAD https://huggingface.co/api/resolve-cache/models/sentence-transformers/all-MiniLM-L6-v2/c9745ed1d9f207416be6d2e6f8de32d1f16199bf/config_sentence_transformers.json "HTTP/1.1 200 OK"
2026-04-01 17:52:12,296 - INFO - httpx - _send_single_request - HTTP Request: HEAD https://huggingface.co/sentence-transformers/all-MiniLM-L6-v2/resolve/main/README.md "HTTP/1.1 307 Temporary Redirect"
2026-04-01 17:52:12,390 - INFO - httpx - _send_single_request - HTTP Request: HEAD https://huggingface.co/api/resolve-cache/models/sentence-transformers/all-MiniLM-L6-v2/c9745ed1d9f207416be6d2e6f8de32d1f16199bf/README.md "HTTP/1.1 200 OK"
2026-04-01 17:52:12,717 - INFO - httpx - _send_single_request - HTTP Request: HEAD https://huggingface.co/sentence-transformers/all-MiniLM-L6-v2/resolve/main/modules.json "HTTP/1.1 307 Temporary Redirect"
2026-04-01 17:52:12,919 - INFO - httpx - _send_single_request - HTTP Request: HEAD https://huggingface.co/api/resolve-cache/models/sentence-transformers/all-MiniLM-L6-v2/c9745ed1d9f207416be6d2e6f8de32d1f16199bf/modules.json "HTTP/1.1 200 OK"
2026-04-01 17:52:13,218 - INFO - httpx - _send_single_request - HTTP Request: HEAD https://huggingface.co/sentence-transformers/all-MiniLM-L6-v2/resolve/main/sentence_bert_config.json "HTTP/1.1 307 Temporary Redirect"
2026-04-01 17:52:13,327 - INFO - httpx - _send_single_request - HTTP Request: HEAD https://huggingface.co/api/resolve-cache/models/sentence-transformers/all-MiniLM-L6-v2/c9745ed1d9f207416be6d2e6f8de32d1f16199bf/sentence_bert_config.json "HTTP/1.1 200 OK"
2026-04-01 17:52:13,675 - INFO - httpx - _send_single_request - HTTP Request: HEAD https://huggingface.co/sentence-transformers/all-MiniLM-L6-v2/resolve/main/adapter_config.json "HTTP/1.1 404 Not Found"
2026-04-01 17:52:13,999 - INFO - httpx - _send_single_request - HTTP Request: HEAD https://huggingface.co/sentence-transformers/all-MiniLM-L6-v2/resolve/main/config.json "HTTP/1.1 307 Temporary Redirect"
2026-04-01 17:52:14,113 - INFO - httpx - _send_single_request - HTTP Request: HEAD https://huggingface.co/api/resolve-cache/models/sentence-transformers/all-MiniLM-L6-v2/c9745ed1d9f207416be6d2e6f8de32d1f16199bf/config.json "HTTP/1.1 200 OK"
2026-04-01 17:52:14,484 - INFO - httpx - _send_single_request - HTTP Request: HEAD https://huggingface.co/sentence-transformers/all-MiniLM-L6-v2/resolve/main/config.json "HTTP/1.1 307 Temporary Redirect"
2026-04-01 17:52:14,577 - INFO - httpx - _send_single_request - HTTP Request: HEAD https://huggingface.co/api/resolve-cache/models/sentence-transformers/all-MiniLM-L6-v2/c9745ed1d9f207416be6d2e6f8de32d1f16199bf/config.json "HTTP/1.1 200 OK"
2026-04-01 17:52:14,911 - INFO - httpx - _send_single_request - HTTP Request: HEAD https://huggingface.co/sentence-transformers/all-MiniLM-L6-v2/resolve/main/tokenizer_config.json "HTTP/1.1 307 Temporary Redirect"
2026-04-01 17:52:15,015 - INFO - httpx - _send_single_request - HTTP Request: HEAD https://huggingface.co/api/resolve-cache/models/sentence-transformers/all-MiniLM-L6-v2/c9745ed1d9f207416be6d2e6f8de32d1f16199bf/tokenizer_config.json "HTTP/1.1 200 OK"
2026-04-01 17:52:15,336 - INFO - httpx - _send_single_request - HTTP Request: GET https://huggingface.co/api/models/sentence-transformers/all-MiniLM-L6-v2/tree/main/additional_chat_templates?recursive=false&expand=false "HTTP/1.1 404 Not Found"
2026-04-01 17:52:15,640 - INFO - httpx - _send_single_request - HTTP Request: GET https://huggingface.co/api/models/sentence-transformers/all-MiniLM-L6-v2/tree/main?recursive=true&expand=false "HTTP/1.1 200 OK"
2026-04-01 17:52:16,092 - INFO - httpx - _send_single_request - HTTP Request: HEAD https://huggingface.co/sentence-transformers/all-MiniLM-L6-v2/resolve/main/1_Pooling/config.json "HTTP/1.1 307 Temporary Redirect"
2026-04-01 17:52:16,202 - INFO - httpx - _send_single_request - HTTP Request: HEAD https://huggingface.co/api/resolve-cache/models/sentence-transformers/all-MiniLM-L6-v2/c9745ed1d9f207416be6d2e6f8de32d1f16199bf/1_Pooling%2Fconfig.json "HTTP/1.1 200 OK"
2026-04-01 17:52:16,522 - INFO - httpx - _send_single_request - HTTP Request: GET https://huggingface.co/api/models/sentence-transformers/all-MiniLM-L6-v2 "HTTP/1.1 200 OK"
2026-04-01 17:53:42,598 - INFO - sentence_transformers.SentenceTransformer - __init__ - Use pytorch device_name: cpu
2026-04-01 17:53:42,598 - INFO - sentence_transformers.SentenceTransformer - __init__ - Load pretrained SentenceTransformer: sentence-transformers/all-MiniLM-L6-v2
2026-04-01 17:53:43,228 - INFO - httpx - _send_single_request - HTTP Request: HEAD https://huggingface.co/sentence-transformers/all-MiniLM-L6-v2/resolve/main/modules.json "HTTP/1.1 307 Temporary Redirect"
2026-04-01 17:53:43,276 - INFO - httpx - _send_single_request - HTTP Request: HEAD https://huggingface.co/api/resolve-cache/models/sentence-transformers/all-MiniLM-L6-v2/c9745ed1d9f207416be6d2e6f8de32d1f16199bf/modules.json "HTTP/1.1 200 OK"
2026-04-01 17:53:43,563 - INFO - httpx - _send_single_request - HTTP Request: HEAD https://huggingface.co/sentence-transformers/all-MiniLM-L6-v2/resolve/main/config_sentence_transformers.json "HTTP/1.1 307 Temporary Redirect"
2026-04-01 17:53:43,607 - INFO - httpx - _send_single_request - HTTP Request: HEAD https://huggingface.co/api/resolve-cache/models/sentence-transformers/all-MiniLM-L6-v2/c9745ed1d9f207416be6d2e6f8de32d1f16199bf/config_sentence_transformers.json "HTTP/1.1 200 OK"
2026-04-01 17:53:43,901 - INFO - httpx - _send_single_request - HTTP Request: HEAD https://huggingface.co/sentence-transformers/all-MiniLM-L6-v2/resolve/main/config_sentence_transformers.json "HTTP/1.1 307 Temporary Redirect"
2026-04-01 17:53:43,942 - INFO - httpx - _send_single_request - HTTP Request: HEAD https://huggingface.co/api/resolve-cache/models/sentence-transformers/all-MiniLM-L6-v2/c9745ed1d9f207416be6d2e6f8de32d1f16199bf/config_sentence_transformers.json "HTTP/1.1 200 OK"
2026-04-01 17:53:44,229 - INFO - httpx - _send_single_request - HTTP Request: HEAD https://huggingface.co/sentence-transformers/all-MiniLM-L6-v2/resolve/main/README.md "HTTP/1.1 307 Temporary Redirect"
2026-04-01 17:53:44,261 - INFO - httpx - _send_single_request - HTTP Request: HEAD https://huggingface.co/api/resolve-cache/models/sentence-transformers/all-MiniLM-L6-v2/c9745ed1d9f207416be6d2e6f8de32d1f16199bf/README.md "HTTP/1.1 200 OK"
2026-04-01 17:53:44,549 - INFO - httpx - _send_single_request - HTTP Request: HEAD https://huggingface.co/sentence-transformers/all-MiniLM-L6-v2/resolve/main/modules.json "HTTP/1.1 307 Temporary Redirect"
2026-04-01 17:53:44,575 - INFO - httpx - _send_single_request - HTTP Request: HEAD https://huggingface.co/api/resolve-cache/models/sentence-transformers/all-MiniLM-L6-v2/c9745ed1d9f207416be6d2e6f8de32d1f16199bf/modules.json "HTTP/1.1 200 OK"
2026-04-01 17:53:44,865 - INFO - httpx - _send_single_request - HTTP Request: HEAD https://huggingface.co/sentence-transformers/all-MiniLM-L6-v2/resolve/main/sentence_bert_config.json "HTTP/1.1 307 Temporary Redirect"
2026-04-01 17:53:44,909 - INFO - httpx - _send_single_request - HTTP Request: HEAD https://huggingface.co/api/resolve-cache/models/sentence-transformers/all-MiniLM-L6-v2/c9745ed1d9f207416be6d2e6f8de32d1f16199bf/sentence_bert_config.json "HTTP/1.1 200 OK"
2026-04-01 17:53:45,228 - INFO - httpx - _send_single_request - HTTP Request: HEAD https://huggingface.co/sentence-transformers/all-MiniLM-L6-v2/resolve/main/adapter_config.json "HTTP/1.1 404 Not Found"
2026-04-01 17:53:45,547 - INFO - httpx - _send_single_request - HTTP Request: HEAD https://huggingface.co/sentence-transformers/all-MiniLM-L6-v2/resolve/main/config.json "HTTP/1.1 307 Temporary Redirect"
2026-04-01 17:53:45,576 - INFO - httpx - _send_single_request - HTTP Request: HEAD https://huggingface.co/api/resolve-cache/models/sentence-transformers/all-MiniLM-L6-v2/c9745ed1d9f207416be6d2e6f8de32d1f16199bf/config.json "HTTP/1.1 200 OK"
2026-04-01 17:53:45,918 - INFO - httpx - _send_single_request - HTTP Request: HEAD https://huggingface.co/sentence-transformers/all-MiniLM-L6-v2/resolve/main/config.json "HTTP/1.1 307 Temporary Redirect"
2026-04-01 17:53:45,965 - INFO - httpx - _send_single_request - HTTP Request: HEAD https://huggingface.co/api/resolve-cache/models/sentence-transformers/all-MiniLM-L6-v2/c9745ed1d9f207416be6d2e6f8de32d1f16199bf/config.json "HTTP/1.1 200 OK"
2026-04-01 17:53:46,249 - INFO - httpx - _send_single_request - HTTP Request: HEAD https://huggingface.co/sentence-transformers/all-MiniLM-L6-v2/resolve/main/tokenizer_config.json "HTTP/1.1 307 Temporary Redirect"
2026-04-01 17:53:46,290 - INFO - httpx - _send_single_request - HTTP Request: HEAD https://huggingface.co/api/resolve-cache/models/sentence-transformers/all-MiniLM-L6-v2/c9745ed1d9f207416be6d2e6f8de32d1f16199bf/tokenizer_config.json "HTTP/1.1 200 OK"
2026-04-01 17:53:46,584 - INFO - httpx - _send_single_request - HTTP Request: GET https://huggingface.co/api/models/sentence-transformers/all-MiniLM-L6-v2/tree/main/additional_chat_templates?recursive=false&expand=false "HTTP/1.1 404 Not Found"
2026-04-01 17:53:46,868 - INFO - httpx - _send_single_request - HTTP Request: GET https://huggingface.co/api/models/sentence-transformers/all-MiniLM-L6-v2/tree/main?recursive=true&expand=false "HTTP/1.1 200 OK"
2026-04-01 17:53:47,246 - INFO - httpx - _send_single_request - HTTP Request: HEAD https://huggingface.co/sentence-transformers/all-MiniLM-L6-v2/resolve/main/1_Pooling/config.json "HTTP/1.1 307 Temporary Redirect"
2026-04-01 17:53:47,280 - INFO - httpx - _send_single_request - HTTP Request: HEAD https://huggingface.co/api/resolve-cache/models/sentence-transformers/all-MiniLM-L6-v2/c9745ed1d9f207416be6d2e6f8de32d1f16199bf/1_Pooling%2Fconfig.json "HTTP/1.1 200 OK"
2026-04-01 17:53:47,568 - INFO - httpx - _send_single_request - HTTP Request: GET https://huggingface.co/api/models/sentence-transformers/all-MiniLM-L6-v2 "HTTP/1.1 200 OK"
2026-04-01 17:53:47,885 - INFO - chatbot_app - log_requests - Request end: POST /upload - Status 200 - Time 120.188s
2026-04-01 17:55:40,520 - INFO - chatbot_app - log_requests - Request start: POST /chat
2026-04-01 17:55:41,236 - INFO - httpx - _send_single_request - HTTP Request: POST https://api.groq.com/openai/v1/chat/completions "HTTP/1.1 200 OK"
2026-04-01 17:55:41,811 - INFO - httpx - _send_single_request - HTTP Request: POST https://api.groq.com/openai/v1/chat/completions "HTTP/1.1 200 OK"
2026-04-01 17:55:41,833 - INFO - chatbot_app - log_requests - Request end: POST /chat - Status 200 - Time 1.313s
2026-04-01 17:55:55,009 - INFO - chatbot_app - log_requests - Request start: POST /chat
2026-04-01 17:55:55,850 - INFO - httpx - _send_single_request - HTTP Request: POST https://api.groq.com/openai/v1/chat/completions "HTTP/1.1 200 OK"
2026-04-01 17:55:56,936 - INFO - httpx - _send_single_request - HTTP Request: POST https://api.groq.com/openai/v1/chat/completions "HTTP/1.1 200 OK"
2026-04-01 17:55:56,967 - INFO - chatbot_app - log_requests - Request end: POST /chat - Status 200 - Time 1.958s
2026-04-01 18:00:02,587 - INFO - chatbot_app - log_requests - Request start: GET /files
2026-04-01 18:00:02,587 - INFO - chatbot_app - log_requests - Request end: GET /files - Status 200 - Time 0.000s
2026-04-01 18:00:53,471 - INFO - chatbot_app - log_requests - Request start: GET /files
2026-04-01 18:00:53,474 - INFO - chatbot_app - log_requests - Request end: GET /files - Status 200 - Time 0.002s
2026-04-01 18:00:53,671 - INFO - chatbot_app - log_requests - Request start: GET /files
2026-04-01 18:00:53,673 - INFO - chatbot_app - log_requests - Request end: GET /files - Status 200 - Time 0.001s
2026-04-01 18:00:53,839 - INFO - chatbot_app - log_requests - Request start: GET /files
2026-04-01 18:00:53,842 - INFO - chatbot_app - log_requests - Request end: GET /files - Status 200 - Time 0.001s
2026-04-01 18:00:56,973 - INFO - chatbot_app - log_requests - Request start: GET /files
2026-04-01 18:00:56,976 - INFO - chatbot_app - log_requests - Request end: GET /files - Status 200 - Time 0.002s
2026-04-01 18:00:57,270 - INFO - chatbot_app - log_requests - Request start: GET /files
2026-04-01 18:00:57,271 - INFO - chatbot_app - log_requests - Request end: GET /files - Status 200 - Time 0.001s
2026-04-01 18:00:57,512 - INFO - chatbot_app - log_requests - Request start: GET /files
2026-04-01 18:00:57,513 - INFO - chatbot_app - log_requests - Request end: GET /files - Status 200 - Time 0.001s
2026-04-01 18:00:57,751 - INFO - chatbot_app - log_requests - Request start: GET /files
2026-04-01 18:00:57,752 - INFO - chatbot_app - log_requests - Request end: GET /files - Status 200 - Time 0.001s
2026-04-01 18:00:58,009 - INFO - chatbot_app - log_requests - Request start: GET /files
2026-04-01 18:00:58,010 - INFO - chatbot_app - log_requests - Request end: GET /files - Status 200 - Time 0.002s
2026-04-01 18:00:58,241 - INFO - chatbot_app - log_requests - Request start: GET /files
2026-04-01 18:00:58,242 - INFO - chatbot_app - log_requests - Request end: GET /files - Status 200 - Time 0.001s
2026-04-01 18:00:58,678 - INFO - chatbot_app - log_requests - Request start: GET /files
2026-04-01 18:00:58,679 - INFO - chatbot_app - log_requests - Request end: GET /files - Status 200 - Time 0.001s
2026-04-01 18:01:19,419 - INFO - chatbot_app - log_requests - Request start: POST /upload
2026-04-01 18:01:19,425 - INFO - chatbot_app - log_requests - Request end: POST /upload - Status 200 - Time 0.007s
2026-04-01 18:01:19,434 - INFO - chatbot_app - log_requests - Request start: GET /files
2026-04-01 18:01:19,434 - INFO - chatbot_app - log_requests - Request end: GET /files - Status 200 - Time 0.000s
2026-04-01 18:07:14,937 - INFO - chatbot_app - log_requests - Request start: POST /upload
2026-04-01 18:07:14,942 - INFO - chatbot_app - log_requests - Request end: POST /upload - Status 200 - Time 0.006s
2026-04-01 18:07:14,958 - INFO - chatbot_app - log_requests - Request start: GET /files
2026-04-01 18:07:14,960 - INFO - chatbot_app - log_requests - Request end: GET /files - Status 200 - Time 0.004s
2026-04-01 18:07:51,115 - INFO - chatbot_app - log_requests - Request start: GET /files
2026-04-01 18:07:51,117 - INFO - chatbot_app - log_requests - Request end: GET /files - Status 200 - Time 0.002s
2026-04-01 18:07:51,989 - INFO - chatbot_app - log_requests - Request start: GET /files
2026-04-01 18:07:51,990 - INFO - chatbot_app - log_requests - Request end: GET /files - Status 200 - Time 0.001s
2026-04-01 18:08:01,205 - INFO - chatbot_app - log_requests - Request start: POST /upload
2026-04-01 18:08:01,211 - INFO - chatbot_app - log_requests - Request end: POST /upload - Status 200 - Time 0.006s
2026-04-01 18:08:01,225 - INFO - chatbot_app - log_requests - Request start: GET /files
2026-04-01 18:08:01,226 - INFO - chatbot_app - log_requests - Request end: GET /files - Status 200 - Time 0.001s
2026-04-01 18:08:05,892 - INFO - chatbot_app - log_requests - Request start: GET /files
2026-04-01 18:08:05,893 - INFO - chatbot_app - log_requests - Request end: GET /files - Status 200 - Time 0.001s
2026-04-01 18:10:02,621 - INFO - chatbot_app - log_requests - Request start: POST /upload
2026-04-01 18:10:02,628 - INFO - chatbot_app - log_requests - Request end: POST /upload - Status 200 - Time 0.007s
2026-04-01 18:10:02,668 - INFO - chatbot_app - log_requests - Request start: GET /files
2026-04-01 18:10:02,668 - INFO - chatbot_app - log_requests - Request end: GET /files - Status 200 - Time 0.000s
2026-04-01 18:10:12,940 - INFO - chatbot_app - log_requests - Request start: GET /files
2026-04-01 18:10:12,942 - INFO - chatbot_app - log_requests - Request end: GET /files - Status 200 - Time 0.002s
2026-04-01 18:11:00,370 - INFO - chatbot_app - log_requests - Request start: POST /upload
2026-04-01 18:11:00,377 - INFO - chatbot_app - log_requests - Request end: POST /upload - Status 200 - Time 0.008s
2026-04-01 18:16:28,296 - INFO - sentence_transformers.SentenceTransformer - __init__ - Use pytorch device_name: cpu
2026-04-01 18:16:28,296 - INFO - sentence_transformers.SentenceTransformer - __init__ - Load pretrained SentenceTransformer: sentence-transformers/all-MiniLM-L6-v2
2026-04-01 18:16:28,617 - INFO - httpx - _send_single_request - HTTP Request: HEAD https://huggingface.co/sentence-transformers/all-MiniLM-L6-v2/resolve/main/modules.json "HTTP/1.1 307 Temporary Redirect"
2026-04-01 18:16:28,715 - INFO - httpx - _send_single_request - HTTP Request: HEAD https://huggingface.co/api/resolve-cache/models/sentence-transformers/all-MiniLM-L6-v2/c9745ed1d9f207416be6d2e6f8de32d1f16199bf/modules.json "HTTP/1.1 200 OK"
2026-04-01 18:16:29,036 - INFO - httpx - _send_single_request - HTTP Request: HEAD https://huggingface.co/sentence-transformers/all-MiniLM-L6-v2/resolve/main/config_sentence_transformers.json "HTTP/1.1 307 Temporary Redirect"
2026-04-01 18:16:29,135 - INFO - httpx - _send_single_request - HTTP Request: HEAD https://huggingface.co/api/resolve-cache/models/sentence-transformers/all-MiniLM-L6-v2/c9745ed1d9f207416be6d2e6f8de32d1f16199bf/config_sentence_transformers.json "HTTP/1.1 200 OK"
2026-04-01 18:16:29,454 - INFO - httpx - _send_single_request - HTTP Request: HEAD https://huggingface.co/sentence-transformers/all-MiniLM-L6-v2/resolve/main/config_sentence_transformers.json "HTTP/1.1 307 Temporary Redirect"
2026-04-01 18:16:29,565 - INFO - httpx - _send_single_request - HTTP Request: HEAD https://huggingface.co/api/resolve-cache/models/sentence-transformers/all-MiniLM-L6-v2/c9745ed1d9f207416be6d2e6f8de32d1f16199bf/config_sentence_transformers.json "HTTP/1.1 200 OK"
2026-04-01 18:16:29,895 - INFO - httpx - _send_single_request - HTTP Request: HEAD https://huggingface.co/sentence-transformers/all-MiniLM-L6-v2/resolve/main/README.md "HTTP/1.1 307 Temporary Redirect"
2026-04-01 18:16:29,989 - INFO - httpx - _send_single_request - HTTP Request: HEAD https://huggingface.co/api/resolve-cache/models/sentence-transformers/all-MiniLM-L6-v2/c9745ed1d9f207416be6d2e6f8de32d1f16199bf/README.md "HTTP/1.1 200 OK"
2026-04-01 18:16:30,325 - INFO - httpx - _send_single_request - HTTP Request: HEAD https://huggingface.co/sentence-transformers/all-MiniLM-L6-v2/resolve/main/modules.json "HTTP/1.1 307 Temporary Redirect"
2026-04-01 18:16:30,426 - INFO - httpx - _send_single_request - HTTP Request: HEAD https://huggingface.co/api/resolve-cache/models/sentence-transformers/all-MiniLM-L6-v2/c9745ed1d9f207416be6d2e6f8de32d1f16199bf/modules.json "HTTP/1.1 200 OK"
2026-04-01 18:16:30,739 - INFO - httpx - _send_single_request - HTTP Request: HEAD https://huggingface.co/sentence-transformers/all-MiniLM-L6-v2/resolve/main/sentence_bert_config.json "HTTP/1.1 307 Temporary Redirect"
2026-04-01 18:16:30,843 - INFO - httpx - _send_single_request - HTTP Request: HEAD https://huggingface.co/api/resolve-cache/models/sentence-transformers/all-MiniLM-L6-v2/c9745ed1d9f207416be6d2e6f8de32d1f16199bf/sentence_bert_config.json "HTTP/1.1 200 OK"
2026-04-01 18:16:31,157 - INFO - httpx - _send_single_request - HTTP Request: HEAD https://huggingface.co/sentence-transformers/all-MiniLM-L6-v2/resolve/main/adapter_config.json "HTTP/1.1 404 Not Found"
2026-04-01 18:16:31,472 - INFO - httpx - _send_single_request - HTTP Request: HEAD https://huggingface.co/sentence-transformers/all-MiniLM-L6-v2/resolve/main/config.json "HTTP/1.1 307 Temporary Redirect"
2026-04-01 18:16:31,573 - INFO - httpx - _send_single_request - HTTP Request: HEAD https://huggingface.co/api/resolve-cache/models/sentence-transformers/all-MiniLM-L6-v2/c9745ed1d9f207416be6d2e6f8de32d1f16199bf/config.json "HTTP/1.1 200 OK"
2026-04-01 18:16:31,945 - INFO - httpx - _send_single_request - HTTP Request: HEAD https://huggingface.co/sentence-transformers/all-MiniLM-L6-v2/resolve/main/config.json "HTTP/1.1 307 Temporary Redirect"
2026-04-01 18:16:32,055 - INFO - httpx - _send_single_request - HTTP Request: HEAD https://huggingface.co/api/resolve-cache/models/sentence-transformers/all-MiniLM-L6-v2/c9745ed1d9f207416be6d2e6f8de32d1f16199bf/config.json "HTTP/1.1 200 OK"
2026-04-01 18:16:32,370 - INFO - httpx - _send_single_request - HTTP Request: HEAD https://huggingface.co/sentence-transformers/all-MiniLM-L6-v2/resolve/main/tokenizer_config.json "HTTP/1.1 307 Temporary Redirect"
2026-04-01 18:16:32,469 - INFO - httpx - _send_single_request - HTTP Request: HEAD https://huggingface.co/api/resolve-cache/models/sentence-transformers/all-MiniLM-L6-v2/c9745ed1d9f207416be6d2e6f8de32d1f16199bf/tokenizer_config.json "HTTP/1.1 200 OK"
2026-04-01 18:16:32,802 - INFO - httpx - _send_single_request - HTTP Request: GET https://huggingface.co/api/models/sentence-transformers/all-MiniLM-L6-v2/tree/main/additional_chat_templates?recursive=false&expand=false "HTTP/1.1 404 Not Found"
2026-04-01 18:16:33,131 - INFO - httpx - _send_single_request - HTTP Request: GET https://huggingface.co/api/models/sentence-transformers/all-MiniLM-L6-v2/tree/main?recursive=true&expand=false "HTTP/1.1 200 OK"
2026-04-01 18:16:33,505 - INFO - httpx - _send_single_request - HTTP Request: HEAD https://huggingface.co/sentence-transformers/all-MiniLM-L6-v2/resolve/main/1_Pooling/config.json "HTTP/1.1 307 Temporary Redirect"
2026-04-01 18:16:33,636 - INFO - httpx - _send_single_request - HTTP Request: HEAD https://huggingface.co/api/resolve-cache/models/sentence-transformers/all-MiniLM-L6-v2/c9745ed1d9f207416be6d2e6f8de32d1f16199bf/1_Pooling%2Fconfig.json "HTTP/1.1 200 OK"
2026-04-01 18:16:33,965 - INFO - httpx - _send_single_request - HTTP Request: GET https://huggingface.co/api/models/sentence-transformers/all-MiniLM-L6-v2 "HTTP/1.1 200 OK"
2026-04-01 18:16:33,983 - INFO - faiss.loader - <module> - Loading faiss with AVX2 support.
2026-04-01 18:16:34,017 - INFO - faiss.loader - <module> - Successfully loaded faiss with AVX2 support.
2026-04-01 18:17:27,827 - INFO - chatbot_app - log_requests - Request start: GET /files
2026-04-01 18:17:27,838 - INFO - chatbot_app - log_requests - Request end: GET /files - Status 200 - Time 0.011s
2026-04-01 18:17:38,879 - INFO - chatbot_app - log_requests - Request start: GET /files
2026-04-01 18:17:38,881 - INFO - chatbot_app - log_requests - Request end: GET /files - Status 200 - Time 0.001s
2026-04-01 18:17:47,206 - INFO - chatbot_app - log_requests - Request start: POST /upload
2026-04-01 18:18:10,020 - INFO - sentence_transformers.SentenceTransformer - __init__ - Use pytorch device_name: cpu
2026-04-01 18:18:10,020 - INFO - sentence_transformers.SentenceTransformer - __init__ - Load pretrained SentenceTransformer: sentence-transformers/all-MiniLM-L6-v2
2026-04-01 18:18:10,487 - INFO - httpx - _send_single_request - HTTP Request: HEAD https://huggingface.co/sentence-transformers/all-MiniLM-L6-v2/resolve/main/modules.json "HTTP/1.1 307 Temporary Redirect"
2026-04-01 18:18:10,487 - INFO - httpx - _send_single_request - HTTP Request: HEAD https://huggingface.co/api/resolve-cache/models/sentence-transformers/all-MiniLM-L6-v2/c9745ed1d9f207416be6d2e6f8de32d1f16199bf/modules.json "HTTP/1.1 200 OK"
2026-04-01 18:18:10,754 - INFO - httpx - _send_single_request - HTTP Request: HEAD https://huggingface.co/sentence-transformers/all-MiniLM-L6-v2/resolve/main/config_sentence_transformers.json "HTTP/1.1 307 Temporary Redirect"
2026-04-01 18:18:10,756 - INFO - httpx - _send_single_request - HTTP Request: HEAD https://huggingface.co/api/resolve-cache/models/sentence-transformers/all-MiniLM-L6-v2/c9745ed1d9f207416be6d2e6f8de32d1f16199bf/config_sentence_transformers.json "HTTP/1.1 200 OK"
2026-04-01 18:18:11,001 - INFO - httpx - _send_single_request - HTTP Request: HEAD https://huggingface.co/sentence-transformers/all-MiniLM-L6-v2/resolve/main/config_sentence_transformers.json "HTTP/1.1 307 Temporary Redirect"
2026-04-01 18:18:11,005 - INFO - httpx - _send_single_request - HTTP Request: HEAD https://huggingface.co/api/resolve-cache/models/sentence-transformers/all-MiniLM-L6-v2/c9745ed1d9f207416be6d2e6f8de32d1f16199bf/config_sentence_transformers.json "HTTP/1.1 200 OK"
2026-04-01 18:18:11,255 - INFO - httpx - _send_single_request - HTTP Request: HEAD https://huggingface.co/sentence-transformers/all-MiniLM-L6-v2/resolve/main/README.md "HTTP/1.1 307 Temporary Redirect"
2026-04-01 18:18:11,264 - INFO - httpx - _send_single_request - HTTP Request: HEAD https://huggingface.co/api/resolve-cache/models/sentence-transformers/all-MiniLM-L6-v2/c9745ed1d9f207416be6d2e6f8de32d1f16199bf/README.md "HTTP/1.1 200 OK"
2026-04-01 18:18:11,509 - INFO - httpx - _send_single_request - HTTP Request: HEAD https://huggingface.co/sentence-transformers/all-MiniLM-L6-v2/resolve/main/modules.json "HTTP/1.1 307 Temporary Redirect"
2026-04-01 18:18:11,526 - INFO - httpx - _send_single_request - HTTP Request: HEAD https://huggingface.co/api/resolve-cache/models/sentence-transformers/all-MiniLM-L6-v2/c9745ed1d9f207416be6d2e6f8de32d1f16199bf/modules.json "HTTP/1.1 200 OK"
2026-04-01 18:18:11,761 - INFO - httpx - _send_single_request - HTTP Request: HEAD https://huggingface.co/sentence-transformers/all-MiniLM-L6-v2/resolve/main/sentence_bert_config.json "HTTP/1.1 307 Temporary Redirect"
2026-04-01 18:18:11,774 - INFO - httpx - _send_single_request - HTTP Request: HEAD https://huggingface.co/api/resolve-cache/models/sentence-transformers/all-MiniLM-L6-v2/c9745ed1d9f207416be6d2e6f8de32d1f16199bf/sentence_bert_config.json "HTTP/1.1 200 OK"
2026-04-01 18:18:12,010 - INFO - httpx - _send_single_request - HTTP Request: HEAD https://huggingface.co/sentence-transformers/all-MiniLM-L6-v2/resolve/main/adapter_config.json "HTTP/1.1 404 Not Found"
2026-04-01 18:18:12,272 - INFO - httpx - _send_single_request - HTTP Request: HEAD https://huggingface.co/sentence-transformers/all-MiniLM-L6-v2/resolve/main/config.json "HTTP/1.1 307 Temporary Redirect"
2026-04-01 18:18:12,272 - INFO - httpx - _send_single_request - HTTP Request: HEAD https://huggingface.co/api/resolve-cache/models/sentence-transformers/all-MiniLM-L6-v2/c9745ed1d9f207416be6d2e6f8de32d1f16199bf/config.json "HTTP/1.1 200 OK"
2026-04-01 18:18:12,726 - INFO - httpx - _send_single_request - HTTP Request: HEAD https://huggingface.co/sentence-transformers/all-MiniLM-L6-v2/resolve/main/config.json "HTTP/1.1 307 Temporary Redirect"
2026-04-01 18:18:12,742 - INFO - httpx - _send_single_request - HTTP Request: HEAD https://huggingface.co/api/resolve-cache/models/sentence-transformers/all-MiniLM-L6-v2/c9745ed1d9f207416be6d2e6f8de32d1f16199bf/config.json "HTTP/1.1 200 OK"
2026-04-01 18:18:12,993 - INFO - httpx - _send_single_request - HTTP Request: HEAD https://huggingface.co/sentence-transformers/all-MiniLM-L6-v2/resolve/main/tokenizer_config.json "HTTP/1.1 307 Temporary Redirect"
2026-04-01 18:18:13,013 - INFO - httpx - _send_single_request - HTTP Request: HEAD https://huggingface.co/api/resolve-cache/models/sentence-transformers/all-MiniLM-L6-v2/c9745ed1d9f207416be6d2e6f8de32d1f16199bf/tokenizer_config.json "HTTP/1.1 200 OK"
2026-04-01 18:18:13,274 - INFO - httpx - _send_single_request - HTTP Request: GET https://huggingface.co/api/models/sentence-transformers/all-MiniLM-L6-v2/tree/main/additional_chat_templates?recursive=false&expand=false "HTTP/1.1 404 Not Found"
2026-04-01 18:18:13,527 - INFO - httpx - _send_single_request - HTTP Request: GET https://huggingface.co/api/models/sentence-transformers/all-MiniLM-L6-v2/tree/main?recursive=true&expand=false "HTTP/1.1 200 OK"
2026-04-01 18:18:13,841 - INFO - httpx - _send_single_request - HTTP Request: HEAD https://huggingface.co/sentence-transformers/all-MiniLM-L6-v2/resolve/main/1_Pooling/config.json "HTTP/1.1 307 Temporary Redirect"
2026-04-01 18:18:13,851 - INFO - httpx - _send_single_request - HTTP Request: HEAD https://huggingface.co/api/resolve-cache/models/sentence-transformers/all-MiniLM-L6-v2/c9745ed1d9f207416be6d2e6f8de32d1f16199bf/1_Pooling%2Fconfig.json "HTTP/1.1 200 OK"
2026-04-01 18:18:14,086 - INFO - httpx - _send_single_request - HTTP Request: GET https://huggingface.co/api/models/sentence-transformers/all-MiniLM-L6-v2 "HTTP/1.1 200 OK"
2026-04-01 18:19:25,669 - INFO - sentence_transformers.SentenceTransformer - __init__ - Use pytorch device_name: cpu
2026-04-01 18:19:25,669 - INFO - sentence_transformers.SentenceTransformer - __init__ - Load pretrained SentenceTransformer: sentence-transformers/all-MiniLM-L6-v2
2026-04-01 18:19:27,107 - INFO - httpx - _send_single_request - HTTP Request: HEAD https://huggingface.co/sentence-transformers/all-MiniLM-L6-v2/resolve/main/modules.json "HTTP/1.1 307 Temporary Redirect"
2026-04-01 18:19:27,388 - INFO - httpx - _send_single_request - HTTP Request: HEAD https://huggingface.co/api/resolve-cache/models/sentence-transformers/all-MiniLM-L6-v2/c9745ed1d9f207416be6d2e6f8de32d1f16199bf/modules.json "HTTP/1.1 200 OK"
2026-04-01 18:19:27,713 - INFO - httpx - _send_single_request - HTTP Request: HEAD https://huggingface.co/sentence-transformers/all-MiniLM-L6-v2/resolve/main/config_sentence_transformers.json "HTTP/1.1 307 Temporary Redirect"
2026-04-01 18:19:28,005 - INFO - httpx - _send_single_request - HTTP Request: HEAD https://huggingface.co/api/resolve-cache/models/sentence-transformers/all-MiniLM-L6-v2/c9745ed1d9f207416be6d2e6f8de32d1f16199bf/config_sentence_transformers.json "HTTP/1.1 200 OK"
2026-04-01 18:19:28,322 - INFO - httpx - _send_single_request - HTTP Request: HEAD https://huggingface.co/sentence-transformers/all-MiniLM-L6-v2/resolve/main/config_sentence_transformers.json "HTTP/1.1 307 Temporary Redirect"
2026-04-01 18:19:28,619 - INFO - httpx - _send_single_request - HTTP Request: HEAD https://huggingface.co/api/resolve-cache/models/sentence-transformers/all-MiniLM-L6-v2/c9745ed1d9f207416be6d2e6f8de32d1f16199bf/config_sentence_transformers.json "HTTP/1.1 200 OK"
2026-04-01 18:19:29,106 - INFO - httpx - _send_single_request - HTTP Request: HEAD https://huggingface.co/sentence-transformers/all-MiniLM-L6-v2/resolve/main/README.md "HTTP/1.1 307 Temporary Redirect"
2026-04-01 18:19:29,385 - INFO - httpx - _send_single_request - HTTP Request: HEAD https://huggingface.co/api/resolve-cache/models/sentence-transformers/all-MiniLM-L6-v2/c9745ed1d9f207416be6d2e6f8de32d1f16199bf/README.md "HTTP/1.1 200 OK"
2026-04-01 18:19:29,707 - INFO - httpx - _send_single_request - HTTP Request: HEAD https://huggingface.co/sentence-transformers/all-MiniLM-L6-v2/resolve/main/modules.json "HTTP/1.1 307 Temporary Redirect"
2026-04-01 18:19:29,985 - INFO - httpx - _send_single_request - HTTP Request: HEAD https://huggingface.co/api/resolve-cache/models/sentence-transformers/all-MiniLM-L6-v2/c9745ed1d9f207416be6d2e6f8de32d1f16199bf/modules.json "HTTP/1.1 200 OK"
2026-04-01 18:19:30,318 - INFO - httpx - _send_single_request - HTTP Request: HEAD https://huggingface.co/sentence-transformers/all-MiniLM-L6-v2/resolve/main/sentence_bert_config.json "HTTP/1.1 307 Temporary Redirect"
2026-04-01 18:19:30,601 - INFO - httpx - _send_single_request - HTTP Request: HEAD https://huggingface.co/api/resolve-cache/models/sentence-transformers/all-MiniLM-L6-v2/c9745ed1d9f207416be6d2e6f8de32d1f16199bf/sentence_bert_config.json "HTTP/1.1 200 OK"
2026-04-01 18:19:30,909 - INFO - httpx - _send_single_request - HTTP Request: HEAD https://huggingface.co/sentence-transformers/all-MiniLM-L6-v2/resolve/main/adapter_config.json "HTTP/1.1 404 Not Found"
2026-04-01 18:19:31,223 - INFO - httpx - _send_single_request - HTTP Request: HEAD https://huggingface.co/sentence-transformers/all-MiniLM-L6-v2/resolve/main/config.json "HTTP/1.1 307 Temporary Redirect"
2026-04-01 18:19:31,510 - INFO - httpx - _send_single_request - HTTP Request: HEAD https://huggingface.co/api/resolve-cache/models/sentence-transformers/all-MiniLM-L6-v2/c9745ed1d9f207416be6d2e6f8de32d1f16199bf/config.json "HTTP/1.1 200 OK"
2026-04-01 18:19:31,892 - INFO - httpx - _send_single_request - HTTP Request: HEAD https://huggingface.co/sentence-transformers/all-MiniLM-L6-v2/resolve/main/config.json "HTTP/1.1 307 Temporary Redirect"
2026-04-01 18:19:32,171 - INFO - httpx - _send_single_request - HTTP Request: HEAD https://huggingface.co/api/resolve-cache/models/sentence-transformers/all-MiniLM-L6-v2/c9745ed1d9f207416be6d2e6f8de32d1f16199bf/config.json "HTTP/1.1 200 OK"
2026-04-01 18:19:32,472 - INFO - httpx - _send_single_request - HTTP Request: HEAD https://huggingface.co/sentence-transformers/all-MiniLM-L6-v2/resolve/main/tokenizer_config.json "HTTP/1.1 307 Temporary Redirect"
2026-04-01 18:19:32,756 - INFO - httpx - _send_single_request - HTTP Request: HEAD https://huggingface.co/api/resolve-cache/models/sentence-transformers/all-MiniLM-L6-v2/c9745ed1d9f207416be6d2e6f8de32d1f16199bf/tokenizer_config.json "HTTP/1.1 200 OK"
2026-04-01 18:19:33,138 - INFO - httpx - _send_single_request - HTTP Request: GET https://huggingface.co/api/models/sentence-transformers/all-MiniLM-L6-v2/tree/main/additional_chat_templates?recursive=false&expand=false "HTTP/1.1 404 Not Found"
2026-04-01 18:19:33,505 - INFO - httpx - _send_single_request - HTTP Request: GET https://huggingface.co/api/models/sentence-transformers/all-MiniLM-L6-v2/tree/main?recursive=true&expand=false "HTTP/1.1 200 OK"
2026-04-01 18:19:34,145 - INFO - httpx - _send_single_request - HTTP Request: HEAD https://huggingface.co/sentence-transformers/all-MiniLM-L6-v2/resolve/main/1_Pooling/config.json "HTTP/1.1 307 Temporary Redirect"
2026-04-01 18:19:34,425 - INFO - httpx - _send_single_request - HTTP Request: HEAD https://huggingface.co/api/resolve-cache/models/sentence-transformers/all-MiniLM-L6-v2/c9745ed1d9f207416be6d2e6f8de32d1f16199bf/1_Pooling%2Fconfig.json "HTTP/1.1 200 OK"
2026-04-01 18:19:35,019 - INFO - httpx - _send_single_request - HTTP Request: GET https://huggingface.co/api/models/sentence-transformers/all-MiniLM-L6-v2 "HTTP/1.1 200 OK"
2026-04-01 18:19:35,353 - INFO - chatbot_app - log_requests - Request end: POST /upload - Status 200 - Time 108.146s
2026-04-01 18:20:00,825 - INFO - sentence_transformers.SentenceTransformer - __init__ - Use pytorch device_name: cpu
2026-04-01 18:20:00,825 - INFO - sentence_transformers.SentenceTransformer - __init__ - Load pretrained SentenceTransformer: sentence-transformers/all-MiniLM-L6-v2
2026-04-01 18:20:01,101 - INFO - httpx - _send_single_request - HTTP Request: HEAD https://huggingface.co/sentence-transformers/all-MiniLM-L6-v2/resolve/main/modules.json "HTTP/1.1 307 Temporary Redirect"
2026-04-01 18:20:01,361 - INFO - httpx - _send_single_request - HTTP Request: HEAD https://huggingface.co/api/resolve-cache/models/sentence-transformers/all-MiniLM-L6-v2/c9745ed1d9f207416be6d2e6f8de32d1f16199bf/modules.json "HTTP/1.1 200 OK"
2026-04-01 18:20:01,636 - INFO - httpx - _send_single_request - HTTP Request: HEAD https://huggingface.co/sentence-transformers/all-MiniLM-L6-v2/resolve/main/config_sentence_transformers.json "HTTP/1.1 307 Temporary Redirect"
2026-04-01 18:20:01,898 - INFO - httpx - _send_single_request - HTTP Request: HEAD https://huggingface.co/api/resolve-cache/models/sentence-transformers/all-MiniLM-L6-v2/c9745ed1d9f207416be6d2e6f8de32d1f16199bf/config_sentence_transformers.json "HTTP/1.1 200 OK"
2026-04-01 18:20:02,167 - INFO - httpx - _send_single_request - HTTP Request: HEAD https://huggingface.co/sentence-transformers/all-MiniLM-L6-v2/resolve/main/config_sentence_transformers.json "HTTP/1.1 307 Temporary Redirect"
2026-04-01 18:20:02,426 - INFO - httpx - _send_single_request - HTTP Request: HEAD https://huggingface.co/api/resolve-cache/models/sentence-transformers/all-MiniLM-L6-v2/c9745ed1d9f207416be6d2e6f8de32d1f16199bf/config_sentence_transformers.json "HTTP/1.1 200 OK"
2026-04-01 18:20:02,711 - INFO - httpx - _send_single_request - HTTP Request: HEAD https://huggingface.co/sentence-transformers/all-MiniLM-L6-v2/resolve/main/README.md "HTTP/1.1 307 Temporary Redirect"
2026-04-01 18:20:02,961 - INFO - httpx - _send_single_request - HTTP Request: HEAD https://huggingface.co/api/resolve-cache/models/sentence-transformers/all-MiniLM-L6-v2/c9745ed1d9f207416be6d2e6f8de32d1f16199bf/README.md "HTTP/1.1 200 OK"
2026-04-01 18:20:03,248 - INFO - httpx - _send_single_request - HTTP Request: HEAD https://huggingface.co/sentence-transformers/all-MiniLM-L6-v2/resolve/main/modules.json "HTTP/1.1 307 Temporary Redirect"
2026-04-01 18:20:03,502 - INFO - httpx - _send_single_request - HTTP Request: HEAD https://huggingface.co/api/resolve-cache/models/sentence-transformers/all-MiniLM-L6-v2/c9745ed1d9f207416be6d2e6f8de32d1f16199bf/modules.json "HTTP/1.1 200 OK"
2026-04-01 18:20:03,792 - INFO - httpx - _send_single_request - HTTP Request: HEAD https://huggingface.co/sentence-transformers/all-MiniLM-L6-v2/resolve/main/sentence_bert_config.json "HTTP/1.1 307 Temporary Redirect"
2026-04-01 18:20:04,052 - INFO - httpx - _send_single_request - HTTP Request: HEAD https://huggingface.co/api/resolve-cache/models/sentence-transformers/all-MiniLM-L6-v2/c9745ed1d9f207416be6d2e6f8de32d1f16199bf/sentence_bert_config.json "HTTP/1.1 200 OK"
2026-04-01 18:20:04,325 - INFO - httpx - _send_single_request - HTTP Request: HEAD https://huggingface.co/sentence-transformers/all-MiniLM-L6-v2/resolve/main/adapter_config.json "HTTP/1.1 404 Not Found"
2026-04-01 18:20:04,622 - INFO - httpx - _send_single_request - HTTP Request: HEAD https://huggingface.co/sentence-transformers/all-MiniLM-L6-v2/resolve/main/config.json "HTTP/1.1 307 Temporary Redirect"
2026-04-01 18:20:04,898 - INFO - httpx - _send_single_request - HTTP Request: HEAD https://huggingface.co/api/resolve-cache/models/sentence-transformers/all-MiniLM-L6-v2/c9745ed1d9f207416be6d2e6f8de32d1f16199bf/config.json "HTTP/1.1 200 OK"
2026-04-01 18:20:05,259 - INFO - httpx - _send_single_request - HTTP Request: HEAD https://huggingface.co/sentence-transformers/all-MiniLM-L6-v2/resolve/main/config.json "HTTP/1.1 307 Temporary Redirect"
2026-04-01 18:20:05,519 - INFO - httpx - _send_single_request - HTTP Request: HEAD https://huggingface.co/api/resolve-cache/models/sentence-transformers/all-MiniLM-L6-v2/c9745ed1d9f207416be6d2e6f8de32d1f16199bf/config.json "HTTP/1.1 200 OK"
2026-04-01 18:20:05,794 - INFO - httpx - _send_single_request - HTTP Request: HEAD https://huggingface.co/sentence-transformers/all-MiniLM-L6-v2/resolve/main/tokenizer_config.json "HTTP/1.1 307 Temporary Redirect"
2026-04-01 18:20:06,057 - INFO - httpx - _send_single_request - HTTP Request: HEAD https://huggingface.co/api/resolve-cache/models/sentence-transformers/all-MiniLM-L6-v2/c9745ed1d9f207416be6d2e6f8de32d1f16199bf/tokenizer_config.json "HTTP/1.1 200 OK"
2026-04-01 18:20:06,338 - INFO - httpx - _send_single_request - HTTP Request: GET https://huggingface.co/api/models/sentence-transformers/all-MiniLM-L6-v2/tree/main/additional_chat_templates?recursive=false&expand=false "HTTP/1.1 404 Not Found"
2026-04-01 18:20:06,620 - INFO - httpx - _send_single_request - HTTP Request: GET https://huggingface.co/api/models/sentence-transformers/all-MiniLM-L6-v2/tree/main?recursive=true&expand=false "HTTP/1.1 200 OK"
2026-04-01 18:20:06,974 - INFO - httpx - _send_single_request - HTTP Request: HEAD https://huggingface.co/sentence-transformers/all-MiniLM-L6-v2/resolve/main/1_Pooling/config.json "HTTP/1.1 307 Temporary Redirect"
2026-04-01 18:20:07,240 - INFO - httpx - _send_single_request - HTTP Request: HEAD https://huggingface.co/api/resolve-cache/models/sentence-transformers/all-MiniLM-L6-v2/c9745ed1d9f207416be6d2e6f8de32d1f16199bf/1_Pooling%2Fconfig.json "HTTP/1.1 200 OK"
2026-04-01 18:20:07,554 - INFO - httpx - _send_single_request - HTTP Request: GET https://huggingface.co/api/models/sentence-transformers/all-MiniLM-L6-v2 "HTTP/1.1 200 OK"
2026-04-01 18:20:07,568 - INFO - faiss.loader - <module> - Loading faiss with AVX2 support.
2026-04-01 18:20:07,590 - INFO - faiss.loader - <module> - Successfully loaded faiss with AVX2 support.
2026-04-01 18:20:08,082 - INFO - chatbot_app - log_requests - Request start: GET /files
2026-04-01 18:20:08,084 - INFO - chatbot_app - log_requests - Request end: GET /files - Status 200 - Time 0.002s
2026-04-01 18:21:05,200 - INFO - chatbot_app - log_requests - Request start: GET /files
2026-04-01 18:21:05,203 - INFO - chatbot_app - log_requests - Request end: GET /files - Status 200 - Time 0.002s
2026-04-01 18:21:05,558 - INFO - chatbot_app - log_requests - Request start: GET /files
2026-04-01 18:21:05,559 - INFO - chatbot_app - log_requests - Request end: GET /files - Status 200 - Time 0.001s
2026-04-01 18:21:06,049 - INFO - chatbot_app - log_requests - Request start: GET /files
2026-04-01 18:21:06,051 - INFO - chatbot_app - log_requests - Request end: GET /files - Status 200 - Time 0.002s
2026-04-01 18:21:15,735 - INFO - chatbot_app - log_requests - Request start: POST /upload
2026-04-01 18:21:15,745 - INFO - chatbot_app - log_requests - Request end: POST /upload - Status 200 - Time 0.009s
2026-04-01 18:21:15,760 - INFO - chatbot_app - log_requests - Request start: GET /files
2026-04-01 18:21:15,760 - INFO - chatbot_app - log_requests - Request end: GET /files - Status 200 - Time 0.000s
2026-04-01 18:21:44,966 - INFO - sentence_transformers.SentenceTransformer - __init__ - Use pytorch device_name: cpu
2026-04-01 18:21:44,966 - INFO - sentence_transformers.SentenceTransformer - __init__ - Load pretrained SentenceTransformer: sentence-transformers/all-MiniLM-L6-v2
2026-04-01 18:21:45,279 - INFO - httpx - _send_single_request - HTTP Request: HEAD https://huggingface.co/sentence-transformers/all-MiniLM-L6-v2/resolve/main/modules.json "HTTP/1.1 307 Temporary Redirect"
2026-04-01 18:21:45,366 - INFO - httpx - _send_single_request - HTTP Request: HEAD https://huggingface.co/api/resolve-cache/models/sentence-transformers/all-MiniLM-L6-v2/c9745ed1d9f207416be6d2e6f8de32d1f16199bf/modules.json "HTTP/1.1 200 OK"
2026-04-01 18:21:45,670 - INFO - httpx - _send_single_request - HTTP Request: HEAD https://huggingface.co/sentence-transformers/all-MiniLM-L6-v2/resolve/main/config_sentence_transformers.json "HTTP/1.1 307 Temporary Redirect"
2026-04-01 18:21:45,759 - INFO - httpx - _send_single_request - HTTP Request: HEAD https://huggingface.co/api/resolve-cache/models/sentence-transformers/all-MiniLM-L6-v2/c9745ed1d9f207416be6d2e6f8de32d1f16199bf/config_sentence_transformers.json "HTTP/1.1 200 OK"
2026-04-01 18:21:46,074 - INFO - httpx - _send_single_request - HTTP Request: HEAD https://huggingface.co/sentence-transformers/all-MiniLM-L6-v2/resolve/main/config_sentence_transformers.json "HTTP/1.1 307 Temporary Redirect"
2026-04-01 18:21:46,163 - INFO - httpx - _send_single_request - HTTP Request: HEAD https://huggingface.co/api/resolve-cache/models/sentence-transformers/all-MiniLM-L6-v2/c9745ed1d9f207416be6d2e6f8de32d1f16199bf/config_sentence_transformers.json "HTTP/1.1 200 OK"
2026-04-01 18:21:46,505 - INFO - httpx - _send_single_request - HTTP Request: HEAD https://huggingface.co/sentence-transformers/all-MiniLM-L6-v2/resolve/main/README.md "HTTP/1.1 307 Temporary Redirect"
2026-04-01 18:21:46,596 - INFO - httpx - _send_single_request - HTTP Request: HEAD https://huggingface.co/api/resolve-cache/models/sentence-transformers/all-MiniLM-L6-v2/c9745ed1d9f207416be6d2e6f8de32d1f16199bf/README.md "HTTP/1.1 200 OK"
2026-04-01 18:21:46,928 - INFO - httpx - _send_single_request - HTTP Request: HEAD https://huggingface.co/sentence-transformers/all-MiniLM-L6-v2/resolve/main/modules.json "HTTP/1.1 307 Temporary Redirect"
2026-04-01 18:21:47,015 - INFO - httpx - _send_single_request - HTTP Request: HEAD https://huggingface.co/api/resolve-cache/models/sentence-transformers/all-MiniLM-L6-v2/c9745ed1d9f207416be6d2e6f8de32d1f16199bf/modules.json "HTTP/1.1 200 OK"
2026-04-01 18:21:47,326 - INFO - httpx - _send_single_request - HTTP Request: HEAD https://huggingface.co/sentence-transformers/all-MiniLM-L6-v2/resolve/main/sentence_bert_config.json "HTTP/1.1 307 Temporary Redirect"
2026-04-01 18:21:47,416 - INFO - httpx - _send_single_request - HTTP Request: HEAD https://huggingface.co/api/resolve-cache/models/sentence-transformers/all-MiniLM-L6-v2/c9745ed1d9f207416be6d2e6f8de32d1f16199bf/sentence_bert_config.json "HTTP/1.1 200 OK"
2026-04-01 18:21:47,749 - INFO - httpx - _send_single_request - HTTP Request: HEAD https://huggingface.co/sentence-transformers/all-MiniLM-L6-v2/resolve/main/adapter_config.json "HTTP/1.1 404 Not Found"
2026-04-01 18:21:48,061 - INFO - httpx - _send_single_request - HTTP Request: HEAD https://huggingface.co/sentence-transformers/all-MiniLM-L6-v2/resolve/main/config.json "HTTP/1.1 307 Temporary Redirect"
2026-04-01 18:21:48,150 - INFO - httpx - _send_single_request - HTTP Request: HEAD https://huggingface.co/api/resolve-cache/models/sentence-transformers/all-MiniLM-L6-v2/c9745ed1d9f207416be6d2e6f8de32d1f16199bf/config.json "HTTP/1.1 200 OK"
2026-04-01 18:21:48,546 - INFO - httpx - _send_single_request - HTTP Request: HEAD https://huggingface.co/sentence-transformers/all-MiniLM-L6-v2/resolve/main/config.json "HTTP/1.1 307 Temporary Redirect"
2026-04-01 18:21:48,635 - INFO - httpx - _send_single_request - HTTP Request: HEAD https://huggingface.co/api/resolve-cache/models/sentence-transformers/all-MiniLM-L6-v2/c9745ed1d9f207416be6d2e6f8de32d1f16199bf/config.json "HTTP/1.1 200 OK"
2026-04-01 18:21:48,976 - INFO - httpx - _send_single_request - HTTP Request: HEAD https://huggingface.co/sentence-transformers/all-MiniLM-L6-v2/resolve/main/tokenizer_config.json "HTTP/1.1 307 Temporary Redirect"
2026-04-01 18:21:49,065 - INFO - httpx - _send_single_request - HTTP Request: HEAD https://huggingface.co/api/resolve-cache/models/sentence-transformers/all-MiniLM-L6-v2/c9745ed1d9f207416be6d2e6f8de32d1f16199bf/tokenizer_config.json "HTTP/1.1 200 OK"
2026-04-01 18:21:49,395 - INFO - httpx - _send_single_request - HTTP Request: GET https://huggingface.co/api/models/sentence-transformers/all-MiniLM-L6-v2/tree/main/additional_chat_templates?recursive=false&expand=false "HTTP/1.1 404 Not Found"
2026-04-01 18:21:49,710 - INFO - httpx - _send_single_request - HTTP Request: GET https://huggingface.co/api/models/sentence-transformers/all-MiniLM-L6-v2/tree/main?recursive=true&expand=false "HTTP/1.1 200 OK"
2026-04-01 18:21:50,101 - INFO - httpx - _send_single_request - HTTP Request: HEAD https://huggingface.co/sentence-transformers/all-MiniLM-L6-v2/resolve/main/1_Pooling/config.json "HTTP/1.1 307 Temporary Redirect"
2026-04-01 18:21:50,187 - INFO - httpx - _send_single_request - HTTP Request: HEAD https://huggingface.co/api/resolve-cache/models/sentence-transformers/all-MiniLM-L6-v2/c9745ed1d9f207416be6d2e6f8de32d1f16199bf/1_Pooling%2Fconfig.json "HTTP/1.1 200 OK"
2026-04-01 18:21:50,507 - INFO - httpx - _send_single_request - HTTP Request: GET https://huggingface.co/api/models/sentence-transformers/all-MiniLM-L6-v2 "HTTP/1.1 200 OK"
2026-04-01 18:21:50,524 - INFO - faiss.loader - <module> - Loading faiss with AVX2 support.
2026-04-01 18:21:50,540 - INFO - faiss.loader - <module> - Successfully loaded faiss with AVX2 support.
2026-04-01 18:29:15,057 - INFO - sentence_transformers.SentenceTransformer - __init__ - Use pytorch device_name: cpu
2026-04-01 18:29:15,057 - INFO - sentence_transformers.SentenceTransformer - __init__ - Load pretrained SentenceTransformer: sentence-transformers/all-MiniLM-L6-v2
2026-04-01 18:29:15,370 - INFO - httpx - _send_single_request - HTTP Request: HEAD https://huggingface.co/sentence-transformers/all-MiniLM-L6-v2/resolve/main/modules.json "HTTP/1.1 307 Temporary Redirect"
2026-04-01 18:29:15,480 - INFO - httpx - _send_single_request - HTTP Request: HEAD https://huggingface.co/api/resolve-cache/models/sentence-transformers/all-MiniLM-L6-v2/c9745ed1d9f207416be6d2e6f8de32d1f16199bf/modules.json "HTTP/1.1 200 OK"
2026-04-01 18:29:15,839 - INFO - httpx - _send_single_request - HTTP Request: HEAD https://huggingface.co/sentence-transformers/all-MiniLM-L6-v2/resolve/main/config_sentence_transformers.json "HTTP/1.1 307 Temporary Redirect"
2026-04-01 18:29:15,965 - INFO - httpx - _send_single_request - HTTP Request: HEAD https://huggingface.co/api/resolve-cache/models/sentence-transformers/all-MiniLM-L6-v2/c9745ed1d9f207416be6d2e6f8de32d1f16199bf/config_sentence_transformers.json "HTTP/1.1 200 OK"
2026-04-01 18:29:16,277 - INFO - httpx - _send_single_request - HTTP Request: HEAD https://huggingface.co/sentence-transformers/all-MiniLM-L6-v2/resolve/main/config_sentence_transformers.json "HTTP/1.1 307 Temporary Redirect"
2026-04-01 18:29:16,386 - INFO - httpx - _send_single_request - HTTP Request: HEAD https://huggingface.co/api/resolve-cache/models/sentence-transformers/all-MiniLM-L6-v2/c9745ed1d9f207416be6d2e6f8de32d1f16199bf/config_sentence_transformers.json "HTTP/1.1 200 OK"
2026-04-01 18:29:16,760 - INFO - httpx - _send_single_request - HTTP Request: HEAD https://huggingface.co/sentence-transformers/all-MiniLM-L6-v2/resolve/main/README.md "HTTP/1.1 307 Temporary Redirect"
2026-04-01 18:29:16,872 - INFO - httpx - _send_single_request - HTTP Request: HEAD https://huggingface.co/api/resolve-cache/models/sentence-transformers/all-MiniLM-L6-v2/c9745ed1d9f207416be6d2e6f8de32d1f16199bf/README.md "HTTP/1.1 200 OK"
2026-04-01 18:29:17,199 - INFO - httpx - _send_single_request - HTTP Request: HEAD https://huggingface.co/sentence-transformers/all-MiniLM-L6-v2/resolve/main/modules.json "HTTP/1.1 307 Temporary Redirect"
2026-04-01 18:29:17,309 - INFO - httpx - _send_single_request - HTTP Request: HEAD https://huggingface.co/api/resolve-cache/models/sentence-transformers/all-MiniLM-L6-v2/c9745ed1d9f207416be6d2e6f8de32d1f16199bf/modules.json "HTTP/1.1 200 OK"
2026-04-01 18:29:17,637 - INFO - httpx - _send_single_request - HTTP Request: HEAD https://huggingface.co/sentence-transformers/all-MiniLM-L6-v2/resolve/main/sentence_bert_config.json "HTTP/1.1 307 Temporary Redirect"
2026-04-01 18:29:17,768 - INFO - httpx - _send_single_request - HTTP Request: HEAD https://huggingface.co/api/resolve-cache/models/sentence-transformers/all-MiniLM-L6-v2/c9745ed1d9f207416be6d2e6f8de32d1f16199bf/sentence_bert_config.json "HTTP/1.1 200 OK"
2026-04-01 18:29:18,092 - INFO - httpx - _send_single_request - HTTP Request: HEAD https://huggingface.co/sentence-transformers/all-MiniLM-L6-v2/resolve/main/adapter_config.json "HTTP/1.1 404 Not Found"
2026-04-01 18:29:18,426 - INFO - httpx - _send_single_request - HTTP Request: HEAD https://huggingface.co/sentence-transformers/all-MiniLM-L6-v2/resolve/main/config.json "HTTP/1.1 307 Temporary Redirect"
2026-04-01 18:29:18,538 - INFO - httpx - _send_single_request - HTTP Request: HEAD https://huggingface.co/api/resolve-cache/models/sentence-transformers/all-MiniLM-L6-v2/c9745ed1d9f207416be6d2e6f8de32d1f16199bf/config.json "HTTP/1.1 200 OK"
2026-04-01 18:29:18,902 - INFO - httpx - _send_single_request - HTTP Request: HEAD https://huggingface.co/sentence-transformers/all-MiniLM-L6-v2/resolve/main/config.json "HTTP/1.1 307 Temporary Redirect"
2026-04-01 18:29:19,029 - INFO - httpx - _send_single_request - HTTP Request: HEAD https://huggingface.co/api/resolve-cache/models/sentence-transformers/all-MiniLM-L6-v2/c9745ed1d9f207416be6d2e6f8de32d1f16199bf/config.json "HTTP/1.1 200 OK"
2026-04-01 18:29:19,355 - INFO - httpx - _send_single_request - HTTP Request: HEAD https://huggingface.co/sentence-transformers/all-MiniLM-L6-v2/resolve/main/tokenizer_config.json "HTTP/1.1 307 Temporary Redirect"
2026-04-01 18:29:19,481 - INFO - httpx - _send_single_request - HTTP Request: HEAD https://huggingface.co/api/resolve-cache/models/sentence-transformers/all-MiniLM-L6-v2/c9745ed1d9f207416be6d2e6f8de32d1f16199bf/tokenizer_config.json "HTTP/1.1 200 OK"
2026-04-01 18:29:19,809 - INFO - httpx - _send_single_request - HTTP Request: GET https://huggingface.co/api/models/sentence-transformers/all-MiniLM-L6-v2/tree/main/additional_chat_templates?recursive=false&expand=false "HTTP/1.1 404 Not Found"
2026-04-01 18:29:20,152 - INFO - httpx - _send_single_request - HTTP Request: GET https://huggingface.co/api/models/sentence-transformers/all-MiniLM-L6-v2/tree/main?recursive=true&expand=false "HTTP/1.1 200 OK"
2026-04-01 18:29:20,538 - INFO - httpx - _send_single_request - HTTP Request: HEAD https://huggingface.co/sentence-transformers/all-MiniLM-L6-v2/resolve/main/1_Pooling/config.json "HTTP/1.1 307 Temporary Redirect"
2026-04-01 18:29:20,652 - INFO - httpx - _send_single_request - HTTP Request: HEAD https://huggingface.co/api/resolve-cache/models/sentence-transformers/all-MiniLM-L6-v2/c9745ed1d9f207416be6d2e6f8de32d1f16199bf/1_Pooling%2Fconfig.json "HTTP/1.1 200 OK"
2026-04-01 18:29:20,981 - INFO - httpx - _send_single_request - HTTP Request: GET https://huggingface.co/api/models/sentence-transformers/all-MiniLM-L6-v2 "HTTP/1.1 200 OK"
2026-04-01 18:29:20,992 - INFO - faiss.loader - <module> - Loading faiss with AVX2 support.
2026-04-01 18:29:21,020 - INFO - faiss.loader - <module> - Successfully loaded faiss with AVX2 support.
2026-04-01 18:31:51,941 - INFO - chatbot_app - log_requests - Request start: GET /files
2026-04-01 18:31:51,947 - INFO - chatbot_app - log_requests - Request end: GET /files - Status 200 - Time 0.006s
2026-04-01 18:31:52,104 - INFO - chatbot_app - log_requests - Request start: GET /files
2026-04-01 18:31:52,104 - INFO - chatbot_app - log_requests - Request end: GET /files - Status 200 - Time 0.000s
2026-04-01 18:31:52,286 - INFO - chatbot_app - log_requests - Request start: GET /files
2026-04-01 18:31:52,287 - INFO - chatbot_app - log_requests - Request end: GET /files - Status 200 - Time 0.001s
2026-04-01 18:31:52,506 - INFO - chatbot_app - log_requests - Request start: GET /files
2026-04-01 18:31:52,507 - INFO - chatbot_app - log_requests - Request end: GET /files - Status 200 - Time 0.001s
2026-04-01 18:31:52,599 - INFO - chatbot_app - log_requests - Request start: GET /files
2026-04-01 18:31:52,600 - INFO - chatbot_app - log_requests - Request end: GET /files - Status 200 - Time 0.001s
2026-04-01 18:31:58,980 - INFO - chatbot_app - log_requests - Request start: POST /upload
2026-04-01 18:31:58,985 - INFO - chatbot_app - log_requests - Request end: POST /upload - Status 200 - Time 0.005s
2026-04-01 18:31:59,001 - INFO - chatbot_app - log_requests - Request start: GET /files
2026-04-01 18:31:59,001 - INFO - chatbot_app - log_requests - Request end: GET /files - Status 200 - Time 0.000s
2026-04-01 18:32:30,343 - INFO - sentence_transformers.SentenceTransformer - __init__ - Use pytorch device_name: cpu
2026-04-01 18:32:30,343 - INFO - sentence_transformers.SentenceTransformer - __init__ - Load pretrained SentenceTransformer: sentence-transformers/all-MiniLM-L6-v2
2026-04-01 18:32:30,668 - INFO - httpx - _send_single_request - HTTP Request: HEAD https://huggingface.co/sentence-transformers/all-MiniLM-L6-v2/resolve/main/modules.json "HTTP/1.1 307 Temporary Redirect"
2026-04-01 18:32:30,793 - INFO - httpx - _send_single_request - HTTP Request: HEAD https://huggingface.co/api/resolve-cache/models/sentence-transformers/all-MiniLM-L6-v2/c9745ed1d9f207416be6d2e6f8de32d1f16199bf/modules.json "HTTP/1.1 200 OK"
2026-04-01 18:32:31,137 - INFO - httpx - _send_single_request - HTTP Request: HEAD https://huggingface.co/sentence-transformers/all-MiniLM-L6-v2/resolve/main/config_sentence_transformers.json "HTTP/1.1 307 Temporary Redirect"
2026-04-01 18:32:31,252 - INFO - httpx - _send_single_request - HTTP Request: HEAD https://huggingface.co/api/resolve-cache/models/sentence-transformers/all-MiniLM-L6-v2/c9745ed1d9f207416be6d2e6f8de32d1f16199bf/config_sentence_transformers.json "HTTP/1.1 200 OK"
2026-04-01 18:32:31,594 - INFO - httpx - _send_single_request - HTTP Request: HEAD https://huggingface.co/sentence-transformers/all-MiniLM-L6-v2/resolve/main/config_sentence_transformers.json "HTTP/1.1 307 Temporary Redirect"
2026-04-01 18:32:31,700 - INFO - httpx - _send_single_request - HTTP Request: HEAD https://huggingface.co/api/resolve-cache/models/sentence-transformers/all-MiniLM-L6-v2/c9745ed1d9f207416be6d2e6f8de32d1f16199bf/config_sentence_transformers.json "HTTP/1.1 200 OK"
2026-04-01 18:32:32,036 - INFO - httpx - _send_single_request - HTTP Request: HEAD https://huggingface.co/sentence-transformers/all-MiniLM-L6-v2/resolve/main/README.md "HTTP/1.1 307 Temporary Redirect"
2026-04-01 18:32:32,152 - INFO - httpx - _send_single_request - HTTP Request: HEAD https://huggingface.co/api/resolve-cache/models/sentence-transformers/all-MiniLM-L6-v2/c9745ed1d9f207416be6d2e6f8de32d1f16199bf/README.md "HTTP/1.1 200 OK"
2026-04-01 18:32:32,495 - INFO - httpx - _send_single_request - HTTP Request: HEAD https://huggingface.co/sentence-transformers/all-MiniLM-L6-v2/resolve/main/modules.json "HTTP/1.1 307 Temporary Redirect"
2026-04-01 18:32:32,605 - INFO - httpx - _send_single_request - HTTP Request: HEAD https://huggingface.co/api/resolve-cache/models/sentence-transformers/all-MiniLM-L6-v2/c9745ed1d9f207416be6d2e6f8de32d1f16199bf/modules.json "HTTP/1.1 200 OK"
2026-04-01 18:32:32,932 - INFO - httpx - _send_single_request - HTTP Request: HEAD https://huggingface.co/sentence-transformers/all-MiniLM-L6-v2/resolve/main/sentence_bert_config.json "HTTP/1.1 307 Temporary Redirect"
2026-04-01 18:32:33,053 - INFO - httpx - _send_single_request - HTTP Request: HEAD https://huggingface.co/api/resolve-cache/models/sentence-transformers/all-MiniLM-L6-v2/c9745ed1d9f207416be6d2e6f8de32d1f16199bf/sentence_bert_config.json "HTTP/1.1 200 OK"
2026-04-01 18:32:33,385 - INFO - httpx - _send_single_request - HTTP Request: HEAD https://huggingface.co/sentence-transformers/all-MiniLM-L6-v2/resolve/main/adapter_config.json "HTTP/1.1 404 Not Found"
2026-04-01 18:32:33,717 - INFO - httpx - _send_single_request - HTTP Request: HEAD https://huggingface.co/sentence-transformers/all-MiniLM-L6-v2/resolve/main/config.json "HTTP/1.1 307 Temporary Redirect"
2026-04-01 18:32:33,839 - INFO - httpx - _send_single_request - HTTP Request: HEAD https://huggingface.co/api/resolve-cache/models/sentence-transformers/all-MiniLM-L6-v2/c9745ed1d9f207416be6d2e6f8de32d1f16199bf/config.json "HTTP/1.1 200 OK"
2026-04-01 18:32:34,317 - INFO - httpx - _send_single_request - HTTP Request: HEAD https://huggingface.co/sentence-transformers/all-MiniLM-L6-v2/resolve/main/config.json "HTTP/1.1 307 Temporary Redirect"
2026-04-01 18:32:34,418 - INFO - httpx - _send_single_request - HTTP Request: HEAD https://huggingface.co/api/resolve-cache/models/sentence-transformers/all-MiniLM-L6-v2/c9745ed1d9f207416be6d2e6f8de32d1f16199bf/config.json "HTTP/1.1 200 OK"
2026-04-01 18:32:34,779 - INFO - httpx - _send_single_request - HTTP Request: HEAD https://huggingface.co/sentence-transformers/all-MiniLM-L6-v2/resolve/main/tokenizer_config.json "HTTP/1.1 307 Temporary Redirect"
2026-04-01 18:32:34,898 - INFO - httpx - _send_single_request - HTTP Request: HEAD https://huggingface.co/api/resolve-cache/models/sentence-transformers/all-MiniLM-L6-v2/c9745ed1d9f207416be6d2e6f8de32d1f16199bf/tokenizer_config.json "HTTP/1.1 200 OK"
2026-04-01 18:32:35,229 - INFO - httpx - _send_single_request - HTTP Request: GET https://huggingface.co/api/models/sentence-transformers/all-MiniLM-L6-v2/tree/main/additional_chat_templates?recursive=false&expand=false "HTTP/1.1 404 Not Found"
2026-04-01 18:32:35,568 - INFO - httpx - _send_single_request - HTTP Request: GET https://huggingface.co/api/models/sentence-transformers/all-MiniLM-L6-v2/tree/main?recursive=true&expand=false "HTTP/1.1 200 OK"
2026-04-01 18:32:35,959 - INFO - httpx - _send_single_request - HTTP Request: HEAD https://huggingface.co/sentence-transformers/all-MiniLM-L6-v2/resolve/main/1_Pooling/config.json "HTTP/1.1 307 Temporary Redirect"
2026-04-01 18:32:36,075 - INFO - httpx - _send_single_request - HTTP Request: HEAD https://huggingface.co/api/resolve-cache/models/sentence-transformers/all-MiniLM-L6-v2/c9745ed1d9f207416be6d2e6f8de32d1f16199bf/1_Pooling%2Fconfig.json "HTTP/1.1 200 OK"
2026-04-01 18:32:36,417 - INFO - httpx - _send_single_request - HTTP Request: GET https://huggingface.co/api/models/sentence-transformers/all-MiniLM-L6-v2 "HTTP/1.1 200 OK"
2026-04-01 18:32:36,456 - INFO - faiss.loader - <module> - Loading faiss with AVX2 support.
2026-04-01 18:32:36,474 - INFO - faiss.loader - <module> - Successfully loaded faiss with AVX2 support.
2026-04-01 18:32:36,978 - INFO - chatbot_app - log_requests - Request start: GET /files
2026-04-01 18:32:36,991 - INFO - chatbot_app - log_requests - Request end: GET /files - Status 200 - Time 0.013s
2026-04-01 18:32:51,684 - INFO - chatbot_app - log_requests - Request start: POST /upload
2026-04-01 18:32:51,691 - INFO - chatbot_app - log_requests - Request end: POST /upload - Status 200 - Time 0.006s
2026-04-01 18:32:51,704 - INFO - chatbot_app - log_requests - Request start: GET /files
2026-04-01 18:32:51,706 - INFO - chatbot_app - log_requests - Request end: GET /files - Status 200 - Time 0.002s
2026-04-01 18:36:09,536 - INFO - chatbot_app - log_requests - Request start: GET /files
2026-04-01 18:36:09,536 - INFO - chatbot_app - log_requests - Request end: GET /files - Status 200 - Time 0.000s
2026-04-01 18:41:53,993 - INFO - chatbot_app - log_requests - Request start: GET /files
2026-04-01 18:41:53,995 - INFO - chatbot_app - log_requests - Request end: GET /files - Status 200 - Time 0.002s
2026-04-01 18:42:01,578 - INFO - chatbot_app - log_requests - Request start: OPTIONS /delete/The_GALE_ENCYCLOPEDIA_of_MEDICINE_SECOND.pdf
2026-04-01 18:42:01,578 - INFO - chatbot_app - log_requests - Request end: OPTIONS /delete/The_GALE_ENCYCLOPEDIA_of_MEDICINE_SECOND.pdf - Status 200 - Time 0.000s
2026-04-01 18:42:01,583 - INFO - chatbot_app - log_requests - Request start: DELETE /delete/The_GALE_ENCYCLOPEDIA_of_MEDICINE_SECOND.pdf
2026-04-01 18:42:06,550 - INFO - sentence_transformers.SentenceTransformer - __init__ - Use pytorch device_name: cpu
2026-04-01 18:42:06,550 - INFO - sentence_transformers.SentenceTransformer - __init__ - Load pretrained SentenceTransformer: sentence-transformers/all-MiniLM-L6-v2
2026-04-01 18:42:07,566 - INFO - httpx - _send_single_request - HTTP Request: HEAD https://huggingface.co/sentence-transformers/all-MiniLM-L6-v2/resolve/main/modules.json "HTTP/1.1 307 Temporary Redirect"
2026-04-01 18:42:07,675 - INFO - httpx - _send_single_request - HTTP Request: HEAD https://huggingface.co/api/resolve-cache/models/sentence-transformers/all-MiniLM-L6-v2/c9745ed1d9f207416be6d2e6f8de32d1f16199bf/modules.json "HTTP/1.1 200 OK"
2026-04-01 18:42:08,029 - INFO - httpx - _send_single_request - HTTP Request: HEAD https://huggingface.co/sentence-transformers/all-MiniLM-L6-v2/resolve/main/config_sentence_transformers.json "HTTP/1.1 307 Temporary Redirect"
2026-04-01 18:42:08,157 - INFO - httpx - _send_single_request - HTTP Request: HEAD https://huggingface.co/api/resolve-cache/models/sentence-transformers/all-MiniLM-L6-v2/c9745ed1d9f207416be6d2e6f8de32d1f16199bf/config_sentence_transformers.json "HTTP/1.1 200 OK"
2026-04-01 18:42:08,495 - INFO - httpx - _send_single_request - HTTP Request: HEAD https://huggingface.co/sentence-transformers/all-MiniLM-L6-v2/resolve/main/config_sentence_transformers.json "HTTP/1.1 307 Temporary Redirect"
2026-04-01 18:42:08,619 - INFO - httpx - _send_single_request - HTTP Request: HEAD https://huggingface.co/api/resolve-cache/models/sentence-transformers/all-MiniLM-L6-v2/c9745ed1d9f207416be6d2e6f8de32d1f16199bf/config_sentence_transformers.json "HTTP/1.1 200 OK"
2026-04-01 18:42:08,961 - INFO - httpx - _send_single_request - HTTP Request: HEAD https://huggingface.co/sentence-transformers/all-MiniLM-L6-v2/resolve/main/README.md "HTTP/1.1 307 Temporary Redirect"
2026-04-01 18:42:09,072 - INFO - httpx - _send_single_request - HTTP Request: HEAD https://huggingface.co/api/resolve-cache/models/sentence-transformers/all-MiniLM-L6-v2/c9745ed1d9f207416be6d2e6f8de32d1f16199bf/README.md "HTTP/1.1 200 OK"
2026-04-01 18:42:09,413 - INFO - httpx - _send_single_request - HTTP Request: HEAD https://huggingface.co/sentence-transformers/all-MiniLM-L6-v2/resolve/main/modules.json "HTTP/1.1 307 Temporary Redirect"
2026-04-01 18:42:09,538 - INFO - httpx - _send_single_request - HTTP Request: HEAD https://huggingface.co/api/resolve-cache/models/sentence-transformers/all-MiniLM-L6-v2/c9745ed1d9f207416be6d2e6f8de32d1f16199bf/modules.json "HTTP/1.1 200 OK"
2026-04-01 18:42:09,862 - INFO - httpx - _send_single_request - HTTP Request: HEAD https://huggingface.co/sentence-transformers/all-MiniLM-L6-v2/resolve/main/sentence_bert_config.json "HTTP/1.1 307 Temporary Redirect"
2026-04-01 18:42:09,977 - INFO - httpx - _send_single_request - HTTP Request: HEAD https://huggingface.co/api/resolve-cache/models/sentence-transformers/all-MiniLM-L6-v2/c9745ed1d9f207416be6d2e6f8de32d1f16199bf/sentence_bert_config.json "HTTP/1.1 200 OK"
2026-04-01 18:42:10,314 - INFO - httpx - _send_single_request - HTTP Request: HEAD https://huggingface.co/sentence-transformers/all-MiniLM-L6-v2/resolve/main/adapter_config.json "HTTP/1.1 404 Not Found"
2026-04-01 18:42:10,662 - INFO - httpx - _send_single_request - HTTP Request: HEAD https://huggingface.co/sentence-transformers/all-MiniLM-L6-v2/resolve/main/config.json "HTTP/1.1 307 Temporary Redirect"
2026-04-01 18:42:10,772 - INFO - httpx - _send_single_request - HTTP Request: HEAD https://huggingface.co/api/resolve-cache/models/sentence-transformers/all-MiniLM-L6-v2/c9745ed1d9f207416be6d2e6f8de32d1f16199bf/config.json "HTTP/1.1 200 OK"
2026-04-01 18:42:11,162 - INFO - httpx - _send_single_request - HTTP Request: HEAD https://huggingface.co/sentence-transformers/all-MiniLM-L6-v2/resolve/main/config.json "HTTP/1.1 307 Temporary Redirect"
2026-04-01 18:42:11,288 - INFO - httpx - _send_single_request - HTTP Request: HEAD https://huggingface.co/api/resolve-cache/models/sentence-transformers/all-MiniLM-L6-v2/c9745ed1d9f207416be6d2e6f8de32d1f16199bf/config.json "HTTP/1.1 200 OK"
2026-04-01 18:42:11,646 - INFO - httpx - _send_single_request - HTTP Request: HEAD https://huggingface.co/sentence-transformers/all-MiniLM-L6-v2/resolve/main/tokenizer_config.json "HTTP/1.1 307 Temporary Redirect"
2026-04-01 18:42:11,765 - INFO - httpx - _send_single_request - HTTP Request: HEAD https://huggingface.co/api/resolve-cache/models/sentence-transformers/all-MiniLM-L6-v2/c9745ed1d9f207416be6d2e6f8de32d1f16199bf/tokenizer_config.json "HTTP/1.1 200 OK"
2026-04-01 18:42:12,104 - INFO - httpx - _send_single_request - HTTP Request: GET https://huggingface.co/api/models/sentence-transformers/all-MiniLM-L6-v2/tree/main/additional_chat_templates?recursive=false&expand=false "HTTP/1.1 404 Not Found"
2026-04-01 18:42:12,431 - INFO - httpx - _send_single_request - HTTP Request: GET https://huggingface.co/api/models/sentence-transformers/all-MiniLM-L6-v2/tree/main?recursive=true&expand=false "HTTP/1.1 200 OK"
2026-04-01 18:42:12,828 - INFO - httpx - _send_single_request - HTTP Request: HEAD https://huggingface.co/sentence-transformers/all-MiniLM-L6-v2/resolve/main/1_Pooling/config.json "HTTP/1.1 307 Temporary Redirect"
2026-04-01 18:42:12,948 - INFO - httpx - _send_single_request - HTTP Request: HEAD https://huggingface.co/api/resolve-cache/models/sentence-transformers/all-MiniLM-L6-v2/c9745ed1d9f207416be6d2e6f8de32d1f16199bf/1_Pooling%2Fconfig.json "HTTP/1.1 200 OK"
2026-04-01 18:42:13,284 - INFO - httpx - _send_single_request - HTTP Request: GET https://huggingface.co/api/models/sentence-transformers/all-MiniLM-L6-v2 "HTTP/1.1 200 OK"
2026-04-01 18:42:16,055 - INFO - sentence_transformers.SentenceTransformer - __init__ - Use pytorch device_name: cpu
2026-04-01 18:42:16,055 - INFO - sentence_transformers.SentenceTransformer - __init__ - Load pretrained SentenceTransformer: sentence-transformers/all-MiniLM-L6-v2
2026-04-01 18:42:16,391 - INFO - httpx - _send_single_request - HTTP Request: HEAD https://huggingface.co/sentence-transformers/all-MiniLM-L6-v2/resolve/main/modules.json "HTTP/1.1 307 Temporary Redirect"
2026-04-01 18:42:16,504 - INFO - httpx - _send_single_request - HTTP Request: HEAD https://huggingface.co/api/resolve-cache/models/sentence-transformers/all-MiniLM-L6-v2/c9745ed1d9f207416be6d2e6f8de32d1f16199bf/modules.json "HTTP/1.1 200 OK"
2026-04-01 18:42:16,852 - INFO - httpx - _send_single_request - HTTP Request: HEAD https://huggingface.co/sentence-transformers/all-MiniLM-L6-v2/resolve/main/config_sentence_transformers.json "HTTP/1.1 307 Temporary Redirect"
2026-04-01 18:42:16,964 - INFO - httpx - _send_single_request - HTTP Request: HEAD https://huggingface.co/api/resolve-cache/models/sentence-transformers/all-MiniLM-L6-v2/c9745ed1d9f207416be6d2e6f8de32d1f16199bf/config_sentence_transformers.json "HTTP/1.1 200 OK"
2026-04-01 18:42:17,315 - INFO - httpx - _send_single_request - HTTP Request: HEAD https://huggingface.co/sentence-transformers/all-MiniLM-L6-v2/resolve/main/config_sentence_transformers.json "HTTP/1.1 307 Temporary Redirect"
2026-04-01 18:42:17,426 - INFO - httpx - _send_single_request - HTTP Request: HEAD https://huggingface.co/api/resolve-cache/models/sentence-transformers/all-MiniLM-L6-v2/c9745ed1d9f207416be6d2e6f8de32d1f16199bf/config_sentence_transformers.json "HTTP/1.1 200 OK"
2026-04-01 18:42:17,786 - INFO - httpx - _send_single_request - HTTP Request: HEAD https://huggingface.co/sentence-transformers/all-MiniLM-L6-v2/resolve/main/README.md "HTTP/1.1 307 Temporary Redirect"
2026-04-01 18:42:17,897 - INFO - httpx - _send_single_request - HTTP Request: HEAD https://huggingface.co/api/resolve-cache/models/sentence-transformers/all-MiniLM-L6-v2/c9745ed1d9f207416be6d2e6f8de32d1f16199bf/README.md "HTTP/1.1 200 OK"
2026-04-01 18:42:18,248 - INFO - httpx - _send_single_request - HTTP Request: HEAD https://huggingface.co/sentence-transformers/all-MiniLM-L6-v2/resolve/main/modules.json "HTTP/1.1 307 Temporary Redirect"
2026-04-01 18:42:18,360 - INFO - httpx - _send_single_request - HTTP Request: HEAD https://huggingface.co/api/resolve-cache/models/sentence-transformers/all-MiniLM-L6-v2/c9745ed1d9f207416be6d2e6f8de32d1f16199bf/modules.json "HTTP/1.1 200 OK"
2026-04-01 18:42:18,706 - INFO - httpx - _send_single_request - HTTP Request: HEAD https://huggingface.co/sentence-transformers/all-MiniLM-L6-v2/resolve/main/sentence_bert_config.json "HTTP/1.1 307 Temporary Redirect"
2026-04-01 18:42:18,827 - INFO - httpx - _send_single_request - HTTP Request: HEAD https://huggingface.co/api/resolve-cache/models/sentence-transformers/all-MiniLM-L6-v2/c9745ed1d9f207416be6d2e6f8de32d1f16199bf/sentence_bert_config.json "HTTP/1.1 200 OK"
2026-04-01 18:42:19,160 - INFO - httpx - _send_single_request - HTTP Request: HEAD https://huggingface.co/sentence-transformers/all-MiniLM-L6-v2/resolve/main/adapter_config.json "HTTP/1.1 404 Not Found"
2026-04-01 18:42:19,482 - INFO - httpx - _send_single_request - HTTP Request: HEAD https://huggingface.co/sentence-transformers/all-MiniLM-L6-v2/resolve/main/config.json "HTTP/1.1 307 Temporary Redirect"
2026-04-01 18:42:19,611 - INFO - httpx - _send_single_request - HTTP Request: HEAD https://huggingface.co/api/resolve-cache/models/sentence-transformers/all-MiniLM-L6-v2/c9745ed1d9f207416be6d2e6f8de32d1f16199bf/config.json "HTTP/1.1 200 OK"
2026-04-01 18:42:20,002 - INFO - httpx - _send_single_request - HTTP Request: HEAD https://huggingface.co/sentence-transformers/all-MiniLM-L6-v2/resolve/main/config.json "HTTP/1.1 307 Temporary Redirect"
2026-04-01 18:42:20,214 - INFO - httpx - _send_single_request - HTTP Request: HEAD https://huggingface.co/api/resolve-cache/models/sentence-transformers/all-MiniLM-L6-v2/c9745ed1d9f207416be6d2e6f8de32d1f16199bf/config.json "HTTP/1.1 200 OK"
2026-04-01 18:42:20,629 - INFO - httpx - _send_single_request - HTTP Request: HEAD https://huggingface.co/sentence-transformers/all-MiniLM-L6-v2/resolve/main/tokenizer_config.json "HTTP/1.1 307 Temporary Redirect"
2026-04-01 18:42:20,767 - INFO - httpx - _send_single_request - HTTP Request: HEAD https://huggingface.co/api/resolve-cache/models/sentence-transformers/all-MiniLM-L6-v2/c9745ed1d9f207416be6d2e6f8de32d1f16199bf/tokenizer_config.json "HTTP/1.1 200 OK"
2026-04-01 18:42:21,151 - INFO - httpx - _send_single_request - HTTP Request: GET https://huggingface.co/api/models/sentence-transformers/all-MiniLM-L6-v2/tree/main/additional_chat_templates?recursive=false&expand=false "HTTP/1.1 404 Not Found"
2026-04-01 18:42:21,484 - INFO - httpx - _send_single_request - HTTP Request: GET https://huggingface.co/api/models/sentence-transformers/all-MiniLM-L6-v2/tree/main?recursive=true&expand=false "HTTP/1.1 200 OK"
2026-04-01 18:42:21,915 - INFO - httpx - _send_single_request - HTTP Request: HEAD https://huggingface.co/sentence-transformers/all-MiniLM-L6-v2/resolve/main/1_Pooling/config.json "HTTP/1.1 307 Temporary Redirect"
2026-04-01 18:42:22,034 - INFO - httpx - _send_single_request - HTTP Request: HEAD https://huggingface.co/api/resolve-cache/models/sentence-transformers/all-MiniLM-L6-v2/c9745ed1d9f207416be6d2e6f8de32d1f16199bf/1_Pooling%2Fconfig.json "HTTP/1.1 200 OK"
2026-04-01 18:42:22,367 - INFO - httpx - _send_single_request - HTTP Request: GET https://huggingface.co/api/models/sentence-transformers/all-MiniLM-L6-v2 "HTTP/1.1 200 OK"
2026-04-01 18:42:22,458 - INFO - chatbot_app - log_requests - Request end: DELETE /delete/The_GALE_ENCYCLOPEDIA_of_MEDICINE_SECOND.pdf - Status 200 - Time 20.875s
2026-04-01 18:42:22,467 - INFO - chatbot_app - log_requests - Request start: OPTIONS /delete/SecureCodingGuideLines1.pdf
2026-04-01 18:42:22,469 - INFO - chatbot_app - log_requests - Request end: OPTIONS /delete/SecureCodingGuideLines1.pdf - Status 200 - Time 0.002s
2026-04-01 18:42:22,519 - INFO - chatbot_app - log_requests - Request start: DELETE /delete/SecureCodingGuideLines1.pdf
2026-04-01 18:42:27,266 - INFO - sentence_transformers.SentenceTransformer - __init__ - Use pytorch device_name: cpu
2026-04-01 18:42:27,266 - INFO - sentence_transformers.SentenceTransformer - __init__ - Load pretrained SentenceTransformer: sentence-transformers/all-MiniLM-L6-v2
2026-04-01 18:42:27,596 - INFO - httpx - _send_single_request - HTTP Request: HEAD https://huggingface.co/sentence-transformers/all-MiniLM-L6-v2/resolve/main/modules.json "HTTP/1.1 307 Temporary Redirect"
2026-04-01 18:42:27,727 - INFO - httpx - _send_single_request - HTTP Request: HEAD https://huggingface.co/api/resolve-cache/models/sentence-transformers/all-MiniLM-L6-v2/c9745ed1d9f207416be6d2e6f8de32d1f16199bf/modules.json "HTTP/1.1 200 OK"
2026-04-01 18:42:28,050 - INFO - httpx - _send_single_request - HTTP Request: HEAD https://huggingface.co/sentence-transformers/all-MiniLM-L6-v2/resolve/main/config_sentence_transformers.json "HTTP/1.1 307 Temporary Redirect"
2026-04-01 18:42:28,170 - INFO - httpx - _send_single_request - HTTP Request: HEAD https://huggingface.co/api/resolve-cache/models/sentence-transformers/all-MiniLM-L6-v2/c9745ed1d9f207416be6d2e6f8de32d1f16199bf/config_sentence_transformers.json "HTTP/1.1 200 OK"
2026-04-01 18:42:28,495 - INFO - httpx - _send_single_request - HTTP Request: HEAD https://huggingface.co/sentence-transformers/all-MiniLM-L6-v2/resolve/main/config_sentence_transformers.json "HTTP/1.1 307 Temporary Redirect"
2026-04-01 18:42:28,611 - INFO - httpx - _send_single_request - HTTP Request: HEAD https://huggingface.co/api/resolve-cache/models/sentence-transformers/all-MiniLM-L6-v2/c9745ed1d9f207416be6d2e6f8de32d1f16199bf/config_sentence_transformers.json "HTTP/1.1 200 OK"
2026-04-01 18:42:28,966 - INFO - httpx - _send_single_request - HTTP Request: HEAD https://huggingface.co/sentence-transformers/all-MiniLM-L6-v2/resolve/main/README.md "HTTP/1.1 307 Temporary Redirect"
2026-04-01 18:42:29,086 - INFO - httpx - _send_single_request - HTTP Request: HEAD https://huggingface.co/api/resolve-cache/models/sentence-transformers/all-MiniLM-L6-v2/c9745ed1d9f207416be6d2e6f8de32d1f16199bf/README.md "HTTP/1.1 200 OK"
2026-04-01 18:42:29,411 - INFO - httpx - _send_single_request - HTTP Request: HEAD https://huggingface.co/sentence-transformers/all-MiniLM-L6-v2/resolve/main/modules.json "HTTP/1.1 307 Temporary Redirect"
2026-04-01 18:42:29,533 - INFO - httpx - _send_single_request - HTTP Request: HEAD https://huggingface.co/api/resolve-cache/models/sentence-transformers/all-MiniLM-L6-v2/c9745ed1d9f207416be6d2e6f8de32d1f16199bf/modules.json "HTTP/1.1 200 OK"
2026-04-01 18:42:29,861 - INFO - httpx - _send_single_request - HTTP Request: HEAD https://huggingface.co/sentence-transformers/all-MiniLM-L6-v2/resolve/main/sentence_bert_config.json "HTTP/1.1 307 Temporary Redirect"
2026-04-01 18:42:29,987 - INFO - httpx - _send_single_request - HTTP Request: HEAD https://huggingface.co/api/resolve-cache/models/sentence-transformers/all-MiniLM-L6-v2/c9745ed1d9f207416be6d2e6f8de32d1f16199bf/sentence_bert_config.json "HTTP/1.1 200 OK"
2026-04-01 18:42:30,315 - INFO - httpx - _send_single_request - HTTP Request: HEAD https://huggingface.co/sentence-transformers/all-MiniLM-L6-v2/resolve/main/adapter_config.json "HTTP/1.1 404 Not Found"
2026-04-01 18:42:30,666 - INFO - httpx - _send_single_request - HTTP Request: HEAD https://huggingface.co/sentence-transformers/all-MiniLM-L6-v2/resolve/main/config.json "HTTP/1.1 307 Temporary Redirect"
2026-04-01 18:42:30,793 - INFO - httpx - _send_single_request - HTTP Request: HEAD https://huggingface.co/api/resolve-cache/models/sentence-transformers/all-MiniLM-L6-v2/c9745ed1d9f207416be6d2e6f8de32d1f16199bf/config.json "HTTP/1.1 200 OK"
2026-04-01 18:42:31,184 - INFO - httpx - _send_single_request - HTTP Request: HEAD https://huggingface.co/sentence-transformers/all-MiniLM-L6-v2/resolve/main/config.json "HTTP/1.1 307 Temporary Redirect"
2026-04-01 18:42:31,301 - INFO - httpx - _send_single_request - HTTP Request: HEAD https://huggingface.co/api/resolve-cache/models/sentence-transformers/all-MiniLM-L6-v2/c9745ed1d9f207416be6d2e6f8de32d1f16199bf/config.json "HTTP/1.1 200 OK"
2026-04-01 18:42:31,651 - INFO - httpx - _send_single_request - HTTP Request: HEAD https://huggingface.co/sentence-transformers/all-MiniLM-L6-v2/resolve/main/tokenizer_config.json "HTTP/1.1 307 Temporary Redirect"
2026-04-01 18:42:31,769 - INFO - httpx - _send_single_request - HTTP Request: HEAD https://huggingface.co/api/resolve-cache/models/sentence-transformers/all-MiniLM-L6-v2/c9745ed1d9f207416be6d2e6f8de32d1f16199bf/tokenizer_config.json "HTTP/1.1 200 OK"
2026-04-01 18:42:32,103 - INFO - httpx - _send_single_request - HTTP Request: GET https://huggingface.co/api/models/sentence-transformers/all-MiniLM-L6-v2/tree/main/additional_chat_templates?recursive=false&expand=false "HTTP/1.1 404 Not Found"
2026-04-01 18:42:32,454 - INFO - httpx - _send_single_request - HTTP Request: GET https://huggingface.co/api/models/sentence-transformers/all-MiniLM-L6-v2/tree/main?recursive=true&expand=false "HTTP/1.1 200 OK"
2026-04-01 18:42:32,915 - INFO - httpx - _send_single_request - HTTP Request: HEAD https://huggingface.co/sentence-transformers/all-MiniLM-L6-v2/resolve/main/1_Pooling/config.json "HTTP/1.1 307 Temporary Redirect"
2026-04-01 18:42:33,046 - INFO - httpx - _send_single_request - HTTP Request: HEAD https://huggingface.co/api/resolve-cache/models/sentence-transformers/all-MiniLM-L6-v2/c9745ed1d9f207416be6d2e6f8de32d1f16199bf/1_Pooling%2Fconfig.json "HTTP/1.1 200 OK"
2026-04-01 18:42:33,383 - INFO - httpx - _send_single_request - HTTP Request: GET https://huggingface.co/api/models/sentence-transformers/all-MiniLM-L6-v2 "HTTP/1.1 200 OK"
2026-04-01 18:42:36,153 - INFO - sentence_transformers.SentenceTransformer - __init__ - Use pytorch device_name: cpu
2026-04-01 18:42:36,154 - INFO - sentence_transformers.SentenceTransformer - __init__ - Load pretrained SentenceTransformer: sentence-transformers/all-MiniLM-L6-v2
2026-04-01 18:42:36,486 - INFO - httpx - _send_single_request - HTTP Request: HEAD https://huggingface.co/sentence-transformers/all-MiniLM-L6-v2/resolve/main/modules.json "HTTP/1.1 307 Temporary Redirect"
2026-04-01 18:42:36,606 - INFO - httpx - _send_single_request - HTTP Request: HEAD https://huggingface.co/api/resolve-cache/models/sentence-transformers/all-MiniLM-L6-v2/c9745ed1d9f207416be6d2e6f8de32d1f16199bf/modules.json "HTTP/1.1 200 OK"
2026-04-01 18:42:36,942 - INFO - httpx - _send_single_request - HTTP Request: HEAD https://huggingface.co/sentence-transformers/all-MiniLM-L6-v2/resolve/main/config_sentence_transformers.json "HTTP/1.1 307 Temporary Redirect"
2026-04-01 18:42:37,062 - INFO - httpx - _send_single_request - HTTP Request: HEAD https://huggingface.co/api/resolve-cache/models/sentence-transformers/all-MiniLM-L6-v2/c9745ed1d9f207416be6d2e6f8de32d1f16199bf/config_sentence_transformers.json "HTTP/1.1 200 OK"
2026-04-01 18:42:37,401 - INFO - httpx - _send_single_request - HTTP Request: HEAD https://huggingface.co/sentence-transformers/all-MiniLM-L6-v2/resolve/main/config_sentence_transformers.json "HTTP/1.1 307 Temporary Redirect"
2026-04-01 18:42:37,523 - INFO - httpx - _send_single_request - HTTP Request: HEAD https://huggingface.co/api/resolve-cache/models/sentence-transformers/all-MiniLM-L6-v2/c9745ed1d9f207416be6d2e6f8de32d1f16199bf/config_sentence_transformers.json "HTTP/1.1 200 OK"
2026-04-01 18:42:37,862 - INFO - httpx - _send_single_request - HTTP Request: HEAD https://huggingface.co/sentence-transformers/all-MiniLM-L6-v2/resolve/main/README.md "HTTP/1.1 307 Temporary Redirect"
2026-04-01 18:42:37,982 - INFO - httpx - _send_single_request - HTTP Request: HEAD https://huggingface.co/api/resolve-cache/models/sentence-transformers/all-MiniLM-L6-v2/c9745ed1d9f207416be6d2e6f8de32d1f16199bf/README.md "HTTP/1.1 200 OK"
2026-04-01 18:42:38,331 - INFO - httpx - _send_single_request - HTTP Request: HEAD https://huggingface.co/sentence-transformers/all-MiniLM-L6-v2/resolve/main/modules.json "HTTP/1.1 307 Temporary Redirect"
2026-04-01 18:42:38,448 - INFO - httpx - _send_single_request - HTTP Request: HEAD https://huggingface.co/api/resolve-cache/models/sentence-transformers/all-MiniLM-L6-v2/c9745ed1d9f207416be6d2e6f8de32d1f16199bf/modules.json "HTTP/1.1 200 OK"
2026-04-01 18:42:38,782 - INFO - httpx - _send_single_request - HTTP Request: HEAD https://huggingface.co/sentence-transformers/all-MiniLM-L6-v2/resolve/main/sentence_bert_config.json "HTTP/1.1 307 Temporary Redirect"
2026-04-01 18:42:38,899 - INFO - httpx - _send_single_request - HTTP Request: HEAD https://huggingface.co/api/resolve-cache/models/sentence-transformers/all-MiniLM-L6-v2/c9745ed1d9f207416be6d2e6f8de32d1f16199bf/sentence_bert_config.json "HTTP/1.1 200 OK"
2026-04-01 18:42:39,246 - INFO - httpx - _send_single_request - HTTP Request: HEAD https://huggingface.co/sentence-transformers/all-MiniLM-L6-v2/resolve/main/adapter_config.json "HTTP/1.1 404 Not Found"
2026-04-01 18:42:39,573 - INFO - httpx - _send_single_request - HTTP Request: HEAD https://huggingface.co/sentence-transformers/all-MiniLM-L6-v2/resolve/main/config.json "HTTP/1.1 307 Temporary Redirect"
2026-04-01 18:42:39,698 - INFO - httpx - _send_single_request - HTTP Request: HEAD https://huggingface.co/api/resolve-cache/models/sentence-transformers/all-MiniLM-L6-v2/c9745ed1d9f207416be6d2e6f8de32d1f16199bf/config.json "HTTP/1.1 200 OK"
2026-04-01 18:42:40,107 - INFO - httpx - _send_single_request - HTTP Request: HEAD https://huggingface.co/sentence-transformers/all-MiniLM-L6-v2/resolve/main/config.json "HTTP/1.1 307 Temporary Redirect"
2026-04-01 18:42:40,225 - INFO - httpx - _send_single_request - HTTP Request: HEAD https://huggingface.co/api/resolve-cache/models/sentence-transformers/all-MiniLM-L6-v2/c9745ed1d9f207416be6d2e6f8de32d1f16199bf/config.json "HTTP/1.1 200 OK"
2026-04-01 18:42:40,557 - INFO - httpx - _send_single_request - HTTP Request: HEAD https://huggingface.co/sentence-transformers/all-MiniLM-L6-v2/resolve/main/tokenizer_config.json "HTTP/1.1 307 Temporary Redirect"
2026-04-01 18:42:40,684 - INFO - httpx - _send_single_request - HTTP Request: HEAD https://huggingface.co/api/resolve-cache/models/sentence-transformers/all-MiniLM-L6-v2/c9745ed1d9f207416be6d2e6f8de32d1f16199bf/tokenizer_config.json "HTTP/1.1 200 OK"
2026-04-01 18:42:41,020 - INFO - httpx - _send_single_request - HTTP Request: GET https://huggingface.co/api/models/sentence-transformers/all-MiniLM-L6-v2/tree/main/additional_chat_templates?recursive=false&expand=false "HTTP/1.1 404 Not Found"
2026-04-01 18:42:41,359 - INFO - httpx - _send_single_request - HTTP Request: GET https://huggingface.co/api/models/sentence-transformers/all-MiniLM-L6-v2/tree/main?recursive=true&expand=false "HTTP/1.1 200 OK"
2026-04-01 18:42:41,850 - INFO - httpx - _send_single_request - HTTP Request: HEAD https://huggingface.co/sentence-transformers/all-MiniLM-L6-v2/resolve/main/1_Pooling/config.json "HTTP/1.1 307 Temporary Redirect"
2026-04-01 18:42:41,964 - INFO - httpx - _send_single_request - HTTP Request: HEAD https://huggingface.co/api/resolve-cache/models/sentence-transformers/all-MiniLM-L6-v2/c9745ed1d9f207416be6d2e6f8de32d1f16199bf/1_Pooling%2Fconfig.json "HTTP/1.1 200 OK"
2026-04-01 18:42:42,291 - INFO - httpx - _send_single_request - HTTP Request: GET https://huggingface.co/api/models/sentence-transformers/all-MiniLM-L6-v2 "HTTP/1.1 200 OK"
2026-04-01 18:42:42,341 - INFO - chatbot_app - log_requests - Request end: DELETE /delete/SecureCodingGuideLines1.pdf - Status 200 - Time 19.822s
2026-04-01 18:42:42,341 - INFO - chatbot_app - log_requests - Request start: GET /files
2026-04-01 18:42:42,341 - INFO - chatbot_app - log_requests - Request end: GET /files - Status 200 - Time 0.000s
2026-04-01 18:42:42,360 - INFO - chatbot_app - log_requests - Request start: GET /files
2026-04-01 18:42:42,362 - INFO - chatbot_app - log_requests - Request end: GET /files - Status 200 - Time 0.003s
2026-04-01 18:42:46,567 - INFO - chatbot_app - log_requests - Request start: GET /files
2026-04-01 18:42:46,568 - INFO - chatbot_app - log_requests - Request end: GET /files - Status 200 - Time 0.001s
2026-04-01 18:42:49,288 - INFO - chatbot_app - log_requests - Request start: OPTIONS /delete/JS Notes 1.pdf
2026-04-01 18:42:49,288 - INFO - chatbot_app - log_requests - Request end: OPTIONS /delete/JS Notes 1.pdf - Status 200 - Time 0.000s
2026-04-01 18:42:49,294 - INFO - chatbot_app - log_requests - Request start: DELETE /delete/JS Notes 1.pdf
2026-04-01 18:42:51,290 - INFO - sentence_transformers.SentenceTransformer - __init__ - Use pytorch device_name: cpu
2026-04-01 18:42:51,290 - INFO - sentence_transformers.SentenceTransformer - __init__ - Load pretrained SentenceTransformer: sentence-transformers/all-MiniLM-L6-v2
2026-04-01 18:42:51,791 - INFO - httpx - _send_single_request - HTTP Request: HEAD https://huggingface.co/sentence-transformers/all-MiniLM-L6-v2/resolve/main/modules.json "HTTP/1.1 307 Temporary Redirect"
2026-04-01 18:42:51,885 - INFO - httpx - _send_single_request - HTTP Request: HEAD https://huggingface.co/api/resolve-cache/models/sentence-transformers/all-MiniLM-L6-v2/c9745ed1d9f207416be6d2e6f8de32d1f16199bf/modules.json "HTTP/1.1 200 OK"
2026-04-01 18:42:52,201 - INFO - httpx - _send_single_request - HTTP Request: HEAD https://huggingface.co/sentence-transformers/all-MiniLM-L6-v2/resolve/main/config_sentence_transformers.json "HTTP/1.1 307 Temporary Redirect"
2026-04-01 18:42:52,291 - INFO - httpx - _send_single_request - HTTP Request: HEAD https://huggingface.co/api/resolve-cache/models/sentence-transformers/all-MiniLM-L6-v2/c9745ed1d9f207416be6d2e6f8de32d1f16199bf/config_sentence_transformers.json "HTTP/1.1 200 OK"
2026-04-01 18:42:52,635 - INFO - httpx - _send_single_request - HTTP Request: HEAD https://huggingface.co/sentence-transformers/all-MiniLM-L6-v2/resolve/main/config_sentence_transformers.json "HTTP/1.1 307 Temporary Redirect"
2026-04-01 18:42:52,729 - INFO - httpx - _send_single_request - HTTP Request: HEAD https://huggingface.co/api/resolve-cache/models/sentence-transformers/all-MiniLM-L6-v2/c9745ed1d9f207416be6d2e6f8de32d1f16199bf/config_sentence_transformers.json "HTTP/1.1 200 OK"
2026-04-01 18:42:53,041 - INFO - httpx - _send_single_request - HTTP Request: HEAD https://huggingface.co/sentence-transformers/all-MiniLM-L6-v2/resolve/main/README.md "HTTP/1.1 307 Temporary Redirect"
2026-04-01 18:42:53,150 - INFO - httpx - _send_single_request - HTTP Request: HEAD https://huggingface.co/api/resolve-cache/models/sentence-transformers/all-MiniLM-L6-v2/c9745ed1d9f207416be6d2e6f8de32d1f16199bf/README.md "HTTP/1.1 200 OK"
2026-04-01 18:42:53,476 - INFO - httpx - _send_single_request - HTTP Request: HEAD https://huggingface.co/sentence-transformers/all-MiniLM-L6-v2/resolve/main/modules.json "HTTP/1.1 307 Temporary Redirect"
2026-04-01 18:42:53,573 - INFO - httpx - _send_single_request - HTTP Request: HEAD https://huggingface.co/api/resolve-cache/models/sentence-transformers/all-MiniLM-L6-v2/c9745ed1d9f207416be6d2e6f8de32d1f16199bf/modules.json "HTTP/1.1 200 OK"
2026-04-01 18:42:53,870 - INFO - httpx - _send_single_request - HTTP Request: HEAD https://huggingface.co/sentence-transformers/all-MiniLM-L6-v2/resolve/main/sentence_bert_config.json "HTTP/1.1 307 Temporary Redirect"
2026-04-01 18:42:53,980 - INFO - httpx - _send_single_request - HTTP Request: HEAD https://huggingface.co/api/resolve-cache/models/sentence-transformers/all-MiniLM-L6-v2/c9745ed1d9f207416be6d2e6f8de32d1f16199bf/sentence_bert_config.json "HTTP/1.1 200 OK"
2026-04-01 18:42:54,324 - INFO - httpx - _send_single_request - HTTP Request: HEAD https://huggingface.co/sentence-transformers/all-MiniLM-L6-v2/resolve/main/adapter_config.json "HTTP/1.1 404 Not Found"
2026-04-01 18:42:54,651 - INFO - httpx - _send_single_request - HTTP Request: HEAD https://huggingface.co/sentence-transformers/all-MiniLM-L6-v2/resolve/main/config.json "HTTP/1.1 307 Temporary Redirect"
2026-04-01 18:42:54,745 - INFO - httpx - _send_single_request - HTTP Request: HEAD https://huggingface.co/api/resolve-cache/models/sentence-transformers/all-MiniLM-L6-v2/c9745ed1d9f207416be6d2e6f8de32d1f16199bf/config.json "HTTP/1.1 200 OK"
2026-04-01 18:42:55,113 - INFO - httpx - _send_single_request - HTTP Request: HEAD https://huggingface.co/sentence-transformers/all-MiniLM-L6-v2/resolve/main/config.json "HTTP/1.1 307 Temporary Redirect"
2026-04-01 18:42:55,199 - INFO - httpx - _send_single_request - HTTP Request: HEAD https://huggingface.co/api/resolve-cache/models/sentence-transformers/all-MiniLM-L6-v2/c9745ed1d9f207416be6d2e6f8de32d1f16199bf/config.json "HTTP/1.1 200 OK"
2026-04-01 18:42:55,527 - INFO - httpx - _send_single_request - HTTP Request: HEAD https://huggingface.co/sentence-transformers/all-MiniLM-L6-v2/resolve/main/tokenizer_config.json "HTTP/1.1 307 Temporary Redirect"
2026-04-01 18:42:55,689 - INFO - httpx - _send_single_request - HTTP Request: HEAD https://huggingface.co/api/resolve-cache/models/sentence-transformers/all-MiniLM-L6-v2/c9745ed1d9f207416be6d2e6f8de32d1f16199bf/tokenizer_config.json "HTTP/1.1 200 OK"
2026-04-01 18:42:55,994 - INFO - httpx - _send_single_request - HTTP Request: GET https://huggingface.co/api/models/sentence-transformers/all-MiniLM-L6-v2/tree/main/additional_chat_templates?recursive=false&expand=false "HTTP/1.1 404 Not Found"
2026-04-01 18:42:56,320 - INFO - httpx - _send_single_request - HTTP Request: GET https://huggingface.co/api/models/sentence-transformers/all-MiniLM-L6-v2/tree/main?recursive=true&expand=false "HTTP/1.1 200 OK"
2026-04-01 18:42:56,699 - INFO - httpx - _send_single_request - HTTP Request: HEAD https://huggingface.co/sentence-transformers/all-MiniLM-L6-v2/resolve/main/1_Pooling/config.json "HTTP/1.1 307 Temporary Redirect"
2026-04-01 18:42:56,800 - INFO - httpx - _send_single_request - HTTP Request: HEAD https://huggingface.co/api/resolve-cache/models/sentence-transformers/all-MiniLM-L6-v2/c9745ed1d9f207416be6d2e6f8de32d1f16199bf/1_Pooling%2Fconfig.json "HTTP/1.1 200 OK"
2026-04-01 18:42:57,118 - INFO - httpx - _send_single_request - HTTP Request: GET https://huggingface.co/api/models/sentence-transformers/all-MiniLM-L6-v2 "HTTP/1.1 200 OK"
2026-04-01 18:42:57,288 - INFO - sentence_transformers.SentenceTransformer - __init__ - Use pytorch device_name: cpu
2026-04-01 18:42:57,288 - INFO - sentence_transformers.SentenceTransformer - __init__ - Load pretrained SentenceTransformer: sentence-transformers/all-MiniLM-L6-v2
2026-04-01 18:42:57,592 - INFO - httpx - _send_single_request - HTTP Request: HEAD https://huggingface.co/sentence-transformers/all-MiniLM-L6-v2/resolve/main/modules.json "HTTP/1.1 307 Temporary Redirect"
2026-04-01 18:42:57,689 - INFO - httpx - _send_single_request - HTTP Request: HEAD https://huggingface.co/api/resolve-cache/models/sentence-transformers/all-MiniLM-L6-v2/c9745ed1d9f207416be6d2e6f8de32d1f16199bf/modules.json "HTTP/1.1 200 OK"
2026-04-01 18:42:57,995 - INFO - httpx - _send_single_request - HTTP Request: HEAD https://huggingface.co/sentence-transformers/all-MiniLM-L6-v2/resolve/main/config_sentence_transformers.json "HTTP/1.1 307 Temporary Redirect"
2026-04-01 18:42:58,096 - INFO - httpx - _send_single_request - HTTP Request: HEAD https://huggingface.co/api/resolve-cache/models/sentence-transformers/all-MiniLM-L6-v2/c9745ed1d9f207416be6d2e6f8de32d1f16199bf/config_sentence_transformers.json "HTTP/1.1 200 OK"
2026-04-01 18:42:58,392 - INFO - httpx - _send_single_request - HTTP Request: HEAD https://huggingface.co/sentence-transformers/all-MiniLM-L6-v2/resolve/main/config_sentence_transformers.json "HTTP/1.1 307 Temporary Redirect"
2026-04-01 18:42:58,494 - INFO - httpx - _send_single_request - HTTP Request: HEAD https://huggingface.co/api/resolve-cache/models/sentence-transformers/all-MiniLM-L6-v2/c9745ed1d9f207416be6d2e6f8de32d1f16199bf/config_sentence_transformers.json "HTTP/1.1 200 OK"
2026-04-01 18:42:58,793 - INFO - httpx - _send_single_request - HTTP Request: HEAD https://huggingface.co/sentence-transformers/all-MiniLM-L6-v2/resolve/main/README.md "HTTP/1.1 307 Temporary Redirect"
2026-04-01 18:42:58,893 - INFO - httpx - _send_single_request - HTTP Request: HEAD https://huggingface.co/api/resolve-cache/models/sentence-transformers/all-MiniLM-L6-v2/c9745ed1d9f207416be6d2e6f8de32d1f16199bf/README.md "HTTP/1.1 200 OK"
2026-04-01 18:42:59,198 - INFO - httpx - _send_single_request - HTTP Request: HEAD https://huggingface.co/sentence-transformers/all-MiniLM-L6-v2/resolve/main/modules.json "HTTP/1.1 307 Temporary Redirect"
2026-04-01 18:42:59,302 - INFO - httpx - _send_single_request - HTTP Request: HEAD https://huggingface.co/api/resolve-cache/models/sentence-transformers/all-MiniLM-L6-v2/c9745ed1d9f207416be6d2e6f8de32d1f16199bf/modules.json "HTTP/1.1 200 OK"
2026-04-01 18:42:59,619 - INFO - httpx - _send_single_request - HTTP Request: HEAD https://huggingface.co/sentence-transformers/all-MiniLM-L6-v2/resolve/main/sentence_bert_config.json "HTTP/1.1 307 Temporary Redirect"
2026-04-01 18:42:59,704 - INFO - httpx - _send_single_request - HTTP Request: HEAD https://huggingface.co/api/resolve-cache/models/sentence-transformers/all-MiniLM-L6-v2/c9745ed1d9f207416be6d2e6f8de32d1f16199bf/sentence_bert_config.json "HTTP/1.1 200 OK"
2026-04-01 18:43:00,038 - INFO - httpx - _send_single_request - HTTP Request: HEAD https://huggingface.co/sentence-transformers/all-MiniLM-L6-v2/resolve/main/adapter_config.json "HTTP/1.1 404 Not Found"
2026-04-01 18:43:00,355 - INFO - httpx - _send_single_request - HTTP Request: HEAD https://huggingface.co/sentence-transformers/all-MiniLM-L6-v2/resolve/main/config.json "HTTP/1.1 307 Temporary Redirect"
2026-04-01 18:43:00,455 - INFO - httpx - _send_single_request - HTTP Request: HEAD https://huggingface.co/api/resolve-cache/models/sentence-transformers/all-MiniLM-L6-v2/c9745ed1d9f207416be6d2e6f8de32d1f16199bf/config.json "HTTP/1.1 200 OK"
2026-04-01 18:43:00,847 - INFO - httpx - _send_single_request - HTTP Request: HEAD https://huggingface.co/sentence-transformers/all-MiniLM-L6-v2/resolve/main/config.json "HTTP/1.1 307 Temporary Redirect"
2026-04-01 18:43:00,971 - INFO - httpx - _send_single_request - HTTP Request: HEAD https://huggingface.co/api/resolve-cache/models/sentence-transformers/all-MiniLM-L6-v2/c9745ed1d9f207416be6d2e6f8de32d1f16199bf/config.json "HTTP/1.1 200 OK"
2026-04-01 18:43:01,279 - INFO - httpx - _send_single_request - HTTP Request: HEAD https://huggingface.co/sentence-transformers/all-MiniLM-L6-v2/resolve/main/tokenizer_config.json "HTTP/1.1 307 Temporary Redirect"
2026-04-01 18:43:01,374 - INFO - httpx - _send_single_request - HTTP Request: HEAD https://huggingface.co/api/resolve-cache/models/sentence-transformers/all-MiniLM-L6-v2/c9745ed1d9f207416be6d2e6f8de32d1f16199bf/tokenizer_config.json "HTTP/1.1 200 OK"
2026-04-01 18:43:01,699 - INFO - httpx - _send_single_request - HTTP Request: GET https://huggingface.co/api/models/sentence-transformers/all-MiniLM-L6-v2/tree/main/additional_chat_templates?recursive=false&expand=false "HTTP/1.1 404 Not Found"
2026-04-01 18:43:02,018 - INFO - httpx - _send_single_request - HTTP Request: GET https://huggingface.co/api/models/sentence-transformers/all-MiniLM-L6-v2/tree/main?recursive=true&expand=false "HTTP/1.1 200 OK"
2026-04-01 18:43:02,397 - INFO - httpx - _send_single_request - HTTP Request: HEAD https://huggingface.co/sentence-transformers/all-MiniLM-L6-v2/resolve/main/1_Pooling/config.json "HTTP/1.1 307 Temporary Redirect"
2026-04-01 18:43:02,497 - INFO - httpx - _send_single_request - HTTP Request: HEAD https://huggingface.co/api/resolve-cache/models/sentence-transformers/all-MiniLM-L6-v2/c9745ed1d9f207416be6d2e6f8de32d1f16199bf/1_Pooling%2Fconfig.json "HTTP/1.1 200 OK"
2026-04-01 18:43:02,808 - INFO - httpx - _send_single_request - HTTP Request: GET https://huggingface.co/api/models/sentence-transformers/all-MiniLM-L6-v2 "HTTP/1.1 200 OK"
2026-04-01 18:43:02,834 - INFO - chatbot_app - log_requests - Request end: DELETE /delete/JS Notes 1.pdf - Status 200 - Time 13.540s
2026-04-01 18:43:02,885 - INFO - chatbot_app - log_requests - Request start: GET /files
2026-04-01 18:43:02,885 - INFO - chatbot_app - log_requests - Request end: GET /files - Status 200 - Time 0.000s
2026-04-01 18:50:29,792 - INFO - chatbot_app - log_requests - Request start: OPTIONS /chat
2026-04-01 18:50:29,794 - INFO - chatbot_app - log_requests - Request end: OPTIONS /chat - Status 200 - Time 0.001s
2026-04-01 18:50:29,800 - INFO - chatbot_app - log_requests - Request start: POST /chat
2026-04-01 18:50:30,405 - INFO - httpx - _send_single_request - HTTP Request: POST https://api.groq.com/openai/v1/chat/completions "HTTP/1.1 200 OK"
2026-04-01 18:50:30,442 - INFO - chatbot_app - log_requests - Request end: POST /chat - Status 200 - Time 0.642s
2026-04-01 18:51:07,569 - INFO - chatbot_app - log_requests - Request start: OPTIONS /delete/hrcommunication_rsdm4ofntq85yar.pdf
2026-04-01 18:51:07,569 - INFO - chatbot_app - log_requests - Request end: OPTIONS /delete/hrcommunication_rsdm4ofntq85yar.pdf - Status 200 - Time 0.000s
2026-04-01 18:51:07,576 - INFO - chatbot_app - log_requests - Request start: DELETE /delete/hrcommunication_rsdm4ofntq85yar.pdf
2026-04-01 18:51:09,635 - INFO - sentence_transformers.SentenceTransformer - __init__ - Use pytorch device_name: cpu
2026-04-01 18:51:09,635 - INFO - sentence_transformers.SentenceTransformer - __init__ - Load pretrained SentenceTransformer: sentence-transformers/all-MiniLM-L6-v2
2026-04-01 18:51:11,133 - INFO - httpx - _send_single_request - HTTP Request: HEAD https://huggingface.co/sentence-transformers/all-MiniLM-L6-v2/resolve/main/modules.json "HTTP/1.1 307 Temporary Redirect"
2026-04-01 18:51:11,384 - INFO - httpx - _send_single_request - HTTP Request: HEAD https://huggingface.co/api/resolve-cache/models/sentence-transformers/all-MiniLM-L6-v2/c9745ed1d9f207416be6d2e6f8de32d1f16199bf/modules.json "HTTP/1.1 200 OK"
2026-04-01 18:51:11,663 - INFO - httpx - _send_single_request - HTTP Request: HEAD https://huggingface.co/sentence-transformers/all-MiniLM-L6-v2/resolve/main/config_sentence_transformers.json "HTTP/1.1 307 Temporary Redirect"
2026-04-01 18:51:11,910 - INFO - httpx - _send_single_request - HTTP Request: HEAD https://huggingface.co/api/resolve-cache/models/sentence-transformers/all-MiniLM-L6-v2/c9745ed1d9f207416be6d2e6f8de32d1f16199bf/config_sentence_transformers.json "HTTP/1.1 200 OK"
2026-04-01 18:51:12,179 - INFO - httpx - _send_single_request - HTTP Request: HEAD https://huggingface.co/sentence-transformers/all-MiniLM-L6-v2/resolve/main/config_sentence_transformers.json "HTTP/1.1 307 Temporary Redirect"
2026-04-01 18:51:12,422 - INFO - httpx - _send_single_request - HTTP Request: HEAD https://huggingface.co/api/resolve-cache/models/sentence-transformers/all-MiniLM-L6-v2/c9745ed1d9f207416be6d2e6f8de32d1f16199bf/config_sentence_transformers.json "HTTP/1.1 200 OK"
2026-04-01 18:51:12,711 - INFO - httpx - _send_single_request - HTTP Request: HEAD https://huggingface.co/sentence-transformers/all-MiniLM-L6-v2/resolve/main/README.md "HTTP/1.1 307 Temporary Redirect"
2026-04-01 18:51:12,956 - INFO - httpx - _send_single_request - HTTP Request: HEAD https://huggingface.co/api/resolve-cache/models/sentence-transformers/all-MiniLM-L6-v2/c9745ed1d9f207416be6d2e6f8de32d1f16199bf/README.md "HTTP/1.1 200 OK"
2026-04-01 18:51:13,229 - INFO - httpx - _send_single_request - HTTP Request: HEAD https://huggingface.co/sentence-transformers/all-MiniLM-L6-v2/resolve/main/modules.json "HTTP/1.1 307 Temporary Redirect"
2026-04-01 18:51:13,482 - INFO - httpx - _send_single_request - HTTP Request: HEAD https://huggingface.co/api/resolve-cache/models/sentence-transformers/all-MiniLM-L6-v2/c9745ed1d9f207416be6d2e6f8de32d1f16199bf/modules.json "HTTP/1.1 200 OK"
2026-04-01 18:51:13,744 - INFO - httpx - _send_single_request - HTTP Request: HEAD https://huggingface.co/sentence-transformers/all-MiniLM-L6-v2/resolve/main/sentence_bert_config.json "HTTP/1.1 307 Temporary Redirect"
2026-04-01 18:51:14,000 - INFO - httpx - _send_single_request - HTTP Request: HEAD https://huggingface.co/api/resolve-cache/models/sentence-transformers/all-MiniLM-L6-v2/c9745ed1d9f207416be6d2e6f8de32d1f16199bf/sentence_bert_config.json "HTTP/1.1 200 OK"
2026-04-01 18:51:14,263 - INFO - httpx - _send_single_request - HTTP Request: HEAD https://huggingface.co/sentence-transformers/all-MiniLM-L6-v2/resolve/main/adapter_config.json "HTTP/1.1 404 Not Found"
2026-04-01 18:51:14,539 - INFO - httpx - _send_single_request - HTTP Request: HEAD https://huggingface.co/sentence-transformers/all-MiniLM-L6-v2/resolve/main/config.json "HTTP/1.1 307 Temporary Redirect"
2026-04-01 18:51:14,787 - INFO - httpx - _send_single_request - HTTP Request: HEAD https://huggingface.co/api/resolve-cache/models/sentence-transformers/all-MiniLM-L6-v2/c9745ed1d9f207416be6d2e6f8de32d1f16199bf/config.json "HTTP/1.1 200 OK"
2026-04-01 18:51:15,110 - INFO - httpx - _send_single_request - HTTP Request: HEAD https://huggingface.co/sentence-transformers/all-MiniLM-L6-v2/resolve/main/config.json "HTTP/1.1 307 Temporary Redirect"
2026-04-01 18:51:15,359 - INFO - httpx - _send_single_request - HTTP Request: HEAD https://huggingface.co/api/resolve-cache/models/sentence-transformers/all-MiniLM-L6-v2/c9745ed1d9f207416be6d2e6f8de32d1f16199bf/config.json "HTTP/1.1 200 OK"
2026-04-01 18:51:15,634 - INFO - httpx - _send_single_request - HTTP Request: HEAD https://huggingface.co/sentence-transformers/all-MiniLM-L6-v2/resolve/main/tokenizer_config.json "HTTP/1.1 307 Temporary Redirect"
2026-04-01 18:51:15,888 - INFO - httpx - _send_single_request - HTTP Request: HEAD https://huggingface.co/api/resolve-cache/models/sentence-transformers/all-MiniLM-L6-v2/c9745ed1d9f207416be6d2e6f8de32d1f16199bf/tokenizer_config.json "HTTP/1.1 200 OK"
2026-04-01 18:51:16,162 - INFO - httpx - _send_single_request - HTTP Request: GET https://huggingface.co/api/models/sentence-transformers/all-MiniLM-L6-v2/tree/main/additional_chat_templates?recursive=false&expand=false "HTTP/1.1 404 Not Found"
2026-04-01 18:51:16,417 - INFO - httpx - _send_single_request - HTTP Request: GET https://huggingface.co/api/models/sentence-transformers/all-MiniLM-L6-v2/tree/main?recursive=true&expand=false "HTTP/1.1 200 OK"
2026-04-01 18:51:16,807 - INFO - httpx - _send_single_request - HTTP Request: HEAD https://huggingface.co/sentence-transformers/all-MiniLM-L6-v2/resolve/main/1_Pooling/config.json "HTTP/1.1 307 Temporary Redirect"
2026-04-01 18:51:17,073 - INFO - httpx - _send_single_request - HTTP Request: HEAD https://huggingface.co/api/resolve-cache/models/sentence-transformers/all-MiniLM-L6-v2/c9745ed1d9f207416be6d2e6f8de32d1f16199bf/1_Pooling%2Fconfig.json "HTTP/1.1 200 OK"
2026-04-01 18:51:17,338 - INFO - httpx - _send_single_request - HTTP Request: GET https://huggingface.co/api/models/sentence-transformers/all-MiniLM-L6-v2 "HTTP/1.1 200 OK"
2026-04-01 18:51:17,514 - INFO - sentence_transformers.SentenceTransformer - __init__ - Use pytorch device_name: cpu
2026-04-01 18:51:17,514 - INFO - sentence_transformers.SentenceTransformer - __init__ - Load pretrained SentenceTransformer: sentence-transformers/all-MiniLM-L6-v2
2026-04-01 18:51:17,777 - INFO - httpx - _send_single_request - HTTP Request: HEAD https://huggingface.co/sentence-transformers/all-MiniLM-L6-v2/resolve/main/modules.json "HTTP/1.1 307 Temporary Redirect"
2026-04-01 18:51:18,030 - INFO - httpx - _send_single_request - HTTP Request: HEAD https://huggingface.co/api/resolve-cache/models/sentence-transformers/all-MiniLM-L6-v2/c9745ed1d9f207416be6d2e6f8de32d1f16199bf/modules.json "HTTP/1.1 200 OK"
2026-04-01 18:51:18,291 - INFO - httpx - _send_single_request - HTTP Request: HEAD https://huggingface.co/sentence-transformers/all-MiniLM-L6-v2/resolve/main/config_sentence_transformers.json "HTTP/1.1 307 Temporary Redirect"
2026-04-01 18:51:18,547 - INFO - httpx - _send_single_request - HTTP Request: HEAD https://huggingface.co/api/resolve-cache/models/sentence-transformers/all-MiniLM-L6-v2/c9745ed1d9f207416be6d2e6f8de32d1f16199bf/config_sentence_transformers.json "HTTP/1.1 200 OK"
2026-04-01 18:51:18,806 - INFO - httpx - _send_single_request - HTTP Request: HEAD https://huggingface.co/sentence-transformers/all-MiniLM-L6-v2/resolve/main/config_sentence_transformers.json "HTTP/1.1 307 Temporary Redirect"
2026-04-01 18:51:19,056 - INFO - httpx - _send_single_request - HTTP Request: HEAD https://huggingface.co/api/resolve-cache/models/sentence-transformers/all-MiniLM-L6-v2/c9745ed1d9f207416be6d2e6f8de32d1f16199bf/config_sentence_transformers.json "HTTP/1.1 200 OK"
2026-04-01 18:51:19,323 - INFO - httpx - _send_single_request - HTTP Request: HEAD https://huggingface.co/sentence-transformers/all-MiniLM-L6-v2/resolve/main/README.md "HTTP/1.1 307 Temporary Redirect"
2026-04-01 18:51:19,574 - INFO - httpx - _send_single_request - HTTP Request: HEAD https://huggingface.co/api/resolve-cache/models/sentence-transformers/all-MiniLM-L6-v2/c9745ed1d9f207416be6d2e6f8de32d1f16199bf/README.md "HTTP/1.1 200 OK"
2026-04-01 18:51:19,871 - INFO - httpx - _send_single_request - HTTP Request: HEAD https://huggingface.co/sentence-transformers/all-MiniLM-L6-v2/resolve/main/modules.json "HTTP/1.1 307 Temporary Redirect"
2026-04-01 18:51:20,134 - INFO - httpx - _send_single_request - HTTP Request: HEAD https://huggingface.co/api/resolve-cache/models/sentence-transformers/all-MiniLM-L6-v2/c9745ed1d9f207416be6d2e6f8de32d1f16199bf/modules.json "HTTP/1.1 200 OK"
2026-04-01 18:51:20,416 - INFO - httpx - _send_single_request - HTTP Request: HEAD https://huggingface.co/sentence-transformers/all-MiniLM-L6-v2/resolve/main/sentence_bert_config.json "HTTP/1.1 307 Temporary Redirect"
2026-04-01 18:51:20,670 - INFO - httpx - _send_single_request - HTTP Request: HEAD https://huggingface.co/api/resolve-cache/models/sentence-transformers/all-MiniLM-L6-v2/c9745ed1d9f207416be6d2e6f8de32d1f16199bf/sentence_bert_config.json "HTTP/1.1 200 OK"
2026-04-01 18:51:20,931 - INFO - httpx - _send_single_request - HTTP Request: HEAD https://huggingface.co/sentence-transformers/all-MiniLM-L6-v2/resolve/main/adapter_config.json "HTTP/1.1 404 Not Found"
2026-04-01 18:51:21,198 - INFO - httpx - _send_single_request - HTTP Request: HEAD https://huggingface.co/sentence-transformers/all-MiniLM-L6-v2/resolve/main/config.json "HTTP/1.1 307 Temporary Redirect"
2026-04-01 18:51:21,447 - INFO - httpx - _send_single_request - HTTP Request: HEAD https://huggingface.co/api/resolve-cache/models/sentence-transformers/all-MiniLM-L6-v2/c9745ed1d9f207416be6d2e6f8de32d1f16199bf/config.json "HTTP/1.1 200 OK"
2026-04-01 18:51:21,831 - INFO - httpx - _send_single_request - HTTP Request: HEAD https://huggingface.co/sentence-transformers/all-MiniLM-L6-v2/resolve/main/config.json "HTTP/1.1 307 Temporary Redirect"
2026-04-01 18:51:22,091 - INFO - httpx - _send_single_request - HTTP Request: HEAD https://huggingface.co/api/resolve-cache/models/sentence-transformers/all-MiniLM-L6-v2/c9745ed1d9f207416be6d2e6f8de32d1f16199bf/config.json "HTTP/1.1 200 OK"
2026-04-01 18:51:22,353 - INFO - httpx - _send_single_request - HTTP Request: HEAD https://huggingface.co/sentence-transformers/all-MiniLM-L6-v2/resolve/main/tokenizer_config.json "HTTP/1.1 307 Temporary Redirect"
2026-04-01 18:51:22,620 - INFO - httpx - _send_single_request - HTTP Request: HEAD https://huggingface.co/api/resolve-cache/models/sentence-transformers/all-MiniLM-L6-v2/c9745ed1d9f207416be6d2e6f8de32d1f16199bf/tokenizer_config.json "HTTP/1.1 200 OK"
2026-04-01 18:51:22,887 - INFO - httpx - _send_single_request - HTTP Request: GET https://huggingface.co/api/models/sentence-transformers/all-MiniLM-L6-v2/tree/main/additional_chat_templates?recursive=false&expand=false "HTTP/1.1 404 Not Found"
2026-04-01 18:51:23,150 - INFO - httpx - _send_single_request - HTTP Request: GET https://huggingface.co/api/models/sentence-transformers/all-MiniLM-L6-v2/tree/main?recursive=true&expand=false "HTTP/1.1 200 OK"
2026-04-01 18:51:23,496 - INFO - httpx - _send_single_request - HTTP Request: HEAD https://huggingface.co/sentence-transformers/all-MiniLM-L6-v2/resolve/main/1_Pooling/config.json "HTTP/1.1 307 Temporary Redirect"
2026-04-01 18:51:23,753 - INFO - httpx - _send_single_request - HTTP Request: HEAD https://huggingface.co/api/resolve-cache/models/sentence-transformers/all-MiniLM-L6-v2/c9745ed1d9f207416be6d2e6f8de32d1f16199bf/1_Pooling%2Fconfig.json "HTTP/1.1 200 OK"
2026-04-01 18:51:24,024 - INFO - httpx - _send_single_request - HTTP Request: GET https://huggingface.co/api/models/sentence-transformers/all-MiniLM-L6-v2 "HTTP/1.1 200 OK"
2026-04-01 18:51:24,061 - INFO - chatbot_app - log_requests - Request end: DELETE /delete/hrcommunication_rsdm4ofntq85yar.pdf - Status 200 - Time 16.485s
2026-04-01 18:51:24,081 - INFO - chatbot_app - log_requests - Request start: GET /files
2026-04-01 18:51:24,081 - INFO - chatbot_app - log_requests - Request end: GET /files - Status 200 - Time 0.004s
2026-04-01 18:51:29,911 - INFO - chatbot_app - log_requests - Request start: GET /files
2026-04-01 18:51:29,912 - INFO - chatbot_app - log_requests - Request end: GET /files - Status 200 - Time 0.001s
2026-04-01 18:51:37,834 - INFO - chatbot_app - log_requests - Request start: OPTIONS /delete/GeBBS Website_Visual Philosphy_v1.pdf
2026-04-01 18:51:37,834 - INFO - chatbot_app - log_requests - Request end: OPTIONS /delete/GeBBS Website_Visual Philosphy_v1.pdf - Status 200 - Time 0.000s
2026-04-01 18:51:37,841 - INFO - chatbot_app - log_requests - Request start: DELETE /delete/GeBBS Website_Visual Philosphy_v1.pdf
2026-04-01 18:51:37,850 - INFO - sentence_transformers.SentenceTransformer - __init__ - Use pytorch device_name: cpu
2026-04-01 18:51:37,850 - INFO - sentence_transformers.SentenceTransformer - __init__ - Load pretrained SentenceTransformer: sentence-transformers/all-MiniLM-L6-v2
2026-04-01 18:51:38,602 - INFO - httpx - _send_single_request - HTTP Request: HEAD https://huggingface.co/sentence-transformers/all-MiniLM-L6-v2/resolve/main/modules.json "HTTP/1.1 307 Temporary Redirect"
2026-04-01 18:51:38,860 - INFO - httpx - _send_single_request - HTTP Request: HEAD https://huggingface.co/api/resolve-cache/models/sentence-transformers/all-MiniLM-L6-v2/c9745ed1d9f207416be6d2e6f8de32d1f16199bf/modules.json "HTTP/1.1 200 OK"
2026-04-01 18:51:39,119 - INFO - httpx - _send_single_request - HTTP Request: HEAD https://huggingface.co/sentence-transformers/all-MiniLM-L6-v2/resolve/main/config_sentence_transformers.json "HTTP/1.1 307 Temporary Redirect"
2026-04-01 18:51:39,368 - INFO - httpx - _send_single_request - HTTP Request: HEAD https://huggingface.co/api/resolve-cache/models/sentence-transformers/all-MiniLM-L6-v2/c9745ed1d9f207416be6d2e6f8de32d1f16199bf/config_sentence_transformers.json "HTTP/1.1 200 OK"
2026-04-01 18:51:39,630 - INFO - httpx - _send_single_request - HTTP Request: HEAD https://huggingface.co/sentence-transformers/all-MiniLM-L6-v2/resolve/main/config_sentence_transformers.json "HTTP/1.1 307 Temporary Redirect"
2026-04-01 18:51:39,879 - INFO - httpx - _send_single_request - HTTP Request: HEAD https://huggingface.co/api/resolve-cache/models/sentence-transformers/all-MiniLM-L6-v2/c9745ed1d9f207416be6d2e6f8de32d1f16199bf/config_sentence_transformers.json "HTTP/1.1 200 OK"
2026-04-01 18:51:40,134 - INFO - httpx - _send_single_request - HTTP Request: HEAD https://huggingface.co/sentence-transformers/all-MiniLM-L6-v2/resolve/main/README.md "HTTP/1.1 307 Temporary Redirect"
2026-04-01 18:51:40,391 - INFO - httpx - _send_single_request - HTTP Request: HEAD https://huggingface.co/api/resolve-cache/models/sentence-transformers/all-MiniLM-L6-v2/c9745ed1d9f207416be6d2e6f8de32d1f16199bf/README.md "HTTP/1.1 200 OK"
2026-04-01 18:51:40,651 - INFO - httpx - _send_single_request - HTTP Request: HEAD https://huggingface.co/sentence-transformers/all-MiniLM-L6-v2/resolve/main/modules.json "HTTP/1.1 307 Temporary Redirect"
2026-04-01 18:51:40,900 - INFO - httpx - _send_single_request - HTTP Request: HEAD https://huggingface.co/api/resolve-cache/models/sentence-transformers/all-MiniLM-L6-v2/c9745ed1d9f207416be6d2e6f8de32d1f16199bf/modules.json "HTTP/1.1 200 OK"
2026-04-01 18:51:41,165 - INFO - httpx - _send_single_request - HTTP Request: HEAD https://huggingface.co/sentence-transformers/all-MiniLM-L6-v2/resolve/main/sentence_bert_config.json "HTTP/1.1 307 Temporary Redirect"
2026-04-01 18:51:41,416 - INFO - httpx - _send_single_request - HTTP Request: HEAD https://huggingface.co/api/resolve-cache/models/sentence-transformers/all-MiniLM-L6-v2/c9745ed1d9f207416be6d2e6f8de32d1f16199bf/sentence_bert_config.json "HTTP/1.1 200 OK"
2026-04-01 18:51:41,696 - INFO - httpx - _send_single_request - HTTP Request: HEAD https://huggingface.co/sentence-transformers/all-MiniLM-L6-v2/resolve/main/adapter_config.json "HTTP/1.1 404 Not Found"
2026-04-01 18:51:41,951 - INFO - httpx - _send_single_request - HTTP Request: HEAD https://huggingface.co/sentence-transformers/all-MiniLM-L6-v2/resolve/main/config.json "HTTP/1.1 307 Temporary Redirect"
2026-04-01 18:51:42,201 - INFO - httpx - _send_single_request - HTTP Request: HEAD https://huggingface.co/api/resolve-cache/models/sentence-transformers/all-MiniLM-L6-v2/c9745ed1d9f207416be6d2e6f8de32d1f16199bf/config.json "HTTP/1.1 200 OK"
2026-04-01 18:51:42,517 - INFO - httpx - _send_single_request - HTTP Request: HEAD https://huggingface.co/sentence-transformers/all-MiniLM-L6-v2/resolve/main/config.json "HTTP/1.1 307 Temporary Redirect"
2026-04-01 18:51:42,767 - INFO - httpx - _send_single_request - HTTP Request: HEAD https://huggingface.co/api/resolve-cache/models/sentence-transformers/all-MiniLM-L6-v2/c9745ed1d9f207416be6d2e6f8de32d1f16199bf/config.json "HTTP/1.1 200 OK"
2026-04-01 18:51:43,029 - INFO - httpx - _send_single_request - HTTP Request: HEAD https://huggingface.co/sentence-transformers/all-MiniLM-L6-v2/resolve/main/tokenizer_config.json "HTTP/1.1 307 Temporary Redirect"
2026-04-01 18:51:43,268 - INFO - httpx - _send_single_request - HTTP Request: HEAD https://huggingface.co/api/resolve-cache/models/sentence-transformers/all-MiniLM-L6-v2/c9745ed1d9f207416be6d2e6f8de32d1f16199bf/tokenizer_config.json "HTTP/1.1 200 OK"
2026-04-01 18:51:43,544 - INFO - httpx - _send_single_request - HTTP Request: GET https://huggingface.co/api/models/sentence-transformers/all-MiniLM-L6-v2/tree/main/additional_chat_templates?recursive=false&expand=false "HTTP/1.1 404 Not Found"
2026-04-01 18:51:43,803 - INFO - httpx - _send_single_request - HTTP Request: GET https://huggingface.co/api/models/sentence-transformers/all-MiniLM-L6-v2/tree/main?recursive=true&expand=false "HTTP/1.1 200 OK"
2026-04-01 18:51:44,154 - INFO - httpx - _send_single_request - HTTP Request: HEAD https://huggingface.co/sentence-transformers/all-MiniLM-L6-v2/resolve/main/1_Pooling/config.json "HTTP/1.1 307 Temporary Redirect"
2026-04-01 18:51:44,416 - INFO - httpx - _send_single_request - HTTP Request: HEAD https://huggingface.co/api/resolve-cache/models/sentence-transformers/all-MiniLM-L6-v2/c9745ed1d9f207416be6d2e6f8de32d1f16199bf/1_Pooling%2Fconfig.json "HTTP/1.1 200 OK"
2026-04-01 18:51:44,684 - INFO - httpx - _send_single_request - HTTP Request: GET https://huggingface.co/api/models/sentence-transformers/all-MiniLM-L6-v2 "HTTP/1.1 200 OK"
2026-04-01 18:51:44,707 - INFO - chatbot_app - log_requests - Request end: DELETE /delete/GeBBS Website_Visual Philosphy_v1.pdf - Status 200 - Time 6.867s
2026-04-01 18:51:44,734 - INFO - chatbot_app - log_requests - Request start: GET /files
2026-04-01 18:51:44,737 - INFO - chatbot_app - log_requests - Request end: GET /files - Status 200 - Time 0.002s
2026-04-01 18:51:54,248 - INFO - chatbot_app - log_requests - Request start: GET /files
2026-04-01 18:51:54,250 - INFO - chatbot_app - log_requests - Request end: GET /files - Status 200 - Time 0.001s
2026-04-01 18:52:13,836 - INFO - chatbot_app - log_requests - Request start: POST /upload
2026-04-01 18:52:13,842 - INFO - chatbot_app - log_requests - Request end: POST /upload - Status 200 - Time 0.006s
2026-04-01 18:52:13,855 - INFO - chatbot_app - log_requests - Request start: GET /files
2026-04-01 18:52:13,858 - INFO - chatbot_app - log_requests - Request end: GET /files - Status 200 - Time 0.002s
2026-04-01 18:52:29,230 - INFO - chatbot_app - log_requests - Request start: POST /chat
2026-04-01 18:52:29,439 - INFO - httpx - _send_single_request - HTTP Request: POST https://api.groq.com/openai/v1/chat/completions "HTTP/1.1 200 OK"
2026-04-01 18:52:29,957 - INFO - httpx - _send_single_request - HTTP Request: POST https://api.groq.com/openai/v1/chat/completions "HTTP/1.1 200 OK"
2026-04-01 18:52:30,010 - INFO - chatbot_app - log_requests - Request end: POST /chat - Status 200 - Time 0.780s
2026-04-01 18:58:39,092 - INFO - sentence_transformers.SentenceTransformer - __init__ - Use pytorch device_name: cpu
2026-04-01 18:58:39,092 - INFO - sentence_transformers.SentenceTransformer - __init__ - Load pretrained SentenceTransformer: sentence-transformers/all-MiniLM-L6-v2
2026-04-01 18:58:39,384 - INFO - httpx - _send_single_request - HTTP Request: HEAD https://huggingface.co/sentence-transformers/all-MiniLM-L6-v2/resolve/main/modules.json "HTTP/1.1 307 Temporary Redirect"
2026-04-01 18:58:39,432 - INFO - httpx - _send_single_request - HTTP Request: HEAD https://huggingface.co/api/resolve-cache/models/sentence-transformers/all-MiniLM-L6-v2/c9745ed1d9f207416be6d2e6f8de32d1f16199bf/modules.json "HTTP/1.1 200 OK"
2026-04-01 18:58:39,729 - INFO - httpx - _send_single_request - HTTP Request: HEAD https://huggingface.co/sentence-transformers/all-MiniLM-L6-v2/resolve/main/config_sentence_transformers.json "HTTP/1.1 307 Temporary Redirect"
2026-04-01 18:58:39,769 - INFO - httpx - _send_single_request - HTTP Request: HEAD https://huggingface.co/api/resolve-cache/models/sentence-transformers/all-MiniLM-L6-v2/c9745ed1d9f207416be6d2e6f8de32d1f16199bf/config_sentence_transformers.json "HTTP/1.1 200 OK"
2026-04-01 18:58:40,067 - INFO - httpx - _send_single_request - HTTP Request: HEAD https://huggingface.co/sentence-transformers/all-MiniLM-L6-v2/resolve/main/config_sentence_transformers.json "HTTP/1.1 307 Temporary Redirect"
2026-04-01 18:58:40,120 - INFO - httpx - _send_single_request - HTTP Request: HEAD https://huggingface.co/api/resolve-cache/models/sentence-transformers/all-MiniLM-L6-v2/c9745ed1d9f207416be6d2e6f8de32d1f16199bf/config_sentence_transformers.json "HTTP/1.1 200 OK"
2026-04-01 18:58:40,421 - INFO - httpx - _send_single_request - HTTP Request: HEAD https://huggingface.co/sentence-transformers/all-MiniLM-L6-v2/resolve/main/README.md "HTTP/1.1 307 Temporary Redirect"
2026-04-01 18:58:40,456 - INFO - httpx - _send_single_request - HTTP Request: HEAD https://huggingface.co/api/resolve-cache/models/sentence-transformers/all-MiniLM-L6-v2/c9745ed1d9f207416be6d2e6f8de32d1f16199bf/README.md "HTTP/1.1 200 OK"
2026-04-01 18:58:40,759 - INFO - httpx - _send_single_request - HTTP Request: HEAD https://huggingface.co/sentence-transformers/all-MiniLM-L6-v2/resolve/main/modules.json "HTTP/1.1 307 Temporary Redirect"
2026-04-01 18:58:40,795 - INFO - httpx - _send_single_request - HTTP Request: HEAD https://huggingface.co/api/resolve-cache/models/sentence-transformers/all-MiniLM-L6-v2/c9745ed1d9f207416be6d2e6f8de32d1f16199bf/modules.json "HTTP/1.1 200 OK"
2026-04-01 18:58:41,087 - INFO - httpx - _send_single_request - HTTP Request: HEAD https://huggingface.co/sentence-transformers/all-MiniLM-L6-v2/resolve/main/sentence_bert_config.json "HTTP/1.1 307 Temporary Redirect"
2026-04-01 18:58:41,134 - INFO - httpx - _send_single_request - HTTP Request: HEAD https://huggingface.co/api/resolve-cache/models/sentence-transformers/all-MiniLM-L6-v2/c9745ed1d9f207416be6d2e6f8de32d1f16199bf/sentence_bert_config.json "HTTP/1.1 200 OK"
2026-04-01 18:58:41,429 - INFO - httpx - _send_single_request - HTTP Request: HEAD https://huggingface.co/sentence-transformers/all-MiniLM-L6-v2/resolve/main/adapter_config.json "HTTP/1.1 404 Not Found"
2026-04-01 18:58:41,737 - INFO - httpx - _send_single_request - HTTP Request: HEAD https://huggingface.co/sentence-transformers/all-MiniLM-L6-v2/resolve/main/config.json "HTTP/1.1 307 Temporary Redirect"
2026-04-01 18:58:41,778 - INFO - httpx - _send_single_request - HTTP Request: HEAD https://huggingface.co/api/resolve-cache/models/sentence-transformers/all-MiniLM-L6-v2/c9745ed1d9f207416be6d2e6f8de32d1f16199bf/config.json "HTTP/1.1 200 OK"
2026-04-01 18:58:42,133 - INFO - httpx - _send_single_request - HTTP Request: HEAD https://huggingface.co/sentence-transformers/all-MiniLM-L6-v2/resolve/main/config.json "HTTP/1.1 307 Temporary Redirect"
2026-04-01 18:58:42,173 - INFO - httpx - _send_single_request - HTTP Request: HEAD https://huggingface.co/api/resolve-cache/models/sentence-transformers/all-MiniLM-L6-v2/c9745ed1d9f207416be6d2e6f8de32d1f16199bf/config.json "HTTP/1.1 200 OK"
2026-04-01 18:58:42,989 - INFO - httpx - _send_single_request - HTTP Request: HEAD https://huggingface.co/sentence-transformers/all-MiniLM-L6-v2/resolve/main/tokenizer_config.json "HTTP/1.1 307 Temporary Redirect"
2026-04-01 18:58:43,025 - INFO - httpx - _send_single_request - HTTP Request: HEAD https://huggingface.co/api/resolve-cache/models/sentence-transformers/all-MiniLM-L6-v2/c9745ed1d9f207416be6d2e6f8de32d1f16199bf/tokenizer_config.json "HTTP/1.1 200 OK"
2026-04-01 18:58:43,338 - INFO - httpx - _send_single_request - HTTP Request: GET https://huggingface.co/api/models/sentence-transformers/all-MiniLM-L6-v2/tree/main/additional_chat_templates?recursive=false&expand=false "HTTP/1.1 404 Not Found"
2026-04-01 18:58:43,623 - INFO - httpx - _send_single_request - HTTP Request: GET https://huggingface.co/api/models/sentence-transformers/all-MiniLM-L6-v2/tree/main?recursive=true&expand=false "HTTP/1.1 200 OK"
2026-04-01 18:58:43,993 - INFO - httpx - _send_single_request - HTTP Request: HEAD https://huggingface.co/sentence-transformers/all-MiniLM-L6-v2/resolve/main/1_Pooling/config.json "HTTP/1.1 307 Temporary Redirect"
2026-04-01 18:58:44,028 - INFO - httpx - _send_single_request - HTTP Request: HEAD https://huggingface.co/api/resolve-cache/models/sentence-transformers/all-MiniLM-L6-v2/c9745ed1d9f207416be6d2e6f8de32d1f16199bf/1_Pooling%2Fconfig.json "HTTP/1.1 200 OK"
2026-04-01 18:58:44,337 - INFO - httpx - _send_single_request - HTTP Request: GET https://huggingface.co/api/models/sentence-transformers/all-MiniLM-L6-v2 "HTTP/1.1 200 OK"
2026-04-01 18:58:44,349 - INFO - faiss.loader - <module> - Loading faiss with AVX2 support.
2026-04-01 18:58:44,367 - INFO - faiss.loader - <module> - Successfully loaded faiss with AVX2 support.
2026-04-01 18:58:44,585 - INFO - chatbot_app - log_requests - Request start: GET /files
2026-04-01 18:58:44,585 - INFO - chatbot_app - log_requests - Request start: GET /files
2026-04-01 18:58:44,585 - INFO - chatbot_app - log_requests - Request start: GET /files
2026-04-01 18:58:44,590 - INFO - chatbot_app - log_requests - Request end: GET /files - Status 200 - Time 0.004s
2026-04-01 18:58:44,590 - INFO - chatbot_app - log_requests - Request end: GET /files - Status 200 - Time 0.004s
2026-04-01 18:58:44,591 - INFO - chatbot_app - log_requests - Request end: GET /files - Status 200 - Time 0.006s
2026-04-01 18:58:57,316 - INFO - chatbot_app - log_requests - Request start: POST /upload
2026-04-01 18:58:57,800 - INFO - sentence_transformers.SentenceTransformer - __init__ - Use pytorch device_name: cpu
2026-04-01 18:58:57,801 - INFO - sentence_transformers.SentenceTransformer - __init__ - Load pretrained SentenceTransformer: sentence-transformers/all-MiniLM-L6-v2
2026-04-01 18:58:58,151 - INFO - httpx - _send_single_request - HTTP Request: HEAD https://huggingface.co/sentence-transformers/all-MiniLM-L6-v2/resolve/main/modules.json "HTTP/1.1 307 Temporary Redirect"
2026-04-01 18:58:58,182 - INFO - httpx - _send_single_request - HTTP Request: HEAD https://huggingface.co/api/resolve-cache/models/sentence-transformers/all-MiniLM-L6-v2/c9745ed1d9f207416be6d2e6f8de32d1f16199bf/modules.json "HTTP/1.1 200 OK"
2026-04-01 18:58:58,481 - INFO - httpx - _send_single_request - HTTP Request: HEAD https://huggingface.co/sentence-transformers/all-MiniLM-L6-v2/resolve/main/config_sentence_transformers.json "HTTP/1.1 307 Temporary Redirect"
2026-04-01 18:58:58,512 - INFO - httpx - _send_single_request - HTTP Request: HEAD https://huggingface.co/api/resolve-cache/models/sentence-transformers/all-MiniLM-L6-v2/c9745ed1d9f207416be6d2e6f8de32d1f16199bf/config_sentence_transformers.json "HTTP/1.1 200 OK"
2026-04-01 18:58:58,800 - INFO - httpx - _send_single_request - HTTP Request: HEAD https://huggingface.co/sentence-transformers/all-MiniLM-L6-v2/resolve/main/config_sentence_transformers.json "HTTP/1.1 307 Temporary Redirect"
2026-04-01 18:58:58,825 - INFO - httpx - _send_single_request - HTTP Request: HEAD https://huggingface.co/api/resolve-cache/models/sentence-transformers/all-MiniLM-L6-v2/c9745ed1d9f207416be6d2e6f8de32d1f16199bf/config_sentence_transformers.json "HTTP/1.1 200 OK"
2026-04-01 18:58:59,104 - INFO - httpx - _send_single_request - HTTP Request: HEAD https://huggingface.co/sentence-transformers/all-MiniLM-L6-v2/resolve/main/README.md "HTTP/1.1 307 Temporary Redirect"
2026-04-01 18:58:59,143 - INFO - httpx - _send_single_request - HTTP Request: HEAD https://huggingface.co/api/resolve-cache/models/sentence-transformers/all-MiniLM-L6-v2/c9745ed1d9f207416be6d2e6f8de32d1f16199bf/README.md "HTTP/1.1 200 OK"
2026-04-01 18:58:59,428 - INFO - httpx - _send_single_request - HTTP Request: HEAD https://huggingface.co/sentence-transformers/all-MiniLM-L6-v2/resolve/main/modules.json "HTTP/1.1 307 Temporary Redirect"
2026-04-01 18:58:59,451 - INFO - httpx - _send_single_request - HTTP Request: HEAD https://huggingface.co/api/resolve-cache/models/sentence-transformers/all-MiniLM-L6-v2/c9745ed1d9f207416be6d2e6f8de32d1f16199bf/modules.json "HTTP/1.1 200 OK"
2026-04-01 18:58:59,744 - INFO - httpx - _send_single_request - HTTP Request: HEAD https://huggingface.co/sentence-transformers/all-MiniLM-L6-v2/resolve/main/sentence_bert_config.json "HTTP/1.1 307 Temporary Redirect"
2026-04-01 18:58:59,776 - INFO - httpx - _send_single_request - HTTP Request: HEAD https://huggingface.co/api/resolve-cache/models/sentence-transformers/all-MiniLM-L6-v2/c9745ed1d9f207416be6d2e6f8de32d1f16199bf/sentence_bert_config.json "HTTP/1.1 200 OK"
2026-04-01 18:59:00,069 - INFO - httpx - _send_single_request - HTTP Request: HEAD https://huggingface.co/sentence-transformers/all-MiniLM-L6-v2/resolve/main/adapter_config.json "HTTP/1.1 404 Not Found"
2026-04-01 18:59:00,360 - INFO - httpx - _send_single_request - HTTP Request: HEAD https://huggingface.co/sentence-transformers/all-MiniLM-L6-v2/resolve/main/config.json "HTTP/1.1 307 Temporary Redirect"
2026-04-01 18:59:00,393 - INFO - httpx - _send_single_request - HTTP Request: HEAD https://huggingface.co/api/resolve-cache/models/sentence-transformers/all-MiniLM-L6-v2/c9745ed1d9f207416be6d2e6f8de32d1f16199bf/config.json "HTTP/1.1 200 OK"
2026-04-01 18:59:00,756 - INFO - httpx - _send_single_request - HTTP Request: HEAD https://huggingface.co/sentence-transformers/all-MiniLM-L6-v2/resolve/main/config.json "HTTP/1.1 307 Temporary Redirect"
2026-04-01 18:59:00,788 - INFO - httpx - _send_single_request - HTTP Request: HEAD https://huggingface.co/api/resolve-cache/models/sentence-transformers/all-MiniLM-L6-v2/c9745ed1d9f207416be6d2e6f8de32d1f16199bf/config.json "HTTP/1.1 200 OK"
2026-04-01 18:59:01,083 - INFO - httpx - _send_single_request - HTTP Request: HEAD https://huggingface.co/sentence-transformers/all-MiniLM-L6-v2/resolve/main/tokenizer_config.json "HTTP/1.1 307 Temporary Redirect"
2026-04-01 18:59:01,119 - INFO - httpx - _send_single_request - HTTP Request: HEAD https://huggingface.co/api/resolve-cache/models/sentence-transformers/all-MiniLM-L6-v2/c9745ed1d9f207416be6d2e6f8de32d1f16199bf/tokenizer_config.json "HTTP/1.1 200 OK"
2026-04-01 18:59:01,409 - INFO - httpx - _send_single_request - HTTP Request: GET https://huggingface.co/api/models/sentence-transformers/all-MiniLM-L6-v2/tree/main/additional_chat_templates?recursive=false&expand=false "HTTP/1.1 404 Not Found"
2026-04-01 18:59:01,713 - INFO - httpx - _send_single_request - HTTP Request: GET https://huggingface.co/api/models/sentence-transformers/all-MiniLM-L6-v2/tree/main?recursive=true&expand=false "HTTP/1.1 200 OK"
2026-04-01 18:59:02,105 - INFO - httpx - _send_single_request - HTTP Request: HEAD https://huggingface.co/sentence-transformers/all-MiniLM-L6-v2/resolve/main/1_Pooling/config.json "HTTP/1.1 307 Temporary Redirect"
2026-04-01 18:59:02,129 - INFO - httpx - _send_single_request - HTTP Request: HEAD https://huggingface.co/api/resolve-cache/models/sentence-transformers/all-MiniLM-L6-v2/c9745ed1d9f207416be6d2e6f8de32d1f16199bf/1_Pooling%2Fconfig.json "HTTP/1.1 200 OK"
2026-04-01 18:59:02,427 - INFO - httpx - _send_single_request - HTTP Request: GET https://huggingface.co/api/models/sentence-transformers/all-MiniLM-L6-v2 "HTTP/1.1 200 OK"
2026-04-01 18:59:03,032 - INFO - sentence_transformers.SentenceTransformer - __init__ - Use pytorch device_name: cpu
2026-04-01 18:59:03,032 - INFO - sentence_transformers.SentenceTransformer - __init__ - Load pretrained SentenceTransformer: sentence-transformers/all-MiniLM-L6-v2
2026-04-01 18:59:03,303 - INFO - httpx - _send_single_request - HTTP Request: HEAD https://huggingface.co/sentence-transformers/all-MiniLM-L6-v2/resolve/main/modules.json "HTTP/1.1 307 Temporary Redirect"
2026-04-01 18:59:03,343 - INFO - httpx - _send_single_request - HTTP Request: HEAD https://huggingface.co/api/resolve-cache/models/sentence-transformers/all-MiniLM-L6-v2/c9745ed1d9f207416be6d2e6f8de32d1f16199bf/modules.json "HTTP/1.1 200 OK"
2026-04-01 18:59:03,631 - INFO - httpx - _send_single_request - HTTP Request: HEAD https://huggingface.co/sentence-transformers/all-MiniLM-L6-v2/resolve/main/config_sentence_transformers.json "HTTP/1.1 307 Temporary Redirect"
2026-04-01 18:59:03,663 - INFO - httpx - _send_single_request - HTTP Request: HEAD https://huggingface.co/api/resolve-cache/models/sentence-transformers/all-MiniLM-L6-v2/c9745ed1d9f207416be6d2e6f8de32d1f16199bf/config_sentence_transformers.json "HTTP/1.1 200 OK"
2026-04-01 18:59:03,946 - INFO - httpx - _send_single_request - HTTP Request: HEAD https://huggingface.co/sentence-transformers/all-MiniLM-L6-v2/resolve/main/config_sentence_transformers.json "HTTP/1.1 307 Temporary Redirect"
2026-04-01 18:59:03,985 - INFO - httpx - _send_single_request - HTTP Request: HEAD https://huggingface.co/api/resolve-cache/models/sentence-transformers/all-MiniLM-L6-v2/c9745ed1d9f207416be6d2e6f8de32d1f16199bf/config_sentence_transformers.json "HTTP/1.1 200 OK"
2026-04-01 18:59:04,257 - INFO - httpx - _send_single_request - HTTP Request: HEAD https://huggingface.co/sentence-transformers/all-MiniLM-L6-v2/resolve/main/README.md "HTTP/1.1 307 Temporary Redirect"
2026-04-01 18:59:04,298 - INFO - httpx - _send_single_request - HTTP Request: HEAD https://huggingface.co/api/resolve-cache/models/sentence-transformers/all-MiniLM-L6-v2/c9745ed1d9f207416be6d2e6f8de32d1f16199bf/README.md "HTTP/1.1 200 OK"
2026-04-01 18:59:04,590 - INFO - httpx - _send_single_request - HTTP Request: HEAD https://huggingface.co/sentence-transformers/all-MiniLM-L6-v2/resolve/main/modules.json "HTTP/1.1 307 Temporary Redirect"
2026-04-01 18:59:04,615 - INFO - httpx - _send_single_request - HTTP Request: HEAD https://huggingface.co/api/resolve-cache/models/sentence-transformers/all-MiniLM-L6-v2/c9745ed1d9f207416be6d2e6f8de32d1f16199bf/modules.json "HTTP/1.1 200 OK"
2026-04-01 18:59:04,915 - INFO - httpx - _send_single_request - HTTP Request: HEAD https://huggingface.co/sentence-transformers/all-MiniLM-L6-v2/resolve/main/sentence_bert_config.json "HTTP/1.1 307 Temporary Redirect"
2026-04-01 18:59:04,938 - INFO - httpx - _send_single_request - HTTP Request: HEAD https://huggingface.co/api/resolve-cache/models/sentence-transformers/all-MiniLM-L6-v2/c9745ed1d9f207416be6d2e6f8de32d1f16199bf/sentence_bert_config.json "HTTP/1.1 200 OK"
2026-04-01 18:59:05,234 - INFO - httpx - _send_single_request - HTTP Request: HEAD https://huggingface.co/sentence-transformers/all-MiniLM-L6-v2/resolve/main/adapter_config.json "HTTP/1.1 404 Not Found"
2026-04-01 18:59:05,512 - INFO - httpx - _send_single_request - HTTP Request: HEAD https://huggingface.co/sentence-transformers/all-MiniLM-L6-v2/resolve/main/config.json "HTTP/1.1 307 Temporary Redirect"
2026-04-01 18:59:05,551 - INFO - httpx - _send_single_request - HTTP Request: HEAD https://huggingface.co/api/resolve-cache/models/sentence-transformers/all-MiniLM-L6-v2/c9745ed1d9f207416be6d2e6f8de32d1f16199bf/config.json "HTTP/1.1 200 OK"
2026-04-01 18:59:05,899 - INFO - httpx - _send_single_request - HTTP Request: HEAD https://huggingface.co/sentence-transformers/all-MiniLM-L6-v2/resolve/main/config.json "HTTP/1.1 307 Temporary Redirect"
2026-04-01 18:59:05,934 - INFO - httpx - _send_single_request - HTTP Request: HEAD https://huggingface.co/api/resolve-cache/models/sentence-transformers/all-MiniLM-L6-v2/c9745ed1d9f207416be6d2e6f8de32d1f16199bf/config.json "HTTP/1.1 200 OK"
2026-04-01 18:59:06,222 - INFO - httpx - _send_single_request - HTTP Request: HEAD https://huggingface.co/sentence-transformers/all-MiniLM-L6-v2/resolve/main/tokenizer_config.json "HTTP/1.1 307 Temporary Redirect"
2026-04-01 18:59:06,252 - INFO - httpx - _send_single_request - HTTP Request: HEAD https://huggingface.co/api/resolve-cache/models/sentence-transformers/all-MiniLM-L6-v2/c9745ed1d9f207416be6d2e6f8de32d1f16199bf/tokenizer_config.json "HTTP/1.1 200 OK"
2026-04-01 18:59:06,575 - INFO - httpx - _send_single_request - HTTP Request: GET https://huggingface.co/api/models/sentence-transformers/all-MiniLM-L6-v2/tree/main/additional_chat_templates?recursive=false&expand=false "HTTP/1.1 404 Not Found"
2026-04-01 18:59:06,868 - INFO - httpx - _send_single_request - HTTP Request: GET https://huggingface.co/api/models/sentence-transformers/all-MiniLM-L6-v2/tree/main?recursive=true&expand=false "HTTP/1.1 200 OK"
2026-04-01 18:59:07,238 - INFO - httpx - _send_single_request - HTTP Request: HEAD https://huggingface.co/sentence-transformers/all-MiniLM-L6-v2/resolve/main/1_Pooling/config.json "HTTP/1.1 307 Temporary Redirect"
2026-04-01 18:59:07,270 - INFO - httpx - _send_single_request - HTTP Request: HEAD https://huggingface.co/api/resolve-cache/models/sentence-transformers/all-MiniLM-L6-v2/c9745ed1d9f207416be6d2e6f8de32d1f16199bf/1_Pooling%2Fconfig.json "HTTP/1.1 200 OK"
2026-04-01 18:59:07,564 - INFO - httpx - _send_single_request - HTTP Request: GET https://huggingface.co/api/models/sentence-transformers/all-MiniLM-L6-v2 "HTTP/1.1 200 OK"
2026-04-01 18:59:07,598 - INFO - chatbot_app - log_requests - Request end: POST /upload - Status 200 - Time 10.283s
2026-04-01 18:59:07,616 - INFO - chatbot_app - log_requests - Request start: GET /files
2026-04-01 18:59:07,618 - INFO - chatbot_app - log_requests - Request end: GET /files - Status 200 - Time 0.002s
2026-04-01 18:59:15,151 - INFO - chatbot_app - log_requests - Request start: GET /files
2026-04-01 18:59:15,153 - INFO - chatbot_app - log_requests - Request end: GET /files - Status 200 - Time 0.002s
2026-04-01 18:59:21,546 - INFO - chatbot_app - log_requests - Request start: POST /upload
2026-04-01 18:59:24,197 - INFO - sentence_transformers.SentenceTransformer - __init__ - Use pytorch device_name: cpu
2026-04-01 18:59:24,197 - INFO - sentence_transformers.SentenceTransformer - __init__ - Load pretrained SentenceTransformer: sentence-transformers/all-MiniLM-L6-v2
2026-04-01 18:59:24,805 - INFO - httpx - _send_single_request - HTTP Request: HEAD https://huggingface.co/sentence-transformers/all-MiniLM-L6-v2/resolve/main/modules.json "HTTP/1.1 307 Temporary Redirect"
2026-04-01 18:59:24,922 - INFO - httpx - _send_single_request - HTTP Request: HEAD https://huggingface.co/api/resolve-cache/models/sentence-transformers/all-MiniLM-L6-v2/c9745ed1d9f207416be6d2e6f8de32d1f16199bf/modules.json "HTTP/1.1 200 OK"
2026-04-01 18:59:25,247 - INFO - httpx - _send_single_request - HTTP Request: HEAD https://huggingface.co/sentence-transformers/all-MiniLM-L6-v2/resolve/main/config_sentence_transformers.json "HTTP/1.1 307 Temporary Redirect"
2026-04-01 18:59:25,384 - INFO - httpx - _send_single_request - HTTP Request: HEAD https://huggingface.co/api/resolve-cache/models/sentence-transformers/all-MiniLM-L6-v2/c9745ed1d9f207416be6d2e6f8de32d1f16199bf/config_sentence_transformers.json "HTTP/1.1 200 OK"
2026-04-01 18:59:25,759 - INFO - httpx - _send_single_request - HTTP Request: HEAD https://huggingface.co/sentence-transformers/all-MiniLM-L6-v2/resolve/main/config_sentence_transformers.json "HTTP/1.1 307 Temporary Redirect"
2026-04-01 18:59:25,869 - INFO - httpx - _send_single_request - HTTP Request: HEAD https://huggingface.co/api/resolve-cache/models/sentence-transformers/all-MiniLM-L6-v2/c9745ed1d9f207416be6d2e6f8de32d1f16199bf/config_sentence_transformers.json "HTTP/1.1 200 OK"
2026-04-01 18:59:26,200 - INFO - httpx - _send_single_request - HTTP Request: HEAD https://huggingface.co/sentence-transformers/all-MiniLM-L6-v2/resolve/main/README.md "HTTP/1.1 307 Temporary Redirect"
2026-04-01 18:59:26,311 - INFO - httpx - _send_single_request - HTTP Request: HEAD https://huggingface.co/api/resolve-cache/models/sentence-transformers/all-MiniLM-L6-v2/c9745ed1d9f207416be6d2e6f8de32d1f16199bf/README.md "HTTP/1.1 200 OK"
2026-04-01 18:59:26,618 - INFO - httpx - _send_single_request - HTTP Request: HEAD https://huggingface.co/sentence-transformers/all-MiniLM-L6-v2/resolve/main/modules.json "HTTP/1.1 307 Temporary Redirect"
2026-04-01 18:59:26,740 - INFO - httpx - _send_single_request - HTTP Request: HEAD https://huggingface.co/api/resolve-cache/models/sentence-transformers/all-MiniLM-L6-v2/c9745ed1d9f207416be6d2e6f8de32d1f16199bf/modules.json "HTTP/1.1 200 OK"
2026-04-01 18:59:27,055 - INFO - httpx - _send_single_request - HTTP Request: HEAD https://huggingface.co/sentence-transformers/all-MiniLM-L6-v2/resolve/main/sentence_bert_config.json "HTTP/1.1 307 Temporary Redirect"
2026-04-01 18:59:27,166 - INFO - httpx - _send_single_request - HTTP Request: HEAD https://huggingface.co/api/resolve-cache/models/sentence-transformers/all-MiniLM-L6-v2/c9745ed1d9f207416be6d2e6f8de32d1f16199bf/sentence_bert_config.json "HTTP/1.1 200 OK"
2026-04-01 18:59:27,509 - INFO - httpx - _send_single_request - HTTP Request: HEAD https://huggingface.co/sentence-transformers/all-MiniLM-L6-v2/resolve/main/adapter_config.json "HTTP/1.1 404 Not Found"
2026-04-01 18:59:27,857 - INFO - httpx - _send_single_request - HTTP Request: HEAD https://huggingface.co/sentence-transformers/all-MiniLM-L6-v2/resolve/main/config.json "HTTP/1.1 307 Temporary Redirect"
2026-04-01 18:59:27,981 - INFO - httpx - _send_single_request - HTTP Request: HEAD https://huggingface.co/api/resolve-cache/models/sentence-transformers/all-MiniLM-L6-v2/c9745ed1d9f207416be6d2e6f8de32d1f16199bf/config.json "HTTP/1.1 200 OK"
2026-04-01 18:59:28,358 - INFO - httpx - _send_single_request - HTTP Request: HEAD https://huggingface.co/sentence-transformers/all-MiniLM-L6-v2/resolve/main/config.json "HTTP/1.1 307 Temporary Redirect"
2026-04-01 18:59:28,477 - INFO - httpx - _send_single_request - HTTP Request: HEAD https://huggingface.co/api/resolve-cache/models/sentence-transformers/all-MiniLM-L6-v2/c9745ed1d9f207416be6d2e6f8de32d1f16199bf/config.json "HTTP/1.1 200 OK"
2026-04-01 18:59:28,868 - INFO - httpx - _send_single_request - HTTP Request: HEAD https://huggingface.co/sentence-transformers/all-MiniLM-L6-v2/resolve/main/tokenizer_config.json "HTTP/1.1 307 Temporary Redirect"
2026-04-01 18:59:29,009 - INFO - httpx - _send_single_request - HTTP Request: HEAD https://huggingface.co/api/resolve-cache/models/sentence-transformers/all-MiniLM-L6-v2/c9745ed1d9f207416be6d2e6f8de32d1f16199bf/tokenizer_config.json "HTTP/1.1 200 OK"
2026-04-01 18:59:29,360 - INFO - httpx - _send_single_request - HTTP Request: GET https://huggingface.co/api/models/sentence-transformers/all-MiniLM-L6-v2/tree/main/additional_chat_templates?recursive=false&expand=false "HTTP/1.1 404 Not Found"
2026-04-01 18:59:29,697 - INFO - httpx - _send_single_request - HTTP Request: GET https://huggingface.co/api/models/sentence-transformers/all-MiniLM-L6-v2/tree/main?recursive=true&expand=false "HTTP/1.1 200 OK"
2026-04-01 18:59:30,150 - INFO - httpx - _send_single_request - HTTP Request: HEAD https://huggingface.co/sentence-transformers/all-MiniLM-L6-v2/resolve/main/1_Pooling/config.json "HTTP/1.1 307 Temporary Redirect"
2026-04-01 18:59:30,291 - INFO - httpx - _send_single_request - HTTP Request: HEAD https://huggingface.co/api/resolve-cache/models/sentence-transformers/all-MiniLM-L6-v2/c9745ed1d9f207416be6d2e6f8de32d1f16199bf/1_Pooling%2Fconfig.json "HTTP/1.1 200 OK"
2026-04-01 18:59:30,618 - INFO - httpx - _send_single_request - HTTP Request: GET https://huggingface.co/api/models/sentence-transformers/all-MiniLM-L6-v2 "HTTP/1.1 200 OK"
2026-04-01 18:59:33,551 - INFO - sentence_transformers.SentenceTransformer - __init__ - Use pytorch device_name: cpu
2026-04-01 18:59:33,551 - INFO - sentence_transformers.SentenceTransformer - __init__ - Load pretrained SentenceTransformer: sentence-transformers/all-MiniLM-L6-v2
2026-04-01 18:59:33,876 - INFO - httpx - _send_single_request - HTTP Request: HEAD https://huggingface.co/sentence-transformers/all-MiniLM-L6-v2/resolve/main/modules.json "HTTP/1.1 307 Temporary Redirect"
2026-04-01 18:59:34,002 - INFO - httpx - _send_single_request - HTTP Request: HEAD https://huggingface.co/api/resolve-cache/models/sentence-transformers/all-MiniLM-L6-v2/c9745ed1d9f207416be6d2e6f8de32d1f16199bf/modules.json "HTTP/1.1 200 OK"
2026-04-01 18:59:34,325 - INFO - httpx - _send_single_request - HTTP Request: HEAD https://huggingface.co/sentence-transformers/all-MiniLM-L6-v2/resolve/main/config_sentence_transformers.json "HTTP/1.1 307 Temporary Redirect"
2026-04-01 18:59:34,455 - INFO - httpx - _send_single_request - HTTP Request: HEAD https://huggingface.co/api/resolve-cache/models/sentence-transformers/all-MiniLM-L6-v2/c9745ed1d9f207416be6d2e6f8de32d1f16199bf/config_sentence_transformers.json "HTTP/1.1 200 OK"
2026-04-01 18:59:34,778 - INFO - httpx - _send_single_request - HTTP Request: HEAD https://huggingface.co/sentence-transformers/all-MiniLM-L6-v2/resolve/main/config_sentence_transformers.json "HTTP/1.1 307 Temporary Redirect"
2026-04-01 18:59:34,887 - INFO - httpx - _send_single_request - HTTP Request: HEAD https://huggingface.co/api/resolve-cache/models/sentence-transformers/all-MiniLM-L6-v2/c9745ed1d9f207416be6d2e6f8de32d1f16199bf/config_sentence_transformers.json "HTTP/1.1 200 OK"
2026-04-01 18:59:35,231 - INFO - httpx - _send_single_request - HTTP Request: HEAD https://huggingface.co/sentence-transformers/all-MiniLM-L6-v2/resolve/main/README.md "HTTP/1.1 307 Temporary Redirect"
2026-04-01 18:59:35,338 - INFO - httpx - _send_single_request - HTTP Request: HEAD https://huggingface.co/api/resolve-cache/models/sentence-transformers/all-MiniLM-L6-v2/c9745ed1d9f207416be6d2e6f8de32d1f16199bf/README.md "HTTP/1.1 200 OK"
2026-04-01 18:59:35,679 - INFO - httpx - _send_single_request - HTTP Request: HEAD https://huggingface.co/sentence-transformers/all-MiniLM-L6-v2/resolve/main/modules.json "HTTP/1.1 307 Temporary Redirect"
2026-04-01 18:59:35,789 - INFO - httpx - _send_single_request - HTTP Request: HEAD https://huggingface.co/api/resolve-cache/models/sentence-transformers/all-MiniLM-L6-v2/c9745ed1d9f207416be6d2e6f8de32d1f16199bf/modules.json "HTTP/1.1 200 OK"
2026-04-01 18:59:36,148 - INFO - httpx - _send_single_request - HTTP Request: HEAD https://huggingface.co/sentence-transformers/all-MiniLM-L6-v2/resolve/main/sentence_bert_config.json "HTTP/1.1 307 Temporary Redirect"
2026-04-01 18:59:36,271 - INFO - httpx - _send_single_request - HTTP Request: HEAD https://huggingface.co/api/resolve-cache/models/sentence-transformers/all-MiniLM-L6-v2/c9745ed1d9f207416be6d2e6f8de32d1f16199bf/sentence_bert_config.json "HTTP/1.1 200 OK"
2026-04-01 18:59:36,601 - INFO - httpx - _send_single_request - HTTP Request: HEAD https://huggingface.co/sentence-transformers/all-MiniLM-L6-v2/resolve/main/adapter_config.json "HTTP/1.1 404 Not Found"
2026-04-01 18:59:36,942 - INFO - httpx - _send_single_request - HTTP Request: HEAD https://huggingface.co/sentence-transformers/all-MiniLM-L6-v2/resolve/main/config.json "HTTP/1.1 307 Temporary Redirect"
2026-04-01 18:59:37,075 - INFO - httpx - _send_single_request - HTTP Request: HEAD https://huggingface.co/api/resolve-cache/models/sentence-transformers/all-MiniLM-L6-v2/c9745ed1d9f207416be6d2e6f8de32d1f16199bf/config.json "HTTP/1.1 200 OK"
2026-04-01 18:59:37,444 - INFO - httpx - _send_single_request - HTTP Request: HEAD https://huggingface.co/sentence-transformers/all-MiniLM-L6-v2/resolve/main/config.json "HTTP/1.1 307 Temporary Redirect"
2026-04-01 18:59:37,574 - INFO - httpx - _send_single_request - HTTP Request: HEAD https://huggingface.co/api/resolve-cache/models/sentence-transformers/all-MiniLM-L6-v2/c9745ed1d9f207416be6d2e6f8de32d1f16199bf/config.json "HTTP/1.1 200 OK"
2026-04-01 18:59:37,941 - INFO - httpx - _send_single_request - HTTP Request: HEAD https://huggingface.co/sentence-transformers/all-MiniLM-L6-v2/resolve/main/tokenizer_config.json "HTTP/1.1 307 Temporary Redirect"
2026-04-01 18:59:38,053 - INFO - httpx - _send_single_request - HTTP Request: HEAD https://huggingface.co/api/resolve-cache/models/sentence-transformers/all-MiniLM-L6-v2/c9745ed1d9f207416be6d2e6f8de32d1f16199bf/tokenizer_config.json "HTTP/1.1 200 OK"
2026-04-01 18:59:38,379 - INFO - httpx - _send_single_request - HTTP Request: GET https://huggingface.co/api/models/sentence-transformers/all-MiniLM-L6-v2/tree/main/additional_chat_templates?recursive=false&expand=false "HTTP/1.1 404 Not Found"
2026-04-01 18:59:38,712 - INFO - httpx - _send_single_request - HTTP Request: GET https://huggingface.co/api/models/sentence-transformers/all-MiniLM-L6-v2/tree/main?recursive=true&expand=false "HTTP/1.1 200 OK"
2026-04-01 18:59:39,121 - INFO - httpx - _send_single_request - HTTP Request: HEAD https://huggingface.co/sentence-transformers/all-MiniLM-L6-v2/resolve/main/1_Pooling/config.json "HTTP/1.1 307 Temporary Redirect"
2026-04-01 18:59:39,245 - INFO - httpx - _send_single_request - HTTP Request: HEAD https://huggingface.co/api/resolve-cache/models/sentence-transformers/all-MiniLM-L6-v2/c9745ed1d9f207416be6d2e6f8de32d1f16199bf/1_Pooling%2Fconfig.json "HTTP/1.1 200 OK"
2026-04-01 18:59:39,585 - INFO - httpx - _send_single_request - HTTP Request: GET https://huggingface.co/api/models/sentence-transformers/all-MiniLM-L6-v2 "HTTP/1.1 200 OK"
2026-04-01 18:59:39,641 - INFO - chatbot_app - log_requests - Request end: POST /upload - Status 200 - Time 18.095s
2026-04-01 18:59:39,657 - INFO - chatbot_app - log_requests - Request start: GET /files
2026-04-01 18:59:39,657 - INFO - chatbot_app - log_requests - Request end: GET /files - Status 200 - Time 0.000s
2026-04-01 18:59:42,793 - INFO - chatbot_app - log_requests - Request start: GET /files
2026-04-01 18:59:42,795 - INFO - chatbot_app - log_requests - Request end: GET /files - Status 200 - Time 0.001s
2026-04-01 18:59:52,361 - INFO - chatbot_app - log_requests - Request start: OPTIONS /delete/JS Notes 1.pdf
2026-04-01 18:59:52,361 - INFO - chatbot_app - log_requests - Request end: OPTIONS /delete/JS Notes 1.pdf - Status 200 - Time 0.000s
2026-04-01 18:59:52,368 - INFO - chatbot_app - log_requests - Request start: DELETE /delete/JS Notes 1.pdf
2026-04-01 18:59:52,650 - INFO - sentence_transformers.SentenceTransformer - __init__ - Use pytorch device_name: cpu
2026-04-01 18:59:52,650 - INFO - sentence_transformers.SentenceTransformer - __init__ - Load pretrained SentenceTransformer: sentence-transformers/all-MiniLM-L6-v2
2026-04-01 18:59:53,011 - INFO - httpx - _send_single_request - HTTP Request: HEAD https://huggingface.co/sentence-transformers/all-MiniLM-L6-v2/resolve/main/modules.json "HTTP/1.1 307 Temporary Redirect"
2026-04-01 18:59:53,011 - INFO - httpx - _send_single_request - HTTP Request: HEAD https://huggingface.co/api/resolve-cache/models/sentence-transformers/all-MiniLM-L6-v2/c9745ed1d9f207416be6d2e6f8de32d1f16199bf/modules.json "HTTP/1.1 200 OK"
2026-04-01 18:59:53,260 - INFO - httpx - _send_single_request - HTTP Request: HEAD https://huggingface.co/sentence-transformers/all-MiniLM-L6-v2/resolve/main/config_sentence_transformers.json "HTTP/1.1 307 Temporary Redirect"
2026-04-01 18:59:53,260 - INFO - httpx - _send_single_request - HTTP Request: HEAD https://huggingface.co/api/resolve-cache/models/sentence-transformers/all-MiniLM-L6-v2/c9745ed1d9f207416be6d2e6f8de32d1f16199bf/config_sentence_transformers.json "HTTP/1.1 200 OK"
2026-04-01 18:59:53,509 - INFO - httpx - _send_single_request - HTTP Request: HEAD https://huggingface.co/sentence-transformers/all-MiniLM-L6-v2/resolve/main/config_sentence_transformers.json "HTTP/1.1 307 Temporary Redirect"
2026-04-01 18:59:53,525 - INFO - httpx - _send_single_request - HTTP Request: HEAD https://huggingface.co/api/resolve-cache/models/sentence-transformers/all-MiniLM-L6-v2/c9745ed1d9f207416be6d2e6f8de32d1f16199bf/config_sentence_transformers.json "HTTP/1.1 200 OK"
2026-04-01 18:59:53,765 - INFO - httpx - _send_single_request - HTTP Request: HEAD https://huggingface.co/sentence-transformers/all-MiniLM-L6-v2/resolve/main/README.md "HTTP/1.1 307 Temporary Redirect"
2026-04-01 18:59:53,776 - INFO - httpx - _send_single_request - HTTP Request: HEAD https://huggingface.co/api/resolve-cache/models/sentence-transformers/all-MiniLM-L6-v2/c9745ed1d9f207416be6d2e6f8de32d1f16199bf/README.md "HTTP/1.1 200 OK"
2026-04-01 18:59:54,021 - INFO - httpx - _send_single_request - HTTP Request: HEAD https://huggingface.co/sentence-transformers/all-MiniLM-L6-v2/resolve/main/modules.json "HTTP/1.1 307 Temporary Redirect"
2026-04-01 18:59:54,032 - INFO - httpx - _send_single_request - HTTP Request: HEAD https://huggingface.co/api/resolve-cache/models/sentence-transformers/all-MiniLM-L6-v2/c9745ed1d9f207416be6d2e6f8de32d1f16199bf/modules.json "HTTP/1.1 200 OK"
2026-04-01 18:59:54,273 - INFO - httpx - _send_single_request - HTTP Request: HEAD https://huggingface.co/sentence-transformers/all-MiniLM-L6-v2/resolve/main/sentence_bert_config.json "HTTP/1.1 307 Temporary Redirect"
2026-04-01 18:59:54,288 - INFO - httpx - _send_single_request - HTTP Request: HEAD https://huggingface.co/api/resolve-cache/models/sentence-transformers/all-MiniLM-L6-v2/c9745ed1d9f207416be6d2e6f8de32d1f16199bf/sentence_bert_config.json "HTTP/1.1 200 OK"
2026-04-01 18:59:54,525 - INFO - httpx - _send_single_request - HTTP Request: HEAD https://huggingface.co/sentence-transformers/all-MiniLM-L6-v2/resolve/main/adapter_config.json "HTTP/1.1 404 Not Found"
2026-04-01 18:59:54,788 - INFO - httpx - _send_single_request - HTTP Request: HEAD https://huggingface.co/sentence-transformers/all-MiniLM-L6-v2/resolve/main/config.json "HTTP/1.1 307 Temporary Redirect"
2026-04-01 18:59:54,796 - INFO - httpx - _send_single_request - HTTP Request: HEAD https://huggingface.co/api/resolve-cache/models/sentence-transformers/all-MiniLM-L6-v2/c9745ed1d9f207416be6d2e6f8de32d1f16199bf/config.json "HTTP/1.1 200 OK"
2026-04-01 18:59:55,088 - INFO - httpx - _send_single_request - HTTP Request: HEAD https://huggingface.co/sentence-transformers/all-MiniLM-L6-v2/resolve/main/config.json "HTTP/1.1 307 Temporary Redirect"
2026-04-01 18:59:55,104 - INFO - httpx - _send_single_request - HTTP Request: HEAD https://huggingface.co/api/resolve-cache/models/sentence-transformers/all-MiniLM-L6-v2/c9745ed1d9f207416be6d2e6f8de32d1f16199bf/config.json "HTTP/1.1 200 OK"
2026-04-01 18:59:55,351 - INFO - httpx - _send_single_request - HTTP Request: HEAD https://huggingface.co/sentence-transformers/all-MiniLM-L6-v2/resolve/main/tokenizer_config.json "HTTP/1.1 307 Temporary Redirect"
2026-04-01 18:59:55,366 - INFO - httpx - _send_single_request - HTTP Request: HEAD https://huggingface.co/api/resolve-cache/models/sentence-transformers/all-MiniLM-L6-v2/c9745ed1d9f207416be6d2e6f8de32d1f16199bf/tokenizer_config.json "HTTP/1.1 200 OK"
2026-04-01 18:59:55,598 - INFO - httpx - _send_single_request - HTTP Request: GET https://huggingface.co/api/models/sentence-transformers/all-MiniLM-L6-v2/tree/main/additional_chat_templates?recursive=false&expand=false "HTTP/1.1 404 Not Found"
2026-04-01 18:59:55,845 - INFO - httpx - _send_single_request - HTTP Request: GET https://huggingface.co/api/models/sentence-transformers/all-MiniLM-L6-v2/tree/main?recursive=true&expand=false "HTTP/1.1 200 OK"
2026-04-01 18:59:56,157 - INFO - httpx - _send_single_request - HTTP Request: HEAD https://huggingface.co/sentence-transformers/all-MiniLM-L6-v2/resolve/main/1_Pooling/config.json "HTTP/1.1 307 Temporary Redirect"
2026-04-01 18:59:56,175 - INFO - httpx - _send_single_request - HTTP Request: HEAD https://huggingface.co/api/resolve-cache/models/sentence-transformers/all-MiniLM-L6-v2/c9745ed1d9f207416be6d2e6f8de32d1f16199bf/1_Pooling%2Fconfig.json "HTTP/1.1 200 OK"
2026-04-01 18:59:56,419 - INFO - httpx - _send_single_request - HTTP Request: GET https://huggingface.co/api/models/sentence-transformers/all-MiniLM-L6-v2 "HTTP/1.1 200 OK"
2026-04-01 18:59:57,007 - INFO - sentence_transformers.SentenceTransformer - __init__ - Use pytorch device_name: cpu
2026-04-01 18:59:57,007 - INFO - sentence_transformers.SentenceTransformer - __init__ - Load pretrained SentenceTransformer: sentence-transformers/all-MiniLM-L6-v2
2026-04-01 18:59:57,241 - INFO - httpx - _send_single_request - HTTP Request: HEAD https://huggingface.co/sentence-transformers/all-MiniLM-L6-v2/resolve/main/modules.json "HTTP/1.1 307 Temporary Redirect"
2026-04-01 18:59:57,251 - INFO - httpx - _send_single_request - HTTP Request: HEAD https://huggingface.co/api/resolve-cache/models/sentence-transformers/all-MiniLM-L6-v2/c9745ed1d9f207416be6d2e6f8de32d1f16199bf/modules.json "HTTP/1.1 200 OK"
2026-04-01 18:59:57,492 - INFO - httpx - _send_single_request - HTTP Request: HEAD https://huggingface.co/sentence-transformers/all-MiniLM-L6-v2/resolve/main/config_sentence_transformers.json "HTTP/1.1 307 Temporary Redirect"
2026-04-01 18:59:57,492 - INFO - httpx - _send_single_request - HTTP Request: HEAD https://huggingface.co/api/resolve-cache/models/sentence-transformers/all-MiniLM-L6-v2/c9745ed1d9f207416be6d2e6f8de32d1f16199bf/config_sentence_transformers.json "HTTP/1.1 200 OK"
2026-04-01 18:59:57,741 - INFO - httpx - _send_single_request - HTTP Request: HEAD https://huggingface.co/sentence-transformers/all-MiniLM-L6-v2/resolve/main/config_sentence_transformers.json "HTTP/1.1 307 Temporary Redirect"
2026-04-01 18:59:57,750 - INFO - httpx - _send_single_request - HTTP Request: HEAD https://huggingface.co/api/resolve-cache/models/sentence-transformers/all-MiniLM-L6-v2/c9745ed1d9f207416be6d2e6f8de32d1f16199bf/config_sentence_transformers.json "HTTP/1.1 200 OK"
2026-04-01 18:59:57,993 - INFO - httpx - _send_single_request - HTTP Request: HEAD https://huggingface.co/sentence-transformers/all-MiniLM-L6-v2/resolve/main/README.md "HTTP/1.1 307 Temporary Redirect"
2026-04-01 18:59:58,001 - INFO - httpx - _send_single_request - HTTP Request: HEAD https://huggingface.co/api/resolve-cache/models/sentence-transformers/all-MiniLM-L6-v2/c9745ed1d9f207416be6d2e6f8de32d1f16199bf/README.md "HTTP/1.1 200 OK"
2026-04-01 18:59:58,240 - INFO - httpx - _send_single_request - HTTP Request: HEAD https://huggingface.co/sentence-transformers/all-MiniLM-L6-v2/resolve/main/modules.json "HTTP/1.1 307 Temporary Redirect"
2026-04-01 18:59:58,251 - INFO - httpx - _send_single_request - HTTP Request: HEAD https://huggingface.co/api/resolve-cache/models/sentence-transformers/all-MiniLM-L6-v2/c9745ed1d9f207416be6d2e6f8de32d1f16199bf/modules.json "HTTP/1.1 200 OK"
2026-04-01 18:59:58,495 - INFO - httpx - _send_single_request - HTTP Request: HEAD https://huggingface.co/sentence-transformers/all-MiniLM-L6-v2/resolve/main/sentence_bert_config.json "HTTP/1.1 307 Temporary Redirect"
2026-04-01 18:59:58,514 - INFO - httpx - _send_single_request - HTTP Request: HEAD https://huggingface.co/api/resolve-cache/models/sentence-transformers/all-MiniLM-L6-v2/c9745ed1d9f207416be6d2e6f8de32d1f16199bf/sentence_bert_config.json "HTTP/1.1 200 OK"
2026-04-01 18:59:58,766 - INFO - httpx - _send_single_request - HTTP Request: HEAD https://huggingface.co/sentence-transformers/all-MiniLM-L6-v2/resolve/main/adapter_config.json "HTTP/1.1 404 Not Found"
2026-04-01 18:59:59,003 - INFO - httpx - _send_single_request - HTTP Request: HEAD https://huggingface.co/sentence-transformers/all-MiniLM-L6-v2/resolve/main/config.json "HTTP/1.1 307 Temporary Redirect"
2026-04-01 18:59:59,013 - INFO - httpx - _send_single_request - HTTP Request: HEAD https://huggingface.co/api/resolve-cache/models/sentence-transformers/all-MiniLM-L6-v2/c9745ed1d9f207416be6d2e6f8de32d1f16199bf/config.json "HTTP/1.1 200 OK"
2026-04-01 18:59:59,319 - INFO - httpx - _send_single_request - HTTP Request: HEAD https://huggingface.co/sentence-transformers/all-MiniLM-L6-v2/resolve/main/config.json "HTTP/1.1 307 Temporary Redirect"
2026-04-01 18:59:59,327 - INFO - httpx - _send_single_request - HTTP Request: HEAD https://huggingface.co/api/resolve-cache/models/sentence-transformers/all-MiniLM-L6-v2/c9745ed1d9f207416be6d2e6f8de32d1f16199bf/config.json "HTTP/1.1 200 OK"
2026-04-01 18:59:59,566 - INFO - httpx - _send_single_request - HTTP Request: HEAD https://huggingface.co/sentence-transformers/all-MiniLM-L6-v2/resolve/main/tokenizer_config.json "HTTP/1.1 307 Temporary Redirect"
2026-04-01 18:59:59,581 - INFO - httpx - _send_single_request - HTTP Request: HEAD https://huggingface.co/api/resolve-cache/models/sentence-transformers/all-MiniLM-L6-v2/c9745ed1d9f207416be6d2e6f8de32d1f16199bf/tokenizer_config.json "HTTP/1.1 200 OK"
2026-04-01 18:59:59,819 - INFO - httpx - _send_single_request - HTTP Request: GET https://huggingface.co/api/models/sentence-transformers/all-MiniLM-L6-v2/tree/main/additional_chat_templates?recursive=false&expand=false "HTTP/1.1 404 Not Found"
2026-04-01 19:00:00,067 - INFO - httpx - _send_single_request - HTTP Request: GET https://huggingface.co/api/models/sentence-transformers/all-MiniLM-L6-v2/tree/main?recursive=true&expand=false "HTTP/1.1 200 OK"
2026-04-01 19:00:00,381 - INFO - httpx - _send_single_request - HTTP Request: HEAD https://huggingface.co/sentence-transformers/all-MiniLM-L6-v2/resolve/main/1_Pooling/config.json "HTTP/1.1 307 Temporary Redirect"
2026-04-01 19:00:00,393 - INFO - httpx - _send_single_request - HTTP Request: HEAD https://huggingface.co/api/resolve-cache/models/sentence-transformers/all-MiniLM-L6-v2/c9745ed1d9f207416be6d2e6f8de32d1f16199bf/1_Pooling%2Fconfig.json "HTTP/1.1 200 OK"
2026-04-01 19:00:00,632 - INFO - httpx - _send_single_request - HTTP Request: GET https://huggingface.co/api/models/sentence-transformers/all-MiniLM-L6-v2 "HTTP/1.1 200 OK"
2026-04-01 19:00:00,677 - INFO - chatbot_app - log_requests - Request end: DELETE /delete/JS Notes 1.pdf - Status 200 - Time 8.309s
2026-04-01 19:00:00,697 - INFO - chatbot_app - log_requests - Request start: GET /files
2026-04-01 19:00:00,698 - INFO - chatbot_app - log_requests - Request end: GET /files - Status 200 - Time 0.001s
2026-04-01 19:00:09,293 - INFO - chatbot_app - log_requests - Request start: GET /files
2026-04-01 19:00:09,295 - INFO - chatbot_app - log_requests - Request end: GET /files - Status 200 - Time 0.002s
2026-04-01 19:02:19,533 - INFO - chatbot_app - log_requests - Request start: GET /files
2026-04-01 19:02:19,533 - INFO - chatbot_app - log_requests - Request end: GET /files - Status 200 - Time 0.000s
2026-04-01 19:02:24,517 - INFO - chatbot_app - log_requests - Request start: GET /files
2026-04-01 19:02:24,523 - INFO - chatbot_app - log_requests - Request end: GET /files - Status 200 - Time 0.006s
2026-04-01 19:03:01,563 - INFO - chatbot_app - log_requests - Request start: GET /files
2026-04-01 19:03:01,565 - INFO - chatbot_app - log_requests - Request end: GET /files - Status 200 - Time 0.002s
2026-04-01 19:03:07,513 - INFO - chatbot_app - log_requests - Request start: GET /files
2026-04-01 19:03:07,513 - INFO - chatbot_app - log_requests - Request end: GET /files - Status 200 - Time 0.000s
2026-04-01 19:03:20,264 - INFO - chatbot_app - log_requests - Request start: GET /files
2026-04-01 19:03:20,266 - INFO - chatbot_app - log_requests - Request end: GET /files - Status 200 - Time 0.002s
2026-04-01 19:03:29,588 - INFO - chatbot_app - log_requests - Request start: POST /upload
2026-04-01 19:03:32,314 - INFO - sentence_transformers.SentenceTransformer - __init__ - Use pytorch device_name: cpu
2026-04-01 19:03:32,314 - INFO - sentence_transformers.SentenceTransformer - __init__ - Load pretrained SentenceTransformer: sentence-transformers/all-MiniLM-L6-v2
2026-04-01 19:03:32,790 - INFO - httpx - _send_single_request - HTTP Request: HEAD https://huggingface.co/sentence-transformers/all-MiniLM-L6-v2/resolve/main/modules.json "HTTP/1.1 307 Temporary Redirect"
2026-04-01 19:03:32,803 - INFO - httpx - _send_single_request - HTTP Request: HEAD https://huggingface.co/api/resolve-cache/models/sentence-transformers/all-MiniLM-L6-v2/c9745ed1d9f207416be6d2e6f8de32d1f16199bf/modules.json "HTTP/1.1 200 OK"
2026-04-01 19:03:33,058 - INFO - httpx - _send_single_request - HTTP Request: HEAD https://huggingface.co/sentence-transformers/all-MiniLM-L6-v2/resolve/main/config_sentence_transformers.json "HTTP/1.1 307 Temporary Redirect"
2026-04-01 19:03:33,067 - INFO - httpx - _send_single_request - HTTP Request: HEAD https://huggingface.co/api/resolve-cache/models/sentence-transformers/all-MiniLM-L6-v2/c9745ed1d9f207416be6d2e6f8de32d1f16199bf/config_sentence_transformers.json "HTTP/1.1 200 OK"
2026-04-01 19:03:33,305 - INFO - httpx - _send_single_request - HTTP Request: HEAD https://huggingface.co/sentence-transformers/all-MiniLM-L6-v2/resolve/main/config_sentence_transformers.json "HTTP/1.1 307 Temporary Redirect"
2026-04-01 19:03:33,305 - INFO - httpx - _send_single_request - HTTP Request: HEAD https://huggingface.co/api/resolve-cache/models/sentence-transformers/all-MiniLM-L6-v2/c9745ed1d9f207416be6d2e6f8de32d1f16199bf/config_sentence_transformers.json "HTTP/1.1 200 OK"
2026-04-01 19:03:33,555 - INFO - httpx - _send_single_request - HTTP Request: HEAD https://huggingface.co/sentence-transformers/all-MiniLM-L6-v2/resolve/main/README.md "HTTP/1.1 307 Temporary Redirect"
2026-04-01 19:03:33,561 - INFO - httpx - _send_single_request - HTTP Request: HEAD https://huggingface.co/api/resolve-cache/models/sentence-transformers/all-MiniLM-L6-v2/c9745ed1d9f207416be6d2e6f8de32d1f16199bf/README.md "HTTP/1.1 200 OK"
2026-04-01 19:03:33,811 - INFO - httpx - _send_single_request - HTTP Request: HEAD https://huggingface.co/sentence-transformers/all-MiniLM-L6-v2/resolve/main/modules.json "HTTP/1.1 307 Temporary Redirect"
2026-04-01 19:03:33,822 - INFO - httpx - _send_single_request - HTTP Request: HEAD https://huggingface.co/api/resolve-cache/models/sentence-transformers/all-MiniLM-L6-v2/c9745ed1d9f207416be6d2e6f8de32d1f16199bf/modules.json "HTTP/1.1 200 OK"
2026-04-01 19:03:34,055 - INFO - httpx - _send_single_request - HTTP Request: HEAD https://huggingface.co/sentence-transformers/all-MiniLM-L6-v2/resolve/main/sentence_bert_config.json "HTTP/1.1 307 Temporary Redirect"
2026-04-01 19:03:34,055 - INFO - httpx - _send_single_request - HTTP Request: HEAD https://huggingface.co/api/resolve-cache/models/sentence-transformers/all-MiniLM-L6-v2/c9745ed1d9f207416be6d2e6f8de32d1f16199bf/sentence_bert_config.json "HTTP/1.1 200 OK"
2026-04-01 19:03:34,306 - INFO - httpx - _send_single_request - HTTP Request: HEAD https://huggingface.co/sentence-transformers/all-MiniLM-L6-v2/resolve/main/adapter_config.json "HTTP/1.1 404 Not Found"
2026-04-01 19:03:34,556 - INFO - httpx - _send_single_request - HTTP Request: HEAD https://huggingface.co/sentence-transformers/all-MiniLM-L6-v2/resolve/main/config.json "HTTP/1.1 307 Temporary Redirect"
2026-04-01 19:03:34,556 - INFO - httpx - _send_single_request - HTTP Request: HEAD https://huggingface.co/api/resolve-cache/models/sentence-transformers/all-MiniLM-L6-v2/c9745ed1d9f207416be6d2e6f8de32d1f16199bf/config.json "HTTP/1.1 200 OK"
2026-04-01 19:03:34,868 - INFO - httpx - _send_single_request - HTTP Request: HEAD https://huggingface.co/sentence-transformers/all-MiniLM-L6-v2/resolve/main/config.json "HTTP/1.1 307 Temporary Redirect"
2026-04-01 19:03:34,868 - INFO - httpx - _send_single_request - HTTP Request: HEAD https://huggingface.co/api/resolve-cache/models/sentence-transformers/all-MiniLM-L6-v2/c9745ed1d9f207416be6d2e6f8de32d1f16199bf/config.json "HTTP/1.1 200 OK"
2026-04-01 19:03:35,123 - INFO - httpx - _send_single_request - HTTP Request: HEAD https://huggingface.co/sentence-transformers/all-MiniLM-L6-v2/resolve/main/tokenizer_config.json "HTTP/1.1 307 Temporary Redirect"
2026-04-01 19:03:35,132 - INFO - httpx - _send_single_request - HTTP Request: HEAD https://huggingface.co/api/resolve-cache/models/sentence-transformers/all-MiniLM-L6-v2/c9745ed1d9f207416be6d2e6f8de32d1f16199bf/tokenizer_config.json "HTTP/1.1 200 OK"
2026-04-01 19:03:35,378 - INFO - httpx - _send_single_request - HTTP Request: GET https://huggingface.co/api/models/sentence-transformers/all-MiniLM-L6-v2/tree/main/additional_chat_templates?recursive=false&expand=false "HTTP/1.1 404 Not Found"
2026-04-01 19:03:35,622 - INFO - httpx - _send_single_request - HTTP Request: GET https://huggingface.co/api/models/sentence-transformers/all-MiniLM-L6-v2/tree/main?recursive=true&expand=false "HTTP/1.1 200 OK"
2026-04-01 19:03:35,931 - INFO - httpx - _send_single_request - HTTP Request: HEAD https://huggingface.co/sentence-transformers/all-MiniLM-L6-v2/resolve/main/1_Pooling/config.json "HTTP/1.1 307 Temporary Redirect"
2026-04-01 19:03:35,947 - INFO - httpx - _send_single_request - HTTP Request: HEAD https://huggingface.co/api/resolve-cache/models/sentence-transformers/all-MiniLM-L6-v2/c9745ed1d9f207416be6d2e6f8de32d1f16199bf/1_Pooling%2Fconfig.json "HTTP/1.1 200 OK"
2026-04-01 19:03:36,181 - INFO - httpx - _send_single_request - HTTP Request: GET https://huggingface.co/api/models/sentence-transformers/all-MiniLM-L6-v2 "HTTP/1.1 200 OK"
2026-04-01 19:03:38,676 - INFO - sentence_transformers.SentenceTransformer - __init__ - Use pytorch device_name: cpu
2026-04-01 19:03:38,676 - INFO - sentence_transformers.SentenceTransformer - __init__ - Load pretrained SentenceTransformer: sentence-transformers/all-MiniLM-L6-v2
2026-04-01 19:03:38,900 - INFO - httpx - _send_single_request - HTTP Request: HEAD https://huggingface.co/sentence-transformers/all-MiniLM-L6-v2/resolve/main/modules.json "HTTP/1.1 307 Temporary Redirect"
2026-04-01 19:03:38,916 - INFO - httpx - _send_single_request - HTTP Request: HEAD https://huggingface.co/api/resolve-cache/models/sentence-transformers/all-MiniLM-L6-v2/c9745ed1d9f207416be6d2e6f8de32d1f16199bf/modules.json "HTTP/1.1 200 OK"
2026-04-01 19:03:39,173 - INFO - httpx - _send_single_request - HTTP Request: HEAD https://huggingface.co/sentence-transformers/all-MiniLM-L6-v2/resolve/main/config_sentence_transformers.json "HTTP/1.1 307 Temporary Redirect"
2026-04-01 19:03:39,184 - INFO - httpx - _send_single_request - HTTP Request: HEAD https://huggingface.co/api/resolve-cache/models/sentence-transformers/all-MiniLM-L6-v2/c9745ed1d9f207416be6d2e6f8de32d1f16199bf/config_sentence_transformers.json "HTTP/1.1 200 OK"
2026-04-01 19:03:39,429 - INFO - httpx - _send_single_request - HTTP Request: HEAD https://huggingface.co/sentence-transformers/all-MiniLM-L6-v2/resolve/main/config_sentence_transformers.json "HTTP/1.1 307 Temporary Redirect"
2026-04-01 19:03:39,437 - INFO - httpx - _send_single_request - HTTP Request: HEAD https://huggingface.co/api/resolve-cache/models/sentence-transformers/all-MiniLM-L6-v2/c9745ed1d9f207416be6d2e6f8de32d1f16199bf/config_sentence_transformers.json "HTTP/1.1 200 OK"
2026-04-01 19:03:39,665 - INFO - httpx - _send_single_request - HTTP Request: HEAD https://huggingface.co/sentence-transformers/all-MiniLM-L6-v2/resolve/main/README.md "HTTP/1.1 307 Temporary Redirect"
2026-04-01 19:03:39,681 - INFO - httpx - _send_single_request - HTTP Request: HEAD https://huggingface.co/api/resolve-cache/models/sentence-transformers/all-MiniLM-L6-v2/c9745ed1d9f207416be6d2e6f8de32d1f16199bf/README.md "HTTP/1.1 200 OK"
2026-04-01 19:03:39,916 - INFO - httpx - _send_single_request - HTTP Request: HEAD https://huggingface.co/sentence-transformers/all-MiniLM-L6-v2/resolve/main/modules.json "HTTP/1.1 307 Temporary Redirect"
2026-04-01 19:03:39,932 - INFO - httpx - _send_single_request - HTTP Request: HEAD https://huggingface.co/api/resolve-cache/models/sentence-transformers/all-MiniLM-L6-v2/c9745ed1d9f207416be6d2e6f8de32d1f16199bf/modules.json "HTTP/1.1 200 OK"
2026-04-01 19:03:40,182 - INFO - httpx - _send_single_request - HTTP Request: HEAD https://huggingface.co/sentence-transformers/all-MiniLM-L6-v2/resolve/main/sentence_bert_config.json "HTTP/1.1 307 Temporary Redirect"
2026-04-01 19:03:40,192 - INFO - httpx - _send_single_request - HTTP Request: HEAD https://huggingface.co/api/resolve-cache/models/sentence-transformers/all-MiniLM-L6-v2/c9745ed1d9f207416be6d2e6f8de32d1f16199bf/sentence_bert_config.json "HTTP/1.1 200 OK"
2026-04-01 19:03:40,431 - INFO - httpx - _send_single_request - HTTP Request: HEAD https://huggingface.co/sentence-transformers/all-MiniLM-L6-v2/resolve/main/adapter_config.json "HTTP/1.1 404 Not Found"
2026-04-01 19:03:40,665 - INFO - httpx - _send_single_request - HTTP Request: HEAD https://huggingface.co/sentence-transformers/all-MiniLM-L6-v2/resolve/main/config.json "HTTP/1.1 307 Temporary Redirect"
2026-04-01 19:03:40,673 - INFO - httpx - _send_single_request - HTTP Request: HEAD https://huggingface.co/api/resolve-cache/models/sentence-transformers/all-MiniLM-L6-v2/c9745ed1d9f207416be6d2e6f8de32d1f16199bf/config.json "HTTP/1.1 200 OK"
2026-04-01 19:03:40,962 - INFO - httpx - _send_single_request - HTTP Request: HEAD https://huggingface.co/sentence-transformers/all-MiniLM-L6-v2/resolve/main/config.json "HTTP/1.1 307 Temporary Redirect"
2026-04-01 19:03:40,977 - INFO - httpx - _send_single_request - HTTP Request: HEAD https://huggingface.co/api/resolve-cache/models/sentence-transformers/all-MiniLM-L6-v2/c9745ed1d9f207416be6d2e6f8de32d1f16199bf/config.json "HTTP/1.1 200 OK"
2026-04-01 19:03:41,286 - INFO - httpx - _send_single_request - HTTP Request: HEAD https://huggingface.co/sentence-transformers/all-MiniLM-L6-v2/resolve/main/tokenizer_config.json "HTTP/1.1 307 Temporary Redirect"
2026-04-01 19:03:41,290 - INFO - httpx - _send_single_request - HTTP Request: HEAD https://huggingface.co/api/resolve-cache/models/sentence-transformers/all-MiniLM-L6-v2/c9745ed1d9f207416be6d2e6f8de32d1f16199bf/tokenizer_config.json "HTTP/1.1 200 OK"
2026-04-01 19:03:41,540 - INFO - httpx - _send_single_request - HTTP Request: GET https://huggingface.co/api/models/sentence-transformers/all-MiniLM-L6-v2/tree/main/additional_chat_templates?recursive=false&expand=false "HTTP/1.1 404 Not Found"
2026-04-01 19:03:41,775 - INFO - httpx - _send_single_request - HTTP Request: GET https://huggingface.co/api/models/sentence-transformers/all-MiniLM-L6-v2/tree/main?recursive=true&expand=false "HTTP/1.1 200 OK"
2026-04-01 19:03:42,134 - INFO - httpx - _send_single_request - HTTP Request: HEAD https://huggingface.co/sentence-transformers/all-MiniLM-L6-v2/resolve/main/1_Pooling/config.json "HTTP/1.1 307 Temporary Redirect"
2026-04-01 19:03:42,134 - INFO - httpx - _send_single_request - HTTP Request: HEAD https://huggingface.co/api/resolve-cache/models/sentence-transformers/all-MiniLM-L6-v2/c9745ed1d9f207416be6d2e6f8de32d1f16199bf/1_Pooling%2Fconfig.json "HTTP/1.1 200 OK"
2026-04-01 19:03:42,383 - INFO - httpx - _send_single_request - HTTP Request: GET https://huggingface.co/api/models/sentence-transformers/all-MiniLM-L6-v2 "HTTP/1.1 200 OK"
2026-04-01 19:03:42,423 - INFO - chatbot_app - log_requests - Request end: POST /upload - Status 200 - Time 12.835s
2026-04-01 19:03:42,440 - INFO - chatbot_app - log_requests - Request start: GET /files
2026-04-01 19:03:42,442 - INFO - chatbot_app - log_requests - Request end: GET /files - Status 200 - Time 0.001s
2026-04-01 19:03:44,528 - INFO - chatbot_app - log_requests - Request start: GET /files
2026-04-01 19:03:44,529 - INFO - chatbot_app - log_requests - Request end: GET /files - Status 200 - Time 0.001s
2026-04-01 19:03:49,801 - INFO - chatbot_app - log_requests - Request start: DELETE /delete/JS Notes 1.pdf
2026-04-01 19:03:50,062 - INFO - sentence_transformers.SentenceTransformer - __init__ - Use pytorch device_name: cpu
2026-04-01 19:03:50,062 - INFO - sentence_transformers.SentenceTransformer - __init__ - Load pretrained SentenceTransformer: sentence-transformers/all-MiniLM-L6-v2
2026-04-01 19:03:50,729 - INFO - httpx - _send_single_request - HTTP Request: HEAD https://huggingface.co/sentence-transformers/all-MiniLM-L6-v2/resolve/main/modules.json "HTTP/1.1 307 Temporary Redirect"
2026-04-01 19:03:50,763 - INFO - httpx - _send_single_request - HTTP Request: HEAD https://huggingface.co/api/resolve-cache/models/sentence-transformers/all-MiniLM-L6-v2/c9745ed1d9f207416be6d2e6f8de32d1f16199bf/modules.json "HTTP/1.1 200 OK"
2026-04-01 19:03:51,057 - INFO - httpx - _send_single_request - HTTP Request: HEAD https://huggingface.co/sentence-transformers/all-MiniLM-L6-v2/resolve/main/config_sentence_transformers.json "HTTP/1.1 307 Temporary Redirect"
2026-04-01 19:03:51,086 - INFO - httpx - _send_single_request - HTTP Request: HEAD https://huggingface.co/api/resolve-cache/models/sentence-transformers/all-MiniLM-L6-v2/c9745ed1d9f207416be6d2e6f8de32d1f16199bf/config_sentence_transformers.json "HTTP/1.1 200 OK"
2026-04-01 19:03:51,369 - INFO - httpx - _send_single_request - HTTP Request: HEAD https://huggingface.co/sentence-transformers/all-MiniLM-L6-v2/resolve/main/config_sentence_transformers.json "HTTP/1.1 307 Temporary Redirect"
2026-04-01 19:03:51,402 - INFO - httpx - _send_single_request - HTTP Request: HEAD https://huggingface.co/api/resolve-cache/models/sentence-transformers/all-MiniLM-L6-v2/c9745ed1d9f207416be6d2e6f8de32d1f16199bf/config_sentence_transformers.json "HTTP/1.1 200 OK"
2026-04-01 19:03:51,688 - INFO - httpx - _send_single_request - HTTP Request: HEAD https://huggingface.co/sentence-transformers/all-MiniLM-L6-v2/resolve/main/README.md "HTTP/1.1 307 Temporary Redirect"
2026-04-01 19:03:51,721 - INFO - httpx - _send_single_request - HTTP Request: HEAD https://huggingface.co/api/resolve-cache/models/sentence-transformers/all-MiniLM-L6-v2/c9745ed1d9f207416be6d2e6f8de32d1f16199bf/README.md "HTTP/1.1 200 OK"
2026-04-01 19:03:52,007 - INFO - httpx - _send_single_request - HTTP Request: HEAD https://huggingface.co/sentence-transformers/all-MiniLM-L6-v2/resolve/main/modules.json "HTTP/1.1 307 Temporary Redirect"
2026-04-01 19:03:52,041 - INFO - httpx - _send_single_request - HTTP Request: HEAD https://huggingface.co/api/resolve-cache/models/sentence-transformers/all-MiniLM-L6-v2/c9745ed1d9f207416be6d2e6f8de32d1f16199bf/modules.json "HTTP/1.1 200 OK"
2026-04-01 19:03:52,322 - INFO - httpx - _send_single_request - HTTP Request: HEAD https://huggingface.co/sentence-transformers/all-MiniLM-L6-v2/resolve/main/sentence_bert_config.json "HTTP/1.1 307 Temporary Redirect"
2026-04-01 19:03:52,362 - INFO - httpx - _send_single_request - HTTP Request: HEAD https://huggingface.co/api/resolve-cache/models/sentence-transformers/all-MiniLM-L6-v2/c9745ed1d9f207416be6d2e6f8de32d1f16199bf/sentence_bert_config.json "HTTP/1.1 200 OK"
2026-04-01 19:03:52,652 - INFO - httpx - _send_single_request - HTTP Request: HEAD https://huggingface.co/sentence-transformers/all-MiniLM-L6-v2/resolve/main/adapter_config.json "HTTP/1.1 404 Not Found"
2026-04-01 19:03:52,937 - INFO - httpx - _send_single_request - HTTP Request: HEAD https://huggingface.co/sentence-transformers/all-MiniLM-L6-v2/resolve/main/config.json "HTTP/1.1 307 Temporary Redirect"
2026-04-01 19:03:52,963 - INFO - httpx - _send_single_request - HTTP Request: HEAD https://huggingface.co/api/resolve-cache/models/sentence-transformers/all-MiniLM-L6-v2/c9745ed1d9f207416be6d2e6f8de32d1f16199bf/config.json "HTTP/1.1 200 OK"
2026-04-01 19:03:53,305 - INFO - httpx - _send_single_request - HTTP Request: HEAD https://huggingface.co/sentence-transformers/all-MiniLM-L6-v2/resolve/main/config.json "HTTP/1.1 307 Temporary Redirect"
2026-04-01 19:03:53,337 - INFO - httpx - _send_single_request - HTTP Request: HEAD https://huggingface.co/api/resolve-cache/models/sentence-transformers/all-MiniLM-L6-v2/c9745ed1d9f207416be6d2e6f8de32d1f16199bf/config.json "HTTP/1.1 200 OK"
2026-04-01 19:03:53,618 - INFO - httpx - _send_single_request - HTTP Request: HEAD https://huggingface.co/sentence-transformers/all-MiniLM-L6-v2/resolve/main/tokenizer_config.json "HTTP/1.1 307 Temporary Redirect"
2026-04-01 19:03:53,650 - INFO - httpx - _send_single_request - HTTP Request: HEAD https://huggingface.co/api/resolve-cache/models/sentence-transformers/all-MiniLM-L6-v2/c9745ed1d9f207416be6d2e6f8de32d1f16199bf/tokenizer_config.json "HTTP/1.1 200 OK"
2026-04-01 19:03:53,947 - INFO - httpx - _send_single_request - HTTP Request: GET https://huggingface.co/api/models/sentence-transformers/all-MiniLM-L6-v2/tree/main/additional_chat_templates?recursive=false&expand=false "HTTP/1.1 404 Not Found"
2026-04-01 19:03:54,242 - INFO - httpx - _send_single_request - HTTP Request: GET https://huggingface.co/api/models/sentence-transformers/all-MiniLM-L6-v2/tree/main?recursive=true&expand=false "HTTP/1.1 200 OK"
2026-04-01 19:03:54,667 - INFO - httpx - _send_single_request - HTTP Request: HEAD https://huggingface.co/sentence-transformers/all-MiniLM-L6-v2/resolve/main/1_Pooling/config.json "HTTP/1.1 307 Temporary Redirect"
2026-04-01 19:03:54,698 - INFO - httpx - _send_single_request - HTTP Request: HEAD https://huggingface.co/api/resolve-cache/models/sentence-transformers/all-MiniLM-L6-v2/c9745ed1d9f207416be6d2e6f8de32d1f16199bf/1_Pooling%2Fconfig.json "HTTP/1.1 200 OK"
2026-04-01 19:03:54,992 - INFO - httpx - _send_single_request - HTTP Request: GET https://huggingface.co/api/models/sentence-transformers/all-MiniLM-L6-v2 "HTTP/1.1 200 OK"
2026-04-01 19:03:55,599 - INFO - sentence_transformers.SentenceTransformer - __init__ - Use pytorch device_name: cpu
2026-04-01 19:03:55,599 - INFO - sentence_transformers.SentenceTransformer - __init__ - Load pretrained SentenceTransformer: sentence-transformers/all-MiniLM-L6-v2
2026-04-01 19:03:55,878 - INFO - httpx - _send_single_request - HTTP Request: HEAD https://huggingface.co/sentence-transformers/all-MiniLM-L6-v2/resolve/main/modules.json "HTTP/1.1 307 Temporary Redirect"
2026-04-01 19:03:55,912 - INFO - httpx - _send_single_request - HTTP Request: HEAD https://huggingface.co/api/resolve-cache/models/sentence-transformers/all-MiniLM-L6-v2/c9745ed1d9f207416be6d2e6f8de32d1f16199bf/modules.json "HTTP/1.1 200 OK"
2026-04-01 19:03:56,203 - INFO - httpx - _send_single_request - HTTP Request: HEAD https://huggingface.co/sentence-transformers/all-MiniLM-L6-v2/resolve/main/config_sentence_transformers.json "HTTP/1.1 307 Temporary Redirect"
2026-04-01 19:03:56,230 - INFO - httpx - _send_single_request - HTTP Request: HEAD https://huggingface.co/api/resolve-cache/models/sentence-transformers/all-MiniLM-L6-v2/c9745ed1d9f207416be6d2e6f8de32d1f16199bf/config_sentence_transformers.json "HTTP/1.1 200 OK"
2026-04-01 19:03:56,509 - INFO - httpx - _send_single_request - HTTP Request: HEAD https://huggingface.co/sentence-transformers/all-MiniLM-L6-v2/resolve/main/config_sentence_transformers.json "HTTP/1.1 307 Temporary Redirect"
2026-04-01 19:03:56,549 - INFO - httpx - _send_single_request - HTTP Request: HEAD https://huggingface.co/api/resolve-cache/models/sentence-transformers/all-MiniLM-L6-v2/c9745ed1d9f207416be6d2e6f8de32d1f16199bf/config_sentence_transformers.json "HTTP/1.1 200 OK"
2026-04-01 19:03:56,823 - INFO - httpx - _send_single_request - HTTP Request: HEAD https://huggingface.co/sentence-transformers/all-MiniLM-L6-v2/resolve/main/README.md "HTTP/1.1 307 Temporary Redirect"
2026-04-01 19:03:56,847 - INFO - httpx - _send_single_request - HTTP Request: HEAD https://huggingface.co/api/resolve-cache/models/sentence-transformers/all-MiniLM-L6-v2/c9745ed1d9f207416be6d2e6f8de32d1f16199bf/README.md "HTTP/1.1 200 OK"
2026-04-01 19:03:57,139 - INFO - httpx - _send_single_request - HTTP Request: HEAD https://huggingface.co/sentence-transformers/all-MiniLM-L6-v2/resolve/main/modules.json "HTTP/1.1 307 Temporary Redirect"
2026-04-01 19:03:57,175 - INFO - httpx - _send_single_request - HTTP Request: HEAD https://huggingface.co/api/resolve-cache/models/sentence-transformers/all-MiniLM-L6-v2/c9745ed1d9f207416be6d2e6f8de32d1f16199bf/modules.json "HTTP/1.1 200 OK"
2026-04-01 19:03:57,446 - INFO - httpx - _send_single_request - HTTP Request: HEAD https://huggingface.co/sentence-transformers/all-MiniLM-L6-v2/resolve/main/sentence_bert_config.json "HTTP/1.1 307 Temporary Redirect"
2026-04-01 19:03:57,498 - INFO - httpx - _send_single_request - HTTP Request: HEAD https://huggingface.co/api/resolve-cache/models/sentence-transformers/all-MiniLM-L6-v2/c9745ed1d9f207416be6d2e6f8de32d1f16199bf/sentence_bert_config.json "HTTP/1.1 200 OK"
2026-04-01 19:03:57,771 - INFO - httpx - _send_single_request - HTTP Request: HEAD https://huggingface.co/sentence-transformers/all-MiniLM-L6-v2/resolve/main/adapter_config.json "HTTP/1.1 404 Not Found"
2026-04-01 19:03:58,068 - INFO - httpx - _send_single_request - HTTP Request: HEAD https://huggingface.co/sentence-transformers/all-MiniLM-L6-v2/resolve/main/config.json "HTTP/1.1 307 Temporary Redirect"
2026-04-01 19:03:58,102 - INFO - httpx - _send_single_request - HTTP Request: HEAD https://huggingface.co/api/resolve-cache/models/sentence-transformers/all-MiniLM-L6-v2/c9745ed1d9f207416be6d2e6f8de32d1f16199bf/config.json "HTTP/1.1 200 OK"
2026-04-01 19:03:58,589 - INFO - httpx - _send_single_request - HTTP Request: HEAD https://huggingface.co/sentence-transformers/all-MiniLM-L6-v2/resolve/main/config.json "HTTP/1.1 307 Temporary Redirect"
2026-04-01 19:03:58,617 - INFO - httpx - _send_single_request - HTTP Request: HEAD https://huggingface.co/api/resolve-cache/models/sentence-transformers/all-MiniLM-L6-v2/c9745ed1d9f207416be6d2e6f8de32d1f16199bf/config.json "HTTP/1.1 200 OK"
2026-04-01 19:03:58,905 - INFO - httpx - _send_single_request - HTTP Request: HEAD https://huggingface.co/sentence-transformers/all-MiniLM-L6-v2/resolve/main/tokenizer_config.json "HTTP/1.1 307 Temporary Redirect"
2026-04-01 19:03:58,937 - INFO - httpx - _send_single_request - HTTP Request: HEAD https://huggingface.co/api/resolve-cache/models/sentence-transformers/all-MiniLM-L6-v2/c9745ed1d9f207416be6d2e6f8de32d1f16199bf/tokenizer_config.json "HTTP/1.1 200 OK"
2026-04-01 19:03:59,211 - INFO - httpx - _send_single_request - HTTP Request: GET https://huggingface.co/api/models/sentence-transformers/all-MiniLM-L6-v2/tree/main/additional_chat_templates?recursive=false&expand=false "HTTP/1.1 404 Not Found"
2026-04-01 19:03:59,510 - INFO - httpx - _send_single_request - HTTP Request: GET https://huggingface.co/api/models/sentence-transformers/all-MiniLM-L6-v2/tree/main?recursive=true&expand=false "HTTP/1.1 200 OK"
2026-04-01 19:03:59,868 - INFO - httpx - _send_single_request - HTTP Request: HEAD https://huggingface.co/sentence-transformers/all-MiniLM-L6-v2/resolve/main/1_Pooling/config.json "HTTP/1.1 307 Temporary Redirect"
2026-04-01 19:03:59,901 - INFO - httpx - _send_single_request - HTTP Request: HEAD https://huggingface.co/api/resolve-cache/models/sentence-transformers/all-MiniLM-L6-v2/c9745ed1d9f207416be6d2e6f8de32d1f16199bf/1_Pooling%2Fconfig.json "HTTP/1.1 200 OK"
2026-04-01 19:04:00,190 - INFO - httpx - _send_single_request - HTTP Request: GET https://huggingface.co/api/models/sentence-transformers/all-MiniLM-L6-v2 "HTTP/1.1 200 OK"
2026-04-01 19:04:00,220 - INFO - chatbot_app - log_requests - Request end: DELETE /delete/JS Notes 1.pdf - Status 200 - Time 10.420s
2026-04-01 19:04:00,246 - INFO - chatbot_app - log_requests - Request start: GET /files
2026-04-01 19:04:00,246 - INFO - chatbot_app - log_requests - Request end: GET /files - Status 200 - Time 0.000s
2026-04-01 19:04:06,333 - INFO - chatbot_app - log_requests - Request start: GET /files
2026-04-01 19:04:06,336 - INFO - chatbot_app - log_requests - Request end: GET /files - Status 200 - Time 0.003s
2026-04-01 19:06:52,590 - INFO - chatbot_app - log_requests - Request start: GET /files
2026-04-01 19:06:52,596 - INFO - chatbot_app - log_requests - Request end: GET /files - Status 200 - Time 0.005s
2026-04-01 19:07:14,578 - INFO - chatbot_app - log_requests - Request start: GET /files
2026-04-01 19:07:14,579 - INFO - chatbot_app - log_requests - Request end: GET /files - Status 200 - Time 0.002s
2026-04-01 19:08:57,197 - INFO - chatbot_app - log_requests - Request start: GET /files
2026-04-01 19:08:57,200 - INFO - chatbot_app - log_requests - Request end: GET /files - Status 200 - Time 0.002s
2026-04-01 19:10:17,787 - INFO - chatbot_app - log_requests - Request start: GET /files
2026-04-01 19:10:17,789 - INFO - chatbot_app - log_requests - Request end: GET /files - Status 200 - Time 0.002s
2026-04-01 19:10:18,365 - INFO - chatbot_app - log_requests - Request start: GET /files
2026-04-01 19:10:18,367 - INFO - chatbot_app - log_requests - Request end: GET /files - Status 200 - Time 0.002s
2026-04-01 19:10:18,568 - INFO - chatbot_app - log_requests - Request start: GET /files
2026-04-01 19:10:18,570 - INFO - chatbot_app - log_requests - Request end: GET /files - Status 200 - Time 0.001s
2026-04-01 19:10:18,904 - INFO - chatbot_app - log_requests - Request start: GET /files
2026-04-01 19:10:18,914 - INFO - chatbot_app - log_requests - Request end: GET /files - Status 200 - Time 0.010s
2026-04-01 19:10:55,649 - INFO - chatbot_app - log_requests - Request start: POST /upload
2026-04-01 19:10:56,069 - INFO - sentence_transformers.SentenceTransformer - __init__ - Use pytorch device_name: cpu
2026-04-01 19:10:56,069 - INFO - sentence_transformers.SentenceTransformer - __init__ - Load pretrained SentenceTransformer: sentence-transformers/all-MiniLM-L6-v2
2026-04-01 19:10:56,815 - INFO - httpx - _send_single_request - HTTP Request: HEAD https://huggingface.co/sentence-transformers/all-MiniLM-L6-v2/resolve/main/modules.json "HTTP/1.1 307 Temporary Redirect"
2026-04-01 19:10:56,901 - INFO - httpx - _send_single_request - HTTP Request: HEAD https://huggingface.co/api/resolve-cache/models/sentence-transformers/all-MiniLM-L6-v2/c9745ed1d9f207416be6d2e6f8de32d1f16199bf/modules.json "HTTP/1.1 200 OK"
2026-04-01 19:10:57,227 - INFO - httpx - _send_single_request - HTTP Request: HEAD https://huggingface.co/sentence-transformers/all-MiniLM-L6-v2/resolve/main/config_sentence_transformers.json "HTTP/1.1 307 Temporary Redirect"
2026-04-01 19:10:57,305 - INFO - httpx - _send_single_request - HTTP Request: HEAD https://huggingface.co/api/resolve-cache/models/sentence-transformers/all-MiniLM-L6-v2/c9745ed1d9f207416be6d2e6f8de32d1f16199bf/config_sentence_transformers.json "HTTP/1.1 200 OK"
2026-04-01 19:10:57,617 - INFO - httpx - _send_single_request - HTTP Request: HEAD https://huggingface.co/sentence-transformers/all-MiniLM-L6-v2/resolve/main/config_sentence_transformers.json "HTTP/1.1 307 Temporary Redirect"
2026-04-01 19:10:57,697 - INFO - httpx - _send_single_request - HTTP Request: HEAD https://huggingface.co/api/resolve-cache/models/sentence-transformers/all-MiniLM-L6-v2/c9745ed1d9f207416be6d2e6f8de32d1f16199bf/config_sentence_transformers.json "HTTP/1.1 200 OK"
2026-04-01 19:10:58,009 - INFO - httpx - _send_single_request - HTTP Request: HEAD https://huggingface.co/sentence-transformers/all-MiniLM-L6-v2/resolve/main/README.md "HTTP/1.1 307 Temporary Redirect"
2026-04-01 19:10:58,096 - INFO - httpx - _send_single_request - HTTP Request: HEAD https://huggingface.co/api/resolve-cache/models/sentence-transformers/all-MiniLM-L6-v2/c9745ed1d9f207416be6d2e6f8de32d1f16199bf/README.md "HTTP/1.1 200 OK"
2026-04-01 19:10:58,398 - INFO - httpx - _send_single_request - HTTP Request: HEAD https://huggingface.co/sentence-transformers/all-MiniLM-L6-v2/resolve/main/modules.json "HTTP/1.1 307 Temporary Redirect"
2026-04-01 19:10:58,477 - INFO - httpx - _send_single_request - HTTP Request: HEAD https://huggingface.co/api/resolve-cache/models/sentence-transformers/all-MiniLM-L6-v2/c9745ed1d9f207416be6d2e6f8de32d1f16199bf/modules.json "HTTP/1.1 200 OK"
2026-04-01 19:10:58,774 - INFO - httpx - _send_single_request - HTTP Request: HEAD https://huggingface.co/sentence-transformers/all-MiniLM-L6-v2/resolve/main/sentence_bert_config.json "HTTP/1.1 307 Temporary Redirect"
2026-04-01 19:10:58,859 - INFO - httpx - _send_single_request - HTTP Request: HEAD https://huggingface.co/api/resolve-cache/models/sentence-transformers/all-MiniLM-L6-v2/c9745ed1d9f207416be6d2e6f8de32d1f16199bf/sentence_bert_config.json "HTTP/1.1 200 OK"
2026-04-01 19:10:59,176 - INFO - httpx - _send_single_request - HTTP Request: HEAD https://huggingface.co/sentence-transformers/all-MiniLM-L6-v2/resolve/main/adapter_config.json "HTTP/1.1 404 Not Found"
2026-04-01 19:10:59,486 - INFO - httpx - _send_single_request - HTTP Request: HEAD https://huggingface.co/sentence-transformers/all-MiniLM-L6-v2/resolve/main/config.json "HTTP/1.1 307 Temporary Redirect"
2026-04-01 19:10:59,580 - INFO - httpx - _send_single_request - HTTP Request: HEAD https://huggingface.co/api/resolve-cache/models/sentence-transformers/all-MiniLM-L6-v2/c9745ed1d9f207416be6d2e6f8de32d1f16199bf/config.json "HTTP/1.1 200 OK"
2026-04-01 19:10:59,929 - INFO - httpx - _send_single_request - HTTP Request: HEAD https://huggingface.co/sentence-transformers/all-MiniLM-L6-v2/resolve/main/config.json "HTTP/1.1 307 Temporary Redirect"
2026-04-01 19:11:00,018 - INFO - httpx - _send_single_request - HTTP Request: HEAD https://huggingface.co/api/resolve-cache/models/sentence-transformers/all-MiniLM-L6-v2/c9745ed1d9f207416be6d2e6f8de32d1f16199bf/config.json "HTTP/1.1 200 OK"
2026-04-01 19:11:00,322 - INFO - httpx - _send_single_request - HTTP Request: HEAD https://huggingface.co/sentence-transformers/all-MiniLM-L6-v2/resolve/main/tokenizer_config.json "HTTP/1.1 307 Temporary Redirect"
2026-04-01 19:11:00,415 - INFO - httpx - _send_single_request - HTTP Request: HEAD https://huggingface.co/api/resolve-cache/models/sentence-transformers/all-MiniLM-L6-v2/c9745ed1d9f207416be6d2e6f8de32d1f16199bf/tokenizer_config.json "HTTP/1.1 200 OK"
2026-04-01 19:11:00,737 - INFO - httpx - _send_single_request - HTTP Request: GET https://huggingface.co/api/models/sentence-transformers/all-MiniLM-L6-v2/tree/main/additional_chat_templates?recursive=false&expand=false "HTTP/1.1 404 Not Found"
2026-04-01 19:11:01,041 - INFO - httpx - _send_single_request - HTTP Request: GET https://huggingface.co/api/models/sentence-transformers/all-MiniLM-L6-v2/tree/main?recursive=true&expand=false "HTTP/1.1 200 OK"
2026-04-01 19:11:01,435 - INFO - httpx - _send_single_request - HTTP Request: HEAD https://huggingface.co/sentence-transformers/all-MiniLM-L6-v2/resolve/main/1_Pooling/config.json "HTTP/1.1 307 Temporary Redirect"
2026-04-01 19:11:01,512 - INFO - httpx - _send_single_request - HTTP Request: HEAD https://huggingface.co/api/resolve-cache/models/sentence-transformers/all-MiniLM-L6-v2/c9745ed1d9f207416be6d2e6f8de32d1f16199bf/1_Pooling%2Fconfig.json "HTTP/1.1 200 OK"
2026-04-01 19:11:01,830 - INFO - httpx - _send_single_request - HTTP Request: GET https://huggingface.co/api/models/sentence-transformers/all-MiniLM-L6-v2 "HTTP/1.1 200 OK"
2026-04-01 19:11:02,975 - INFO - sentence_transformers.SentenceTransformer - __init__ - Use pytorch device_name: cpu
2026-04-01 19:11:02,975 - INFO - sentence_transformers.SentenceTransformer - __init__ - Load pretrained SentenceTransformer: sentence-transformers/all-MiniLM-L6-v2
2026-04-01 19:11:03,274 - INFO - httpx - _send_single_request - HTTP Request: HEAD https://huggingface.co/sentence-transformers/all-MiniLM-L6-v2/resolve/main/modules.json "HTTP/1.1 307 Temporary Redirect"
2026-04-01 19:11:03,354 - INFO - httpx - _send_single_request - HTTP Request: HEAD https://huggingface.co/api/resolve-cache/models/sentence-transformers/all-MiniLM-L6-v2/c9745ed1d9f207416be6d2e6f8de32d1f16199bf/modules.json "HTTP/1.1 200 OK"
2026-04-01 19:11:03,666 - INFO - httpx - _send_single_request - HTTP Request: HEAD https://huggingface.co/sentence-transformers/all-MiniLM-L6-v2/resolve/main/config_sentence_transformers.json "HTTP/1.1 307 Temporary Redirect"
2026-04-01 19:11:03,751 - INFO - httpx - _send_single_request - HTTP Request: HEAD https://huggingface.co/api/resolve-cache/models/sentence-transformers/all-MiniLM-L6-v2/c9745ed1d9f207416be6d2e6f8de32d1f16199bf/config_sentence_transformers.json "HTTP/1.1 200 OK"
2026-04-01 19:11:04,055 - INFO - httpx - _send_single_request - HTTP Request: HEAD https://huggingface.co/sentence-transformers/all-MiniLM-L6-v2/resolve/main/config_sentence_transformers.json "HTTP/1.1 307 Temporary Redirect"
2026-04-01 19:11:04,145 - INFO - httpx - _send_single_request - HTTP Request: HEAD https://huggingface.co/api/resolve-cache/models/sentence-transformers/all-MiniLM-L6-v2/c9745ed1d9f207416be6d2e6f8de32d1f16199bf/config_sentence_transformers.json "HTTP/1.1 200 OK"
2026-04-01 19:11:04,455 - INFO - httpx - _send_single_request - HTTP Request: HEAD https://huggingface.co/sentence-transformers/all-MiniLM-L6-v2/resolve/main/README.md "HTTP/1.1 307 Temporary Redirect"
2026-04-01 19:11:04,525 - INFO - httpx - _send_single_request - HTTP Request: HEAD https://huggingface.co/api/resolve-cache/models/sentence-transformers/all-MiniLM-L6-v2/c9745ed1d9f207416be6d2e6f8de32d1f16199bf/README.md "HTTP/1.1 200 OK"
2026-04-01 19:11:04,852 - INFO - httpx - _send_single_request - HTTP Request: HEAD https://huggingface.co/sentence-transformers/all-MiniLM-L6-v2/resolve/main/modules.json "HTTP/1.1 307 Temporary Redirect"
2026-04-01 19:11:04,931 - INFO - httpx - _send_single_request - HTTP Request: HEAD https://huggingface.co/api/resolve-cache/models/sentence-transformers/all-MiniLM-L6-v2/c9745ed1d9f207416be6d2e6f8de32d1f16199bf/modules.json "HTTP/1.1 200 OK"
2026-04-01 19:11:05,239 - INFO - httpx - _send_single_request - HTTP Request: HEAD https://huggingface.co/sentence-transformers/all-MiniLM-L6-v2/resolve/main/sentence_bert_config.json "HTTP/1.1 307 Temporary Redirect"
2026-04-01 19:11:05,306 - INFO - httpx - _send_single_request - HTTP Request: HEAD https://huggingface.co/api/resolve-cache/models/sentence-transformers/all-MiniLM-L6-v2/c9745ed1d9f207416be6d2e6f8de32d1f16199bf/sentence_bert_config.json "HTTP/1.1 200 OK"
2026-04-01 19:11:05,639 - INFO - httpx - _send_single_request - HTTP Request: HEAD https://huggingface.co/sentence-transformers/all-MiniLM-L6-v2/resolve/main/adapter_config.json "HTTP/1.1 404 Not Found"
2026-04-01 19:11:05,946 - INFO - httpx - _send_single_request - HTTP Request: HEAD https://huggingface.co/sentence-transformers/all-MiniLM-L6-v2/resolve/main/config.json "HTTP/1.1 307 Temporary Redirect"
2026-04-01 19:11:06,024 - INFO - httpx - _send_single_request - HTTP Request: HEAD https://huggingface.co/api/resolve-cache/models/sentence-transformers/all-MiniLM-L6-v2/c9745ed1d9f207416be6d2e6f8de32d1f16199bf/config.json "HTTP/1.1 200 OK"
2026-04-01 19:11:06,400 - INFO - httpx - _send_single_request - HTTP Request: HEAD https://huggingface.co/sentence-transformers/all-MiniLM-L6-v2/resolve/main/config.json "HTTP/1.1 307 Temporary Redirect"
2026-04-01 19:11:06,477 - INFO - httpx - _send_single_request - HTTP Request: HEAD https://huggingface.co/api/resolve-cache/models/sentence-transformers/all-MiniLM-L6-v2/c9745ed1d9f207416be6d2e6f8de32d1f16199bf/config.json "HTTP/1.1 200 OK"
2026-04-01 19:11:06,806 - INFO - httpx - _send_single_request - HTTP Request: HEAD https://huggingface.co/sentence-transformers/all-MiniLM-L6-v2/resolve/main/tokenizer_config.json "HTTP/1.1 307 Temporary Redirect"
2026-04-01 19:11:06,883 - INFO - httpx - _send_single_request - HTTP Request: HEAD https://huggingface.co/api/resolve-cache/models/sentence-transformers/all-MiniLM-L6-v2/c9745ed1d9f207416be6d2e6f8de32d1f16199bf/tokenizer_config.json "HTTP/1.1 200 OK"
2026-04-01 19:11:07,207 - INFO - httpx - _send_single_request - HTTP Request: GET https://huggingface.co/api/models/sentence-transformers/all-MiniLM-L6-v2/tree/main/additional_chat_templates?recursive=false&expand=false "HTTP/1.1 404 Not Found"
2026-04-01 19:11:07,523 - INFO - httpx - _send_single_request - HTTP Request: GET https://huggingface.co/api/models/sentence-transformers/all-MiniLM-L6-v2/tree/main?recursive=true&expand=false "HTTP/1.1 200 OK"
2026-04-01 19:11:07,916 - INFO - httpx - _send_single_request - HTTP Request: HEAD https://huggingface.co/sentence-transformers/all-MiniLM-L6-v2/resolve/main/1_Pooling/config.json "HTTP/1.1 307 Temporary Redirect"
2026-04-01 19:11:07,991 - INFO - httpx - _send_single_request - HTTP Request: HEAD https://huggingface.co/api/resolve-cache/models/sentence-transformers/all-MiniLM-L6-v2/c9745ed1d9f207416be6d2e6f8de32d1f16199bf/1_Pooling%2Fconfig.json "HTTP/1.1 200 OK"
2026-04-01 19:11:08,305 - INFO - httpx - _send_single_request - HTTP Request: GET https://huggingface.co/api/models/sentence-transformers/all-MiniLM-L6-v2 "HTTP/1.1 200 OK"
2026-04-01 19:11:08,368 - INFO - chatbot_app - log_requests - Request end: POST /upload - Status 200 - Time 12.719s
2026-04-01 19:11:08,390 - INFO - chatbot_app - log_requests - Request start: GET /files
2026-04-01 19:11:08,393 - INFO - chatbot_app - log_requests - Request end: GET /files - Status 200 - Time 0.009s
2026-04-01 19:13:31,939 - INFO - chatbot_app - log_requests - Request start: GET /files
2026-04-01 19:13:31,942 - INFO - chatbot_app - log_requests - Request end: GET /files - Status 200 - Time 0.003s
2026-04-01 19:13:32,583 - INFO - chatbot_app - log_requests - Request start: GET /files
2026-04-01 19:13:32,584 - INFO - chatbot_app - log_requests - Request end: GET /files - Status 200 - Time 0.001s
2026-04-01 19:17:24,703 - INFO - chatbot_app - log_requests - Request start: GET /files
2026-04-01 19:17:24,706 - INFO - chatbot_app - log_requests - Request end: GET /files - Status 200 - Time 0.002s
2026-04-01 19:18:22,330 - INFO - chatbot_app - log_requests - Request start: GET /files
2026-04-01 19:18:22,332 - INFO - chatbot_app - log_requests - Request end: GET /files - Status 200 - Time 0.002s
2026-04-01 19:24:48,251 - INFO - chatbot_app - log_requests - Request start: GET /files
2026-04-01 19:24:48,253 - INFO - chatbot_app - log_requests - Request end: GET /files - Status 200 - Time 0.002s
2026-04-01 19:25:34,477 - INFO - chatbot_app - log_requests - Request start: GET /files
2026-04-01 19:25:34,479 - INFO - chatbot_app - log_requests - Request end: GET /files - Status 200 - Time 0.002s
2026-04-01 19:26:32,380 - INFO - chatbot_app - log_requests - Request start: GET /files
2026-04-01 19:26:32,383 - INFO - chatbot_app - log_requests - Request end: GET /files - Status 200 - Time 0.003s
2026-04-01 19:29:00,984 - INFO - chatbot_app - log_requests - Request start: GET /files
2026-04-01 19:29:00,986 - INFO - chatbot_app - log_requests - Request end: GET /files - Status 200 - Time 0.002s
2026-04-01 19:29:01,130 - INFO - chatbot_app - log_requests - Request start: GET /files
2026-04-01 19:29:01,131 - INFO - chatbot_app - log_requests - Request end: GET /files - Status 200 - Time 0.001s
2026-04-01 19:29:01,270 - INFO - chatbot_app - log_requests - Request start: GET /files
2026-04-01 19:29:01,271 - INFO - chatbot_app - log_requests - Request end: GET /files - Status 200 - Time 0.001s
2026-04-01 19:29:01,447 - INFO - chatbot_app - log_requests - Request start: GET /files
2026-04-01 19:29:01,449 - INFO - chatbot_app - log_requests - Request end: GET /files - Status 200 - Time 0.001s
2026-04-01 19:29:01,555 - INFO - chatbot_app - log_requests - Request start: GET /files
2026-04-01 19:29:01,558 - INFO - chatbot_app - log_requests - Request end: GET /files - Status 200 - Time 0.002s
2026-04-01 19:29:01,657 - INFO - chatbot_app - log_requests - Request start: GET /files
2026-04-01 19:29:01,658 - INFO - chatbot_app - log_requests - Request end: GET /files - Status 200 - Time 0.001s
2026-04-01 19:29:01,843 - INFO - chatbot_app - log_requests - Request start: GET /files
2026-04-01 19:29:01,845 - INFO - chatbot_app - log_requests - Request end: GET /files - Status 200 - Time 0.001s
2026-04-01 19:29:52,361 - INFO - chatbot_app - log_requests - Request start: GET /files
2026-04-01 19:29:52,369 - INFO - chatbot_app - log_requests - Request end: GET /files - Status 200 - Time 0.008s
2026-04-01 19:33:11,895 - INFO - chatbot_app - log_requests - Request start: GET /files
2026-04-01 19:33:11,898 - INFO - chatbot_app - log_requests - Request end: GET /files - Status 200 - Time 0.003s
2026-04-01 19:33:12,130 - INFO - chatbot_app - log_requests - Request start: GET /files
2026-04-01 19:33:12,131 - INFO - chatbot_app - log_requests - Request end: GET /files - Status 200 - Time 0.001s
2026-04-01 19:33:27,013 - INFO - chatbot_app - log_requests - Request start: GET /files
2026-04-01 19:33:27,014 - INFO - chatbot_app - log_requests - Request end: GET /files - Status 200 - Time 0.001s
2026-04-01 19:33:27,279 - INFO - chatbot_app - log_requests - Request start: GET /files
2026-04-01 19:33:27,280 - INFO - chatbot_app - log_requests - Request end: GET /files - Status 200 - Time 0.001s
2026-04-01 20:06:45,099 - INFO - chatbot_app - log_requests - Request start: GET /files
2026-04-01 20:06:45,104 - INFO - chatbot_app - log_requests - Request end: GET /files - Status 200 - Time 0.005s
2026-04-02 10:59:43,310 - INFO - chatbot_app - log_requests - Request start: GET /files
2026-04-02 10:59:43,312 - INFO - chatbot_app - log_requests - Request end: GET /files - Status 200 - Time 0.002s
2026-04-02 11:19:23,163 - INFO - chatbot_app - log_requests - Request start: POST /upload
2026-04-02 11:19:26,938 - INFO - sentence_transformers.SentenceTransformer - __init__ - Use pytorch device_name: cpu
2026-04-02 11:19:26,938 - INFO - sentence_transformers.SentenceTransformer - __init__ - Load pretrained SentenceTransformer: sentence-transformers/all-MiniLM-L6-v2
2026-04-02 11:19:27,351 - INFO - httpx - _send_single_request - HTTP Request: HEAD https://huggingface.co/sentence-transformers/all-MiniLM-L6-v2/resolve/main/modules.json "HTTP/1.1 307 Temporary Redirect"
2026-04-02 11:19:27,360 - INFO - httpx - _send_single_request - HTTP Request: HEAD https://huggingface.co/api/resolve-cache/models/sentence-transformers/all-MiniLM-L6-v2/c9745ed1d9f207416be6d2e6f8de32d1f16199bf/modules.json "HTTP/1.1 200 OK"
2026-04-02 11:19:27,611 - INFO - httpx - _send_single_request - HTTP Request: HEAD https://huggingface.co/sentence-transformers/all-MiniLM-L6-v2/resolve/main/config_sentence_transformers.json "HTTP/1.1 307 Temporary Redirect"
2026-04-02 11:19:27,621 - INFO - httpx - _send_single_request - HTTP Request: HEAD https://huggingface.co/api/resolve-cache/models/sentence-transformers/all-MiniLM-L6-v2/c9745ed1d9f207416be6d2e6f8de32d1f16199bf/config_sentence_transformers.json "HTTP/1.1 200 OK"
2026-04-02 11:19:27,868 - INFO - httpx - _send_single_request - HTTP Request: HEAD https://huggingface.co/sentence-transformers/all-MiniLM-L6-v2/resolve/main/config_sentence_transformers.json "HTTP/1.1 307 Temporary Redirect"
2026-04-02 11:19:27,877 - INFO - httpx - _send_single_request - HTTP Request: HEAD https://huggingface.co/api/resolve-cache/models/sentence-transformers/all-MiniLM-L6-v2/c9745ed1d9f207416be6d2e6f8de32d1f16199bf/config_sentence_transformers.json "HTTP/1.1 200 OK"
2026-04-02 11:19:28,114 - INFO - httpx - _send_single_request - HTTP Request: HEAD https://huggingface.co/sentence-transformers/all-MiniLM-L6-v2/resolve/main/README.md "HTTP/1.1 307 Temporary Redirect"
2026-04-02 11:19:28,123 - INFO - httpx - _send_single_request - HTTP Request: HEAD https://huggingface.co/api/resolve-cache/models/sentence-transformers/all-MiniLM-L6-v2/c9745ed1d9f207416be6d2e6f8de32d1f16199bf/README.md "HTTP/1.1 200 OK"
2026-04-02 11:19:28,396 - INFO - httpx - _send_single_request - HTTP Request: HEAD https://huggingface.co/sentence-transformers/all-MiniLM-L6-v2/resolve/main/modules.json "HTTP/1.1 307 Temporary Redirect"
2026-04-02 11:19:28,405 - INFO - httpx - _send_single_request - HTTP Request: HEAD https://huggingface.co/api/resolve-cache/models/sentence-transformers/all-MiniLM-L6-v2/c9745ed1d9f207416be6d2e6f8de32d1f16199bf/modules.json "HTTP/1.1 200 OK"
2026-04-02 11:19:28,639 - INFO - httpx - _send_single_request - HTTP Request: HEAD https://huggingface.co/sentence-transformers/all-MiniLM-L6-v2/resolve/main/sentence_bert_config.json "HTTP/1.1 307 Temporary Redirect"
2026-04-02 11:19:28,655 - INFO - httpx - _send_single_request - HTTP Request: HEAD https://huggingface.co/api/resolve-cache/models/sentence-transformers/all-MiniLM-L6-v2/c9745ed1d9f207416be6d2e6f8de32d1f16199bf/sentence_bert_config.json "HTTP/1.1 200 OK"
2026-04-02 11:19:28,887 - INFO - httpx - _send_single_request - HTTP Request: HEAD https://huggingface.co/sentence-transformers/all-MiniLM-L6-v2/resolve/main/adapter_config.json "HTTP/1.1 404 Not Found"
2026-04-02 11:19:29,140 - INFO - httpx - _send_single_request - HTTP Request: HEAD https://huggingface.co/sentence-transformers/all-MiniLM-L6-v2/resolve/main/config.json "HTTP/1.1 307 Temporary Redirect"
2026-04-02 11:19:29,152 - INFO - httpx - _send_single_request - HTTP Request: HEAD https://huggingface.co/api/resolve-cache/models/sentence-transformers/all-MiniLM-L6-v2/c9745ed1d9f207416be6d2e6f8de32d1f16199bf/config.json "HTTP/1.1 200 OK"
2026-04-02 11:19:29,466 - INFO - httpx - _send_single_request - HTTP Request: HEAD https://huggingface.co/sentence-transformers/all-MiniLM-L6-v2/resolve/main/config.json "HTTP/1.1 307 Temporary Redirect"
2026-04-02 11:19:29,479 - INFO - httpx - _send_single_request - HTTP Request: HEAD https://huggingface.co/api/resolve-cache/models/sentence-transformers/all-MiniLM-L6-v2/c9745ed1d9f207416be6d2e6f8de32d1f16199bf/config.json "HTTP/1.1 200 OK"
2026-04-02 11:19:29,715 - INFO - httpx - _send_single_request - HTTP Request: HEAD https://huggingface.co/sentence-transformers/all-MiniLM-L6-v2/resolve/main/tokenizer_config.json "HTTP/1.1 307 Temporary Redirect"
2026-04-02 11:19:29,715 - INFO - httpx - _send_single_request - HTTP Request: HEAD https://huggingface.co/api/resolve-cache/models/sentence-transformers/all-MiniLM-L6-v2/c9745ed1d9f207416be6d2e6f8de32d1f16199bf/tokenizer_config.json "HTTP/1.1 200 OK"
2026-04-02 11:19:29,977 - INFO - httpx - _send_single_request - HTTP Request: GET https://huggingface.co/api/models/sentence-transformers/all-MiniLM-L6-v2/tree/main/additional_chat_templates?recursive=false&expand=false "HTTP/1.1 404 Not Found"
2026-04-02 11:19:30,215 - INFO - httpx - _send_single_request - HTTP Request: GET https://huggingface.co/api/models/sentence-transformers/all-MiniLM-L6-v2/tree/main?recursive=true&expand=false "HTTP/1.1 200 OK"
2026-04-02 11:19:30,542 - INFO - httpx - _send_single_request - HTTP Request: HEAD https://huggingface.co/sentence-transformers/all-MiniLM-L6-v2/resolve/main/1_Pooling/config.json "HTTP/1.1 307 Temporary Redirect"
2026-04-02 11:19:30,552 - INFO - httpx - _send_single_request - HTTP Request: HEAD https://huggingface.co/api/resolve-cache/models/sentence-transformers/all-MiniLM-L6-v2/c9745ed1d9f207416be6d2e6f8de32d1f16199bf/1_Pooling%2Fconfig.json "HTTP/1.1 200 OK"
2026-04-02 11:19:30,778 - INFO - httpx - _send_single_request - HTTP Request: GET https://huggingface.co/api/models/sentence-transformers/all-MiniLM-L6-v2 "HTTP/1.1 200 OK"
2026-04-02 11:19:32,514 - INFO - sentence_transformers.SentenceTransformer - __init__ - Use pytorch device_name: cpu
2026-04-02 11:19:32,514 - INFO - sentence_transformers.SentenceTransformer - __init__ - Load pretrained SentenceTransformer: sentence-transformers/all-MiniLM-L6-v2
2026-04-02 11:19:32,747 - INFO - httpx - _send_single_request - HTTP Request: HEAD https://huggingface.co/sentence-transformers/all-MiniLM-L6-v2/resolve/main/modules.json "HTTP/1.1 307 Temporary Redirect"
2026-04-02 11:19:32,747 - INFO - httpx - _send_single_request - HTTP Request: HEAD https://huggingface.co/api/resolve-cache/models/sentence-transformers/all-MiniLM-L6-v2/c9745ed1d9f207416be6d2e6f8de32d1f16199bf/modules.json "HTTP/1.1 200 OK"
2026-04-02 11:19:33,017 - INFO - httpx - _send_single_request - HTTP Request: HEAD https://huggingface.co/sentence-transformers/all-MiniLM-L6-v2/resolve/main/config_sentence_transformers.json "HTTP/1.1 307 Temporary Redirect"
2026-04-02 11:19:33,017 - INFO - httpx - _send_single_request - HTTP Request: HEAD https://huggingface.co/api/resolve-cache/models/sentence-transformers/all-MiniLM-L6-v2/c9745ed1d9f207416be6d2e6f8de32d1f16199bf/config_sentence_transformers.json "HTTP/1.1 200 OK"
2026-04-02 11:19:33,267 - INFO - httpx - _send_single_request - HTTP Request: HEAD https://huggingface.co/sentence-transformers/all-MiniLM-L6-v2/resolve/main/config_sentence_transformers.json "HTTP/1.1 307 Temporary Redirect"
2026-04-02 11:19:33,272 - INFO - httpx - _send_single_request - HTTP Request: HEAD https://huggingface.co/api/resolve-cache/models/sentence-transformers/all-MiniLM-L6-v2/c9745ed1d9f207416be6d2e6f8de32d1f16199bf/config_sentence_transformers.json "HTTP/1.1 200 OK"
2026-04-02 11:19:33,516 - INFO - httpx - _send_single_request - HTTP Request: HEAD https://huggingface.co/sentence-transformers/all-MiniLM-L6-v2/resolve/main/README.md "HTTP/1.1 307 Temporary Redirect"
2026-04-02 11:19:33,516 - INFO - httpx - _send_single_request - HTTP Request: HEAD https://huggingface.co/api/resolve-cache/models/sentence-transformers/all-MiniLM-L6-v2/c9745ed1d9f207416be6d2e6f8de32d1f16199bf/README.md "HTTP/1.1 200 OK"
2026-04-02 11:19:33,762 - INFO - httpx - _send_single_request - HTTP Request: HEAD https://huggingface.co/sentence-transformers/all-MiniLM-L6-v2/resolve/main/modules.json "HTTP/1.1 307 Temporary Redirect"
2026-04-02 11:19:33,773 - INFO - httpx - _send_single_request - HTTP Request: HEAD https://huggingface.co/api/resolve-cache/models/sentence-transformers/all-MiniLM-L6-v2/c9745ed1d9f207416be6d2e6f8de32d1f16199bf/modules.json "HTTP/1.1 200 OK"
2026-04-02 11:19:33,996 - INFO - httpx - _send_single_request - HTTP Request: HEAD https://huggingface.co/sentence-transformers/all-MiniLM-L6-v2/resolve/main/sentence_bert_config.json "HTTP/1.1 307 Temporary Redirect"
2026-04-02 11:19:34,017 - INFO - httpx - _send_single_request - HTTP Request: HEAD https://huggingface.co/api/resolve-cache/models/sentence-transformers/all-MiniLM-L6-v2/c9745ed1d9f207416be6d2e6f8de32d1f16199bf/sentence_bert_config.json "HTTP/1.1 200 OK"
2026-04-02 11:19:34,251 - INFO - httpx - _send_single_request - HTTP Request: HEAD https://huggingface.co/sentence-transformers/all-MiniLM-L6-v2/resolve/main/adapter_config.json "HTTP/1.1 404 Not Found"
2026-04-02 11:19:34,496 - INFO - httpx - _send_single_request - HTTP Request: HEAD https://huggingface.co/sentence-transformers/all-MiniLM-L6-v2/resolve/main/config.json "HTTP/1.1 307 Temporary Redirect"
2026-04-02 11:19:34,515 - INFO - httpx - _send_single_request - HTTP Request: HEAD https://huggingface.co/api/resolve-cache/models/sentence-transformers/all-MiniLM-L6-v2/c9745ed1d9f207416be6d2e6f8de32d1f16199bf/config.json "HTTP/1.1 200 OK"
2026-04-02 11:19:34,807 - INFO - httpx - _send_single_request - HTTP Request: HEAD https://huggingface.co/sentence-transformers/all-MiniLM-L6-v2/resolve/main/config.json "HTTP/1.1 307 Temporary Redirect"
2026-04-02 11:19:34,819 - INFO - httpx - _send_single_request - HTTP Request: HEAD https://huggingface.co/api/resolve-cache/models/sentence-transformers/all-MiniLM-L6-v2/c9745ed1d9f207416be6d2e6f8de32d1f16199bf/config.json "HTTP/1.1 200 OK"
2026-04-02 11:19:35,049 - INFO - httpx - _send_single_request - HTTP Request: HEAD https://huggingface.co/sentence-transformers/all-MiniLM-L6-v2/resolve/main/tokenizer_config.json "HTTP/1.1 307 Temporary Redirect"
2026-04-02 11:19:35,070 - INFO - httpx - _send_single_request - HTTP Request: HEAD https://huggingface.co/api/resolve-cache/models/sentence-transformers/all-MiniLM-L6-v2/c9745ed1d9f207416be6d2e6f8de32d1f16199bf/tokenizer_config.json "HTTP/1.1 200 OK"
2026-04-02 11:19:35,318 - INFO - httpx - _send_single_request - HTTP Request: GET https://huggingface.co/api/models/sentence-transformers/all-MiniLM-L6-v2/tree/main/additional_chat_templates?recursive=false&expand=false "HTTP/1.1 404 Not Found"
2026-04-02 11:19:35,547 - INFO - httpx - _send_single_request - HTTP Request: GET https://huggingface.co/api/models/sentence-transformers/all-MiniLM-L6-v2/tree/main?recursive=true&expand=false "HTTP/1.1 200 OK"
2026-04-02 11:19:35,867 - INFO - httpx - _send_single_request - HTTP Request: HEAD https://huggingface.co/sentence-transformers/all-MiniLM-L6-v2/resolve/main/1_Pooling/config.json "HTTP/1.1 307 Temporary Redirect"
2026-04-02 11:19:35,884 - INFO - httpx - _send_single_request - HTTP Request: HEAD https://huggingface.co/api/resolve-cache/models/sentence-transformers/all-MiniLM-L6-v2/c9745ed1d9f207416be6d2e6f8de32d1f16199bf/1_Pooling%2Fconfig.json "HTTP/1.1 200 OK"
2026-04-02 11:19:36,124 - INFO - httpx - _send_single_request - HTTP Request: GET https://huggingface.co/api/models/sentence-transformers/all-MiniLM-L6-v2 "HTTP/1.1 200 OK"
2026-04-02 11:19:36,162 - INFO - chatbot_app - log_requests - Request end: POST /upload - Status 200 - Time 12.999s
2026-04-02 11:19:36,180 - INFO - chatbot_app - log_requests - Request start: GET /files
2026-04-02 11:19:36,182 - INFO - chatbot_app - log_requests - Request end: GET /files - Status 200 - Time 0.000s
2026-04-02 11:19:48,239 - INFO - chatbot_app - log_requests - Request start: GET /files
2026-04-02 11:19:48,241 - INFO - chatbot_app - log_requests - Request end: GET /files - Status 200 - Time 0.002s
2026-04-02 11:21:41,446 - INFO - chatbot_app - log_requests - Request start: GET /files
2026-04-02 11:21:41,448 - INFO - chatbot_app - log_requests - Request end: GET /files - Status 200 - Time 0.002s
2026-04-02 11:21:52,430 - INFO - chatbot_app - log_requests - Request start: GET /files
2026-04-02 11:21:52,432 - INFO - chatbot_app - log_requests - Request end: GET /files - Status 200 - Time 0.002s
2026-04-02 11:22:12,438 - INFO - chatbot_app - log_requests - Request start: OPTIONS /delete/file-sample_150kB.pdf
2026-04-02 11:22:12,439 - INFO - chatbot_app - log_requests - Request end: OPTIONS /delete/file-sample_150kB.pdf - Status 200 - Time 0.001s
2026-04-02 11:22:12,443 - INFO - chatbot_app - log_requests - Request start: DELETE /delete/file-sample_150kB.pdf
2026-04-02 11:22:14,746 - INFO - sentence_transformers.SentenceTransformer - __init__ - Use pytorch device_name: cpu
2026-04-02 11:22:14,746 - INFO - sentence_transformers.SentenceTransformer - __init__ - Load pretrained SentenceTransformer: sentence-transformers/all-MiniLM-L6-v2
2026-04-02 11:22:15,555 - INFO - httpx - _send_single_request - HTTP Request: HEAD https://huggingface.co/sentence-transformers/all-MiniLM-L6-v2/resolve/main/modules.json "HTTP/1.1 307 Temporary Redirect"
2026-04-02 11:22:15,653 - INFO - httpx - _send_single_request - HTTP Request: HEAD https://huggingface.co/api/resolve-cache/models/sentence-transformers/all-MiniLM-L6-v2/c9745ed1d9f207416be6d2e6f8de32d1f16199bf/modules.json "HTTP/1.1 200 OK"
2026-04-02 11:22:15,949 - INFO - httpx - _send_single_request - HTTP Request: HEAD https://huggingface.co/sentence-transformers/all-MiniLM-L6-v2/resolve/main/config_sentence_transformers.json "HTTP/1.1 307 Temporary Redirect"
2026-04-02 11:22:16,058 - INFO - httpx - _send_single_request - HTTP Request: HEAD https://huggingface.co/api/resolve-cache/models/sentence-transformers/all-MiniLM-L6-v2/c9745ed1d9f207416be6d2e6f8de32d1f16199bf/config_sentence_transformers.json "HTTP/1.1 200 OK"
2026-04-02 11:22:16,366 - INFO - httpx - _send_single_request - HTTP Request: HEAD https://huggingface.co/sentence-transformers/all-MiniLM-L6-v2/resolve/main/config_sentence_transformers.json "HTTP/1.1 307 Temporary Redirect"
2026-04-02 11:22:16,456 - INFO - httpx - _send_single_request - HTTP Request: HEAD https://huggingface.co/api/resolve-cache/models/sentence-transformers/all-MiniLM-L6-v2/c9745ed1d9f207416be6d2e6f8de32d1f16199bf/config_sentence_transformers.json "HTTP/1.1 200 OK"
2026-04-02 11:22:16,767 - INFO - httpx - _send_single_request - HTTP Request: HEAD https://huggingface.co/sentence-transformers/all-MiniLM-L6-v2/resolve/main/README.md "HTTP/1.1 307 Temporary Redirect"
2026-04-02 11:22:16,861 - INFO - httpx - _send_single_request - HTTP Request: HEAD https://huggingface.co/api/resolve-cache/models/sentence-transformers/all-MiniLM-L6-v2/c9745ed1d9f207416be6d2e6f8de32d1f16199bf/README.md "HTTP/1.1 200 OK"
2026-04-02 11:22:17,171 - INFO - httpx - _send_single_request - HTTP Request: HEAD https://huggingface.co/sentence-transformers/all-MiniLM-L6-v2/resolve/main/modules.json "HTTP/1.1 307 Temporary Redirect"
2026-04-02 11:22:17,266 - INFO - httpx - _send_single_request - HTTP Request: HEAD https://huggingface.co/api/resolve-cache/models/sentence-transformers/all-MiniLM-L6-v2/c9745ed1d9f207416be6d2e6f8de32d1f16199bf/modules.json "HTTP/1.1 200 OK"
2026-04-02 11:22:17,567 - INFO - httpx - _send_single_request - HTTP Request: HEAD https://huggingface.co/sentence-transformers/all-MiniLM-L6-v2/resolve/main/sentence_bert_config.json "HTTP/1.1 307 Temporary Redirect"
2026-04-02 11:22:17,669 - INFO - httpx - _send_single_request - HTTP Request: HEAD https://huggingface.co/api/resolve-cache/models/sentence-transformers/all-MiniLM-L6-v2/c9745ed1d9f207416be6d2e6f8de32d1f16199bf/sentence_bert_config.json "HTTP/1.1 200 OK"
2026-04-02 11:22:17,981 - INFO - httpx - _send_single_request - HTTP Request: HEAD https://huggingface.co/sentence-transformers/all-MiniLM-L6-v2/resolve/main/adapter_config.json "HTTP/1.1 404 Not Found"
2026-04-02 11:22:18,301 - INFO - httpx - _send_single_request - HTTP Request: HEAD https://huggingface.co/sentence-transformers/all-MiniLM-L6-v2/resolve/main/config.json "HTTP/1.1 307 Temporary Redirect"
2026-04-02 11:22:18,411 - INFO - httpx - _send_single_request - HTTP Request: HEAD https://huggingface.co/api/resolve-cache/models/sentence-transformers/all-MiniLM-L6-v2/c9745ed1d9f207416be6d2e6f8de32d1f16199bf/config.json "HTTP/1.1 200 OK"
2026-04-02 11:22:18,792 - INFO - httpx - _send_single_request - HTTP Request: HEAD https://huggingface.co/sentence-transformers/all-MiniLM-L6-v2/resolve/main/config.json "HTTP/1.1 307 Temporary Redirect"
2026-04-02 11:22:18,887 - INFO - httpx - _send_single_request - HTTP Request: HEAD https://huggingface.co/api/resolve-cache/models/sentence-transformers/all-MiniLM-L6-v2/c9745ed1d9f207416be6d2e6f8de32d1f16199bf/config.json "HTTP/1.1 200 OK"
2026-04-02 11:22:19,196 - INFO - httpx - _send_single_request - HTTP Request: HEAD https://huggingface.co/sentence-transformers/all-MiniLM-L6-v2/resolve/main/tokenizer_config.json "HTTP/1.1 307 Temporary Redirect"
2026-04-02 11:22:19,297 - INFO - httpx - _send_single_request - HTTP Request: HEAD https://huggingface.co/api/resolve-cache/models/sentence-transformers/all-MiniLM-L6-v2/c9745ed1d9f207416be6d2e6f8de32d1f16199bf/tokenizer_config.json "HTTP/1.1 200 OK"
2026-04-02 11:22:19,615 - INFO - httpx - _send_single_request - HTTP Request: GET https://huggingface.co/api/models/sentence-transformers/all-MiniLM-L6-v2/tree/main/additional_chat_templates?recursive=false&expand=false "HTTP/1.1 404 Not Found"
2026-04-02 11:22:19,922 - INFO - httpx - _send_single_request - HTTP Request: GET https://huggingface.co/api/models/sentence-transformers/all-MiniLM-L6-v2/tree/main?recursive=true&expand=false "HTTP/1.1 200 OK"
2026-04-02 11:22:20,365 - INFO - httpx - _send_single_request - HTTP Request: HEAD https://huggingface.co/sentence-transformers/all-MiniLM-L6-v2/resolve/main/1_Pooling/config.json "HTTP/1.1 307 Temporary Redirect"
2026-04-02 11:22:20,449 - INFO - httpx - _send_single_request - HTTP Request: HEAD https://huggingface.co/api/resolve-cache/models/sentence-transformers/all-MiniLM-L6-v2/c9745ed1d9f207416be6d2e6f8de32d1f16199bf/1_Pooling%2Fconfig.json "HTTP/1.1 200 OK"
2026-04-02 11:22:20,775 - INFO - httpx - _send_single_request - HTTP Request: GET https://huggingface.co/api/models/sentence-transformers/all-MiniLM-L6-v2 "HTTP/1.1 200 OK"
2026-04-02 11:22:22,291 - INFO - sentence_transformers.SentenceTransformer - __init__ - Use pytorch device_name: cpu
2026-04-02 11:22:22,291 - INFO - sentence_transformers.SentenceTransformer - __init__ - Load pretrained SentenceTransformer: sentence-transformers/all-MiniLM-L6-v2
2026-04-02 11:22:22,591 - INFO - httpx - _send_single_request - HTTP Request: HEAD https://huggingface.co/sentence-transformers/all-MiniLM-L6-v2/resolve/main/modules.json "HTTP/1.1 307 Temporary Redirect"
2026-04-02 11:22:22,687 - INFO - httpx - _send_single_request - HTTP Request: HEAD https://huggingface.co/api/resolve-cache/models/sentence-transformers/all-MiniLM-L6-v2/c9745ed1d9f207416be6d2e6f8de32d1f16199bf/modules.json "HTTP/1.1 200 OK"
2026-04-02 11:22:23,002 - INFO - httpx - _send_single_request - HTTP Request: HEAD https://huggingface.co/sentence-transformers/all-MiniLM-L6-v2/resolve/main/config_sentence_transformers.json "HTTP/1.1 307 Temporary Redirect"
2026-04-02 11:22:23,092 - INFO - httpx - _send_single_request - HTTP Request: HEAD https://huggingface.co/api/resolve-cache/models/sentence-transformers/all-MiniLM-L6-v2/c9745ed1d9f207416be6d2e6f8de32d1f16199bf/config_sentence_transformers.json "HTTP/1.1 200 OK"
2026-04-02 11:22:23,406 - INFO - httpx - _send_single_request - HTTP Request: HEAD https://huggingface.co/sentence-transformers/all-MiniLM-L6-v2/resolve/main/config_sentence_transformers.json "HTTP/1.1 307 Temporary Redirect"
2026-04-02 11:22:23,501 - INFO - httpx - _send_single_request - HTTP Request: HEAD https://huggingface.co/api/resolve-cache/models/sentence-transformers/all-MiniLM-L6-v2/c9745ed1d9f207416be6d2e6f8de32d1f16199bf/config_sentence_transformers.json "HTTP/1.1 200 OK"
2026-04-02 11:22:23,809 - INFO - httpx - _send_single_request - HTTP Request: HEAD https://huggingface.co/sentence-transformers/all-MiniLM-L6-v2/resolve/main/README.md "HTTP/1.1 307 Temporary Redirect"
2026-04-02 11:22:23,905 - INFO - httpx - _send_single_request - HTTP Request: HEAD https://huggingface.co/api/resolve-cache/models/sentence-transformers/all-MiniLM-L6-v2/c9745ed1d9f207416be6d2e6f8de32d1f16199bf/README.md "HTTP/1.1 200 OK"
2026-04-02 11:22:24,214 - INFO - httpx - _send_single_request - HTTP Request: HEAD https://huggingface.co/sentence-transformers/all-MiniLM-L6-v2/resolve/main/modules.json "HTTP/1.1 307 Temporary Redirect"
2026-04-02 11:22:24,306 - INFO - httpx - _send_single_request - HTTP Request: HEAD https://huggingface.co/api/resolve-cache/models/sentence-transformers/all-MiniLM-L6-v2/c9745ed1d9f207416be6d2e6f8de32d1f16199bf/modules.json "HTTP/1.1 200 OK"
2026-04-02 11:22:24,618 - INFO - httpx - _send_single_request - HTTP Request: HEAD https://huggingface.co/sentence-transformers/all-MiniLM-L6-v2/resolve/main/sentence_bert_config.json "HTTP/1.1 307 Temporary Redirect"
2026-04-02 11:22:24,707 - INFO - httpx - _send_single_request - HTTP Request: HEAD https://huggingface.co/api/resolve-cache/models/sentence-transformers/all-MiniLM-L6-v2/c9745ed1d9f207416be6d2e6f8de32d1f16199bf/sentence_bert_config.json "HTTP/1.1 200 OK"
2026-04-02 11:22:25,038 - INFO - httpx - _send_single_request - HTTP Request: HEAD https://huggingface.co/sentence-transformers/all-MiniLM-L6-v2/resolve/main/adapter_config.json "HTTP/1.1 404 Not Found"
2026-04-02 11:22:25,348 - INFO - httpx - _send_single_request - HTTP Request: HEAD https://huggingface.co/sentence-transformers/all-MiniLM-L6-v2/resolve/main/config.json "HTTP/1.1 307 Temporary Redirect"
2026-04-02 11:22:25,445 - INFO - httpx - _send_single_request - HTTP Request: HEAD https://huggingface.co/api/resolve-cache/models/sentence-transformers/all-MiniLM-L6-v2/c9745ed1d9f207416be6d2e6f8de32d1f16199bf/config.json "HTTP/1.1 200 OK"
2026-04-02 11:22:25,814 - INFO - httpx - _send_single_request - HTTP Request: HEAD https://huggingface.co/sentence-transformers/all-MiniLM-L6-v2/resolve/main/config.json "HTTP/1.1 307 Temporary Redirect"
2026-04-02 11:22:25,909 - INFO - httpx - _send_single_request - HTTP Request: HEAD https://huggingface.co/api/resolve-cache/models/sentence-transformers/all-MiniLM-L6-v2/c9745ed1d9f207416be6d2e6f8de32d1f16199bf/config.json "HTTP/1.1 200 OK"
2026-04-02 11:22:26,222 - INFO - httpx - _send_single_request - HTTP Request: HEAD https://huggingface.co/sentence-transformers/all-MiniLM-L6-v2/resolve/main/tokenizer_config.json "HTTP/1.1 307 Temporary Redirect"
2026-04-02 11:22:26,310 - INFO - httpx - _send_single_request - HTTP Request: HEAD https://huggingface.co/api/resolve-cache/models/sentence-transformers/all-MiniLM-L6-v2/c9745ed1d9f207416be6d2e6f8de32d1f16199bf/tokenizer_config.json "HTTP/1.1 200 OK"
2026-04-02 11:22:26,628 - INFO - httpx - _send_single_request - HTTP Request: GET https://huggingface.co/api/models/sentence-transformers/all-MiniLM-L6-v2/tree/main/additional_chat_templates?recursive=false&expand=false "HTTP/1.1 404 Not Found"
2026-04-02 11:22:26,933 - INFO - httpx - _send_single_request - HTTP Request: GET https://huggingface.co/api/models/sentence-transformers/all-MiniLM-L6-v2/tree/main?recursive=true&expand=false "HTTP/1.1 200 OK"
2026-04-02 11:22:27,317 - INFO - httpx - _send_single_request - HTTP Request: HEAD https://huggingface.co/sentence-transformers/all-MiniLM-L6-v2/resolve/main/1_Pooling/config.json "HTTP/1.1 307 Temporary Redirect"
2026-04-02 11:22:27,412 - INFO - httpx - _send_single_request - HTTP Request: HEAD https://huggingface.co/api/resolve-cache/models/sentence-transformers/all-MiniLM-L6-v2/c9745ed1d9f207416be6d2e6f8de32d1f16199bf/1_Pooling%2Fconfig.json "HTTP/1.1 200 OK"
2026-04-02 11:22:27,730 - INFO - httpx - _send_single_request - HTTP Request: GET https://huggingface.co/api/models/sentence-transformers/all-MiniLM-L6-v2 "HTTP/1.1 200 OK"
2026-04-02 11:22:27,788 - INFO - chatbot_app - log_requests - Request end: DELETE /delete/file-sample_150kB.pdf - Status 200 - Time 15.345s
2026-04-02 11:22:27,809 - INFO - chatbot_app - log_requests - Request start: GET /files
2026-04-02 11:22:27,815 - INFO - chatbot_app - log_requests - Request end: GET /files - Status 200 - Time 0.006s
2026-04-02 11:22:36,326 - INFO - chatbot_app - log_requests - Request start: GET /files
2026-04-02 11:22:36,327 - INFO - chatbot_app - log_requests - Request end: GET /files - Status 200 - Time 0.001s
2026-04-02 11:22:44,561 - INFO - chatbot_app - log_requests - Request start: POST /upload
2026-04-02 11:22:47,017 - INFO - sentence_transformers.SentenceTransformer - __init__ - Use pytorch device_name: cpu
2026-04-02 11:22:47,018 - INFO - sentence_transformers.SentenceTransformer - __init__ - Load pretrained SentenceTransformer: sentence-transformers/all-MiniLM-L6-v2
2026-04-02 11:22:47,496 - INFO - httpx - _send_single_request - HTTP Request: HEAD https://huggingface.co/sentence-transformers/all-MiniLM-L6-v2/resolve/main/modules.json "HTTP/1.1 307 Temporary Redirect"
2026-04-02 11:22:47,607 - INFO - httpx - _send_single_request - HTTP Request: HEAD https://huggingface.co/api/resolve-cache/models/sentence-transformers/all-MiniLM-L6-v2/c9745ed1d9f207416be6d2e6f8de32d1f16199bf/modules.json "HTTP/1.1 200 OK"
2026-04-02 11:22:47,945 - INFO - httpx - _send_single_request - HTTP Request: HEAD https://huggingface.co/sentence-transformers/all-MiniLM-L6-v2/resolve/main/config_sentence_transformers.json "HTTP/1.1 307 Temporary Redirect"
2026-04-02 11:22:48,040 - INFO - httpx - _send_single_request - HTTP Request: HEAD https://huggingface.co/api/resolve-cache/models/sentence-transformers/all-MiniLM-L6-v2/c9745ed1d9f207416be6d2e6f8de32d1f16199bf/config_sentence_transformers.json "HTTP/1.1 200 OK"
2026-04-02 11:22:48,348 - INFO - httpx - _send_single_request - HTTP Request: HEAD https://huggingface.co/sentence-transformers/all-MiniLM-L6-v2/resolve/main/config_sentence_transformers.json "HTTP/1.1 307 Temporary Redirect"
2026-04-02 11:22:48,448 - INFO - httpx - _send_single_request - HTTP Request: HEAD https://huggingface.co/api/resolve-cache/models/sentence-transformers/all-MiniLM-L6-v2/c9745ed1d9f207416be6d2e6f8de32d1f16199bf/config_sentence_transformers.json "HTTP/1.1 200 OK"
2026-04-02 11:22:48,775 - INFO - httpx - _send_single_request - HTTP Request: HEAD https://huggingface.co/sentence-transformers/all-MiniLM-L6-v2/resolve/main/README.md "HTTP/1.1 307 Temporary Redirect"
2026-04-02 11:22:48,871 - INFO - httpx - _send_single_request - HTTP Request: HEAD https://huggingface.co/api/resolve-cache/models/sentence-transformers/all-MiniLM-L6-v2/c9745ed1d9f207416be6d2e6f8de32d1f16199bf/README.md "HTTP/1.1 200 OK"
2026-04-02 11:22:49,179 - INFO - httpx - _send_single_request - HTTP Request: HEAD https://huggingface.co/sentence-transformers/all-MiniLM-L6-v2/resolve/main/modules.json "HTTP/1.1 307 Temporary Redirect"
2026-04-02 11:22:49,262 - INFO - httpx - _send_single_request - HTTP Request: HEAD https://huggingface.co/api/resolve-cache/models/sentence-transformers/all-MiniLM-L6-v2/c9745ed1d9f207416be6d2e6f8de32d1f16199bf/modules.json "HTTP/1.1 200 OK"
2026-04-02 11:22:49,591 - INFO - httpx - _send_single_request - HTTP Request: HEAD https://huggingface.co/sentence-transformers/all-MiniLM-L6-v2/resolve/main/sentence_bert_config.json "HTTP/1.1 307 Temporary Redirect"
2026-04-02 11:22:49,687 - INFO - httpx - _send_single_request - HTTP Request: HEAD https://huggingface.co/api/resolve-cache/models/sentence-transformers/all-MiniLM-L6-v2/c9745ed1d9f207416be6d2e6f8de32d1f16199bf/sentence_bert_config.json "HTTP/1.1 200 OK"
2026-04-02 11:22:49,997 - INFO - httpx - _send_single_request - HTTP Request: HEAD https://huggingface.co/sentence-transformers/all-MiniLM-L6-v2/resolve/main/adapter_config.json "HTTP/1.1 404 Not Found"
2026-04-02 11:22:50,309 - INFO - httpx - _send_single_request - HTTP Request: HEAD https://huggingface.co/sentence-transformers/all-MiniLM-L6-v2/resolve/main/config.json "HTTP/1.1 307 Temporary Redirect"
2026-04-02 11:22:50,403 - INFO - httpx - _send_single_request - HTTP Request: HEAD https://huggingface.co/api/resolve-cache/models/sentence-transformers/all-MiniLM-L6-v2/c9745ed1d9f207416be6d2e6f8de32d1f16199bf/config.json "HTTP/1.1 200 OK"
2026-04-02 11:22:50,779 - INFO - httpx - _send_single_request - HTTP Request: HEAD https://huggingface.co/sentence-transformers/all-MiniLM-L6-v2/resolve/main/config.json "HTTP/1.1 307 Temporary Redirect"
2026-04-02 11:22:50,865 - INFO - httpx - _send_single_request - HTTP Request: HEAD https://huggingface.co/api/resolve-cache/models/sentence-transformers/all-MiniLM-L6-v2/c9745ed1d9f207416be6d2e6f8de32d1f16199bf/config.json "HTTP/1.1 200 OK"
2026-04-02 11:22:51,379 - INFO - httpx - _send_single_request - HTTP Request: HEAD https://huggingface.co/sentence-transformers/all-MiniLM-L6-v2/resolve/main/tokenizer_config.json "HTTP/1.1 307 Temporary Redirect"
2026-04-02 11:22:51,481 - INFO - httpx - _send_single_request - HTTP Request: HEAD https://huggingface.co/api/resolve-cache/models/sentence-transformers/all-MiniLM-L6-v2/c9745ed1d9f207416be6d2e6f8de32d1f16199bf/tokenizer_config.json "HTTP/1.1 200 OK"
2026-04-02 11:22:51,794 - INFO - httpx - _send_single_request - HTTP Request: GET https://huggingface.co/api/models/sentence-transformers/all-MiniLM-L6-v2/tree/main/additional_chat_templates?recursive=false&expand=false "HTTP/1.1 404 Not Found"
2026-04-02 11:22:52,120 - INFO - httpx - _send_single_request - HTTP Request: GET https://huggingface.co/api/models/sentence-transformers/all-MiniLM-L6-v2/tree/main?recursive=true&expand=false "HTTP/1.1 200 OK"
2026-04-02 11:22:52,527 - INFO - httpx - _send_single_request - HTTP Request: HEAD https://huggingface.co/sentence-transformers/all-MiniLM-L6-v2/resolve/main/1_Pooling/config.json "HTTP/1.1 307 Temporary Redirect"
2026-04-02 11:22:52,629 - INFO - httpx - _send_single_request - HTTP Request: HEAD https://huggingface.co/api/resolve-cache/models/sentence-transformers/all-MiniLM-L6-v2/c9745ed1d9f207416be6d2e6f8de32d1f16199bf/1_Pooling%2Fconfig.json "HTTP/1.1 200 OK"
2026-04-02 11:22:52,929 - INFO - httpx - _send_single_request - HTTP Request: GET https://huggingface.co/api/models/sentence-transformers/all-MiniLM-L6-v2 "HTTP/1.1 200 OK"
2026-04-02 11:22:54,085 - INFO - sentence_transformers.SentenceTransformer - __init__ - Use pytorch device_name: cpu
2026-04-02 11:22:54,085 - INFO - sentence_transformers.SentenceTransformer - __init__ - Load pretrained SentenceTransformer: sentence-transformers/all-MiniLM-L6-v2
2026-04-02 11:22:54,390 - INFO - httpx - _send_single_request - HTTP Request: HEAD https://huggingface.co/sentence-transformers/all-MiniLM-L6-v2/resolve/main/modules.json "HTTP/1.1 307 Temporary Redirect"
2026-04-02 11:22:54,495 - INFO - httpx - _send_single_request - HTTP Request: HEAD https://huggingface.co/api/resolve-cache/models/sentence-transformers/all-MiniLM-L6-v2/c9745ed1d9f207416be6d2e6f8de32d1f16199bf/modules.json "HTTP/1.1 200 OK"
2026-04-02 11:22:54,811 - INFO - httpx - _send_single_request - HTTP Request: HEAD https://huggingface.co/sentence-transformers/all-MiniLM-L6-v2/resolve/main/config_sentence_transformers.json "HTTP/1.1 307 Temporary Redirect"
2026-04-02 11:22:54,903 - INFO - httpx - _send_single_request - HTTP Request: HEAD https://huggingface.co/api/resolve-cache/models/sentence-transformers/all-MiniLM-L6-v2/c9745ed1d9f207416be6d2e6f8de32d1f16199bf/config_sentence_transformers.json "HTTP/1.1 200 OK"
2026-04-02 11:22:55,214 - INFO - httpx - _send_single_request - HTTP Request: HEAD https://huggingface.co/sentence-transformers/all-MiniLM-L6-v2/resolve/main/config_sentence_transformers.json "HTTP/1.1 307 Temporary Redirect"
2026-04-02 11:22:55,308 - INFO - httpx - _send_single_request - HTTP Request: HEAD https://huggingface.co/api/resolve-cache/models/sentence-transformers/all-MiniLM-L6-v2/c9745ed1d9f207416be6d2e6f8de32d1f16199bf/config_sentence_transformers.json "HTTP/1.1 200 OK"
2026-04-02 11:22:55,622 - INFO - httpx - _send_single_request - HTTP Request: HEAD https://huggingface.co/sentence-transformers/all-MiniLM-L6-v2/resolve/main/README.md "HTTP/1.1 307 Temporary Redirect"
2026-04-02 11:22:55,718 - INFO - httpx - _send_single_request - HTTP Request: HEAD https://huggingface.co/api/resolve-cache/models/sentence-transformers/all-MiniLM-L6-v2/c9745ed1d9f207416be6d2e6f8de32d1f16199bf/README.md "HTTP/1.1 200 OK"
2026-04-02 11:22:56,028 - INFO - httpx - _send_single_request - HTTP Request: HEAD https://huggingface.co/sentence-transformers/all-MiniLM-L6-v2/resolve/main/modules.json "HTTP/1.1 307 Temporary Redirect"
2026-04-02 11:22:56,137 - INFO - httpx - _send_single_request - HTTP Request: HEAD https://huggingface.co/api/resolve-cache/models/sentence-transformers/all-MiniLM-L6-v2/c9745ed1d9f207416be6d2e6f8de32d1f16199bf/modules.json "HTTP/1.1 200 OK"
2026-04-02 11:22:56,450 - INFO - httpx - _send_single_request - HTTP Request: HEAD https://huggingface.co/sentence-transformers/all-MiniLM-L6-v2/resolve/main/sentence_bert_config.json "HTTP/1.1 307 Temporary Redirect"
2026-04-02 11:22:56,558 - INFO - httpx - _send_single_request - HTTP Request: HEAD https://huggingface.co/api/resolve-cache/models/sentence-transformers/all-MiniLM-L6-v2/c9745ed1d9f207416be6d2e6f8de32d1f16199bf/sentence_bert_config.json "HTTP/1.1 200 OK"
2026-04-02 11:22:56,870 - INFO - httpx - _send_single_request - HTTP Request: HEAD https://huggingface.co/sentence-transformers/all-MiniLM-L6-v2/resolve/main/adapter_config.json "HTTP/1.1 404 Not Found"
2026-04-02 11:22:57,167 - INFO - httpx - _send_single_request - HTTP Request: HEAD https://huggingface.co/sentence-transformers/all-MiniLM-L6-v2/resolve/main/config.json "HTTP/1.1 307 Temporary Redirect"
2026-04-02 11:22:57,261 - INFO - httpx - _send_single_request - HTTP Request: HEAD https://huggingface.co/api/resolve-cache/models/sentence-transformers/all-MiniLM-L6-v2/c9745ed1d9f207416be6d2e6f8de32d1f16199bf/config.json "HTTP/1.1 200 OK"
2026-04-02 11:22:57,637 - INFO - httpx - _send_single_request - HTTP Request: HEAD https://huggingface.co/sentence-transformers/all-MiniLM-L6-v2/resolve/main/config.json "HTTP/1.1 307 Temporary Redirect"
2026-04-02 11:22:57,730 - INFO - httpx - _send_single_request - HTTP Request: HEAD https://huggingface.co/api/resolve-cache/models/sentence-transformers/all-MiniLM-L6-v2/c9745ed1d9f207416be6d2e6f8de32d1f16199bf/config.json "HTTP/1.1 200 OK"
2026-04-02 11:22:58,042 - INFO - httpx - _send_single_request - HTTP Request: HEAD https://huggingface.co/sentence-transformers/all-MiniLM-L6-v2/resolve/main/tokenizer_config.json "HTTP/1.1 307 Temporary Redirect"
2026-04-02 11:22:58,137 - INFO - httpx - _send_single_request - HTTP Request: HEAD https://huggingface.co/api/resolve-cache/models/sentence-transformers/all-MiniLM-L6-v2/c9745ed1d9f207416be6d2e6f8de32d1f16199bf/tokenizer_config.json "HTTP/1.1 200 OK"
2026-04-02 11:22:58,447 - INFO - httpx - _send_single_request - HTTP Request: GET https://huggingface.co/api/models/sentence-transformers/all-MiniLM-L6-v2/tree/main/additional_chat_templates?recursive=false&expand=false "HTTP/1.1 404 Not Found"
2026-04-02 11:22:58,764 - INFO - httpx - _send_single_request - HTTP Request: GET https://huggingface.co/api/models/sentence-transformers/all-MiniLM-L6-v2/tree/main?recursive=true&expand=false "HTTP/1.1 200 OK"
2026-04-02 11:22:59,143 - INFO - httpx - _send_single_request - HTTP Request: HEAD https://huggingface.co/sentence-transformers/all-MiniLM-L6-v2/resolve/main/1_Pooling/config.json "HTTP/1.1 307 Temporary Redirect"
2026-04-02 11:22:59,238 - INFO - httpx - _send_single_request - HTTP Request: HEAD https://huggingface.co/api/resolve-cache/models/sentence-transformers/all-MiniLM-L6-v2/c9745ed1d9f207416be6d2e6f8de32d1f16199bf/1_Pooling%2Fconfig.json "HTTP/1.1 200 OK"
2026-04-02 11:22:59,731 - INFO - httpx - _send_single_request - HTTP Request: GET https://huggingface.co/api/models/sentence-transformers/all-MiniLM-L6-v2 "HTTP/1.1 200 OK"
2026-04-02 11:22:59,776 - INFO - chatbot_app - log_requests - Request end: POST /upload - Status 200 - Time 15.215s
2026-04-02 11:22:59,777 - INFO - chatbot_app - log_requests - Request start: GET /files
2026-04-02 11:22:59,790 - INFO - chatbot_app - log_requests - Request end: GET /files - Status 200 - Time 0.013s
2026-04-02 11:23:06,514 - INFO - chatbot_app - log_requests - Request start: GET /files
2026-04-02 11:23:06,516 - INFO - chatbot_app - log_requests - Request end: GET /files - Status 200 - Time 0.001s
2026-04-02 11:23:45,949 - INFO - chatbot_app - log_requests - Request start: POST /upload
2026-04-02 11:23:50,520 - INFO - sentence_transformers.SentenceTransformer - __init__ - Use pytorch device_name: cpu
2026-04-02 11:23:50,520 - INFO - sentence_transformers.SentenceTransformer - __init__ - Load pretrained SentenceTransformer: sentence-transformers/all-MiniLM-L6-v2
2026-04-02 11:23:51,372 - INFO - httpx - _send_single_request - HTTP Request: HEAD https://huggingface.co/sentence-transformers/all-MiniLM-L6-v2/resolve/main/modules.json "HTTP/1.1 307 Temporary Redirect"
2026-04-02 11:23:51,480 - INFO - httpx - _send_single_request - HTTP Request: HEAD https://huggingface.co/api/resolve-cache/models/sentence-transformers/all-MiniLM-L6-v2/c9745ed1d9f207416be6d2e6f8de32d1f16199bf/modules.json "HTTP/1.1 200 OK"
2026-04-02 11:23:51,794 - INFO - httpx - _send_single_request - HTTP Request: HEAD https://huggingface.co/sentence-transformers/all-MiniLM-L6-v2/resolve/main/config_sentence_transformers.json "HTTP/1.1 307 Temporary Redirect"
2026-04-02 11:23:51,886 - INFO - httpx - _send_single_request - HTTP Request: HEAD https://huggingface.co/api/resolve-cache/models/sentence-transformers/all-MiniLM-L6-v2/c9745ed1d9f207416be6d2e6f8de32d1f16199bf/config_sentence_transformers.json "HTTP/1.1 200 OK"
2026-04-02 11:23:52,199 - INFO - httpx - _send_single_request - HTTP Request: HEAD https://huggingface.co/sentence-transformers/all-MiniLM-L6-v2/resolve/main/config_sentence_transformers.json "HTTP/1.1 307 Temporary Redirect"
2026-04-02 11:23:52,308 - INFO - httpx - _send_single_request - HTTP Request: HEAD https://huggingface.co/api/resolve-cache/models/sentence-transformers/all-MiniLM-L6-v2/c9745ed1d9f207416be6d2e6f8de32d1f16199bf/config_sentence_transformers.json "HTTP/1.1 200 OK"
2026-04-02 11:23:52,621 - INFO - httpx - _send_single_request - HTTP Request: HEAD https://huggingface.co/sentence-transformers/all-MiniLM-L6-v2/resolve/main/README.md "HTTP/1.1 307 Temporary Redirect"
2026-04-02 11:23:52,725 - INFO - httpx - _send_single_request - HTTP Request: HEAD https://huggingface.co/api/resolve-cache/models/sentence-transformers/all-MiniLM-L6-v2/c9745ed1d9f207416be6d2e6f8de32d1f16199bf/README.md "HTTP/1.1 200 OK"
2026-04-02 11:23:53,030 - INFO - httpx - _send_single_request - HTTP Request: HEAD https://huggingface.co/sentence-transformers/all-MiniLM-L6-v2/resolve/main/modules.json "HTTP/1.1 307 Temporary Redirect"
2026-04-02 11:23:53,131 - INFO - httpx - _send_single_request - HTTP Request: HEAD https://huggingface.co/api/resolve-cache/models/sentence-transformers/all-MiniLM-L6-v2/c9745ed1d9f207416be6d2e6f8de32d1f16199bf/modules.json "HTTP/1.1 200 OK"
2026-04-02 11:23:53,442 - INFO - httpx - _send_single_request - HTTP Request: HEAD https://huggingface.co/sentence-transformers/all-MiniLM-L6-v2/resolve/main/sentence_bert_config.json "HTTP/1.1 307 Temporary Redirect"
2026-04-02 11:23:53,543 - INFO - httpx - _send_single_request - HTTP Request: HEAD https://huggingface.co/api/resolve-cache/models/sentence-transformers/all-MiniLM-L6-v2/c9745ed1d9f207416be6d2e6f8de32d1f16199bf/sentence_bert_config.json "HTTP/1.1 200 OK"
2026-04-02 11:23:53,890 - INFO - httpx - _send_single_request - HTTP Request: HEAD https://huggingface.co/sentence-transformers/all-MiniLM-L6-v2/resolve/main/adapter_config.json "HTTP/1.1 404 Not Found"
2026-04-02 11:23:54,201 - INFO - httpx - _send_single_request - HTTP Request: HEAD https://huggingface.co/sentence-transformers/all-MiniLM-L6-v2/resolve/main/config.json "HTTP/1.1 307 Temporary Redirect"
2026-04-02 11:23:54,293 - INFO - httpx - _send_single_request - HTTP Request: HEAD https://huggingface.co/api/resolve-cache/models/sentence-transformers/all-MiniLM-L6-v2/c9745ed1d9f207416be6d2e6f8de32d1f16199bf/config.json "HTTP/1.1 200 OK"
2026-04-02 11:23:54,670 - INFO - httpx - _send_single_request - HTTP Request: HEAD https://huggingface.co/sentence-transformers/all-MiniLM-L6-v2/resolve/main/config.json "HTTP/1.1 307 Temporary Redirect"
2026-04-02 11:23:54,761 - INFO - httpx - _send_single_request - HTTP Request: HEAD https://huggingface.co/api/resolve-cache/models/sentence-transformers/all-MiniLM-L6-v2/c9745ed1d9f207416be6d2e6f8de32d1f16199bf/config.json "HTTP/1.1 200 OK"
2026-04-02 11:23:55,075 - INFO - httpx - _send_single_request - HTTP Request: HEAD https://huggingface.co/sentence-transformers/all-MiniLM-L6-v2/resolve/main/tokenizer_config.json "HTTP/1.1 307 Temporary Redirect"
2026-04-02 11:23:55,167 - INFO - httpx - _send_single_request - HTTP Request: HEAD https://huggingface.co/api/resolve-cache/models/sentence-transformers/all-MiniLM-L6-v2/c9745ed1d9f207416be6d2e6f8de32d1f16199bf/tokenizer_config.json "HTTP/1.1 200 OK"
2026-04-02 11:23:55,512 - INFO - httpx - _send_single_request - HTTP Request: GET https://huggingface.co/api/models/sentence-transformers/all-MiniLM-L6-v2/tree/main/additional_chat_templates?recursive=false&expand=false "HTTP/1.1 404 Not Found"
2026-04-02 11:23:55,809 - INFO - httpx - _send_single_request - HTTP Request: GET https://huggingface.co/api/models/sentence-transformers/all-MiniLM-L6-v2/tree/main?recursive=true&expand=false "HTTP/1.1 200 OK"
2026-04-02 11:23:56,210 - INFO - httpx - _send_single_request - HTTP Request: HEAD https://huggingface.co/sentence-transformers/all-MiniLM-L6-v2/resolve/main/1_Pooling/config.json "HTTP/1.1 307 Temporary Redirect"
2026-04-02 11:23:56,309 - INFO - httpx - _send_single_request - HTTP Request: HEAD https://huggingface.co/api/resolve-cache/models/sentence-transformers/all-MiniLM-L6-v2/c9745ed1d9f207416be6d2e6f8de32d1f16199bf/1_Pooling%2Fconfig.json "HTTP/1.1 200 OK"
2026-04-02 11:23:56,638 - INFO - httpx - _send_single_request - HTTP Request: GET https://huggingface.co/api/models/sentence-transformers/all-MiniLM-L6-v2 "HTTP/1.1 200 OK"
2026-04-02 11:24:00,200 - INFO - sentence_transformers.SentenceTransformer - __init__ - Use pytorch device_name: cpu
2026-04-02 11:24:00,200 - INFO - sentence_transformers.SentenceTransformer - __init__ - Load pretrained SentenceTransformer: sentence-transformers/all-MiniLM-L6-v2
2026-04-02 11:24:00,512 - INFO - httpx - _send_single_request - HTTP Request: HEAD https://huggingface.co/sentence-transformers/all-MiniLM-L6-v2/resolve/main/modules.json "HTTP/1.1 307 Temporary Redirect"
2026-04-02 11:24:00,606 - INFO - httpx - _send_single_request - HTTP Request: HEAD https://huggingface.co/api/resolve-cache/models/sentence-transformers/all-MiniLM-L6-v2/c9745ed1d9f207416be6d2e6f8de32d1f16199bf/modules.json "HTTP/1.1 200 OK"
2026-04-02 11:24:00,925 - INFO - httpx - _send_single_request - HTTP Request: HEAD https://huggingface.co/sentence-transformers/all-MiniLM-L6-v2/resolve/main/config_sentence_transformers.json "HTTP/1.1 307 Temporary Redirect"
2026-04-02 11:24:01,013 - INFO - httpx - _send_single_request - HTTP Request: HEAD https://huggingface.co/api/resolve-cache/models/sentence-transformers/all-MiniLM-L6-v2/c9745ed1d9f207416be6d2e6f8de32d1f16199bf/config_sentence_transformers.json "HTTP/1.1 200 OK"
2026-04-02 11:24:01,325 - INFO - httpx - _send_single_request - HTTP Request: HEAD https://huggingface.co/sentence-transformers/all-MiniLM-L6-v2/resolve/main/config_sentence_transformers.json "HTTP/1.1 307 Temporary Redirect"
2026-04-02 11:24:01,434 - INFO - httpx - _send_single_request - HTTP Request: HEAD https://huggingface.co/api/resolve-cache/models/sentence-transformers/all-MiniLM-L6-v2/c9745ed1d9f207416be6d2e6f8de32d1f16199bf/config_sentence_transformers.json "HTTP/1.1 200 OK"
2026-04-02 11:24:01,778 - INFO - httpx - _send_single_request - HTTP Request: HEAD https://huggingface.co/sentence-transformers/all-MiniLM-L6-v2/resolve/main/README.md "HTTP/1.1 307 Temporary Redirect"
2026-04-02 11:24:01,882 - INFO - httpx - _send_single_request - HTTP Request: HEAD https://huggingface.co/api/resolve-cache/models/sentence-transformers/all-MiniLM-L6-v2/c9745ed1d9f207416be6d2e6f8de32d1f16199bf/README.md "HTTP/1.1 200 OK"
2026-04-02 11:24:02,267 - INFO - httpx - _send_single_request - HTTP Request: HEAD https://huggingface.co/sentence-transformers/all-MiniLM-L6-v2/resolve/main/modules.json "HTTP/1.1 307 Temporary Redirect"
2026-04-02 11:24:02,366 - INFO - httpx - _send_single_request - HTTP Request: HEAD https://huggingface.co/api/resolve-cache/models/sentence-transformers/all-MiniLM-L6-v2/c9745ed1d9f207416be6d2e6f8de32d1f16199bf/modules.json "HTTP/1.1 200 OK"
2026-04-02 11:24:02,668 - INFO - httpx - _send_single_request - HTTP Request: HEAD https://huggingface.co/sentence-transformers/all-MiniLM-L6-v2/resolve/main/sentence_bert_config.json "HTTP/1.1 307 Temporary Redirect"
2026-04-02 11:24:02,796 - INFO - httpx - _send_single_request - HTTP Request: HEAD https://huggingface.co/api/resolve-cache/models/sentence-transformers/all-MiniLM-L6-v2/c9745ed1d9f207416be6d2e6f8de32d1f16199bf/sentence_bert_config.json "HTTP/1.1 200 OK"
2026-04-02 11:24:03,107 - INFO - httpx - _send_single_request - HTTP Request: HEAD https://huggingface.co/sentence-transformers/all-MiniLM-L6-v2/resolve/main/adapter_config.json "HTTP/1.1 404 Not Found"
2026-04-02 11:24:03,424 - INFO - httpx - _send_single_request - HTTP Request: HEAD https://huggingface.co/sentence-transformers/all-MiniLM-L6-v2/resolve/main/config.json "HTTP/1.1 307 Temporary Redirect"
2026-04-02 11:24:03,517 - INFO - httpx - _send_single_request - HTTP Request: HEAD https://huggingface.co/api/resolve-cache/models/sentence-transformers/all-MiniLM-L6-v2/c9745ed1d9f207416be6d2e6f8de32d1f16199bf/config.json "HTTP/1.1 200 OK"
2026-04-02 11:24:03,891 - INFO - httpx - _send_single_request - HTTP Request: HEAD https://huggingface.co/sentence-transformers/all-MiniLM-L6-v2/resolve/main/config.json "HTTP/1.1 307 Temporary Redirect"
2026-04-02 11:24:03,983 - INFO - httpx - _send_single_request - HTTP Request: HEAD https://huggingface.co/api/resolve-cache/models/sentence-transformers/all-MiniLM-L6-v2/c9745ed1d9f207416be6d2e6f8de32d1f16199bf/config.json "HTTP/1.1 200 OK"
2026-04-02 11:24:04,294 - INFO - httpx - _send_single_request - HTTP Request: HEAD https://huggingface.co/sentence-transformers/all-MiniLM-L6-v2/resolve/main/tokenizer_config.json "HTTP/1.1 307 Temporary Redirect"
2026-04-02 11:24:04,403 - INFO - httpx - _send_single_request - HTTP Request: HEAD https://huggingface.co/api/resolve-cache/models/sentence-transformers/all-MiniLM-L6-v2/c9745ed1d9f207416be6d2e6f8de32d1f16199bf/tokenizer_config.json "HTTP/1.1 200 OK"
2026-04-02 11:24:04,715 - INFO - httpx - _send_single_request - HTTP Request: GET https://huggingface.co/api/models/sentence-transformers/all-MiniLM-L6-v2/tree/main/additional_chat_templates?recursive=false&expand=false "HTTP/1.1 404 Not Found"
2026-04-02 11:24:05,044 - INFO - httpx - _send_single_request - HTTP Request: GET https://huggingface.co/api/models/sentence-transformers/all-MiniLM-L6-v2/tree/main?recursive=true&expand=false "HTTP/1.1 200 OK"
2026-04-02 11:24:05,425 - INFO - httpx - _send_single_request - HTTP Request: HEAD https://huggingface.co/sentence-transformers/all-MiniLM-L6-v2/resolve/main/1_Pooling/config.json "HTTP/1.1 307 Temporary Redirect"
2026-04-02 11:24:05,518 - INFO - httpx - _send_single_request - HTTP Request: HEAD https://huggingface.co/api/resolve-cache/models/sentence-transformers/all-MiniLM-L6-v2/c9745ed1d9f207416be6d2e6f8de32d1f16199bf/1_Pooling%2Fconfig.json "HTTP/1.1 200 OK"
2026-04-02 11:24:05,824 - INFO - httpx - _send_single_request - HTTP Request: GET https://huggingface.co/api/models/sentence-transformers/all-MiniLM-L6-v2 "HTTP/1.1 200 OK"
2026-04-02 11:24:05,872 - INFO - chatbot_app - log_requests - Request end: POST /upload - Status 200 - Time 19.924s
2026-04-02 11:24:05,889 - INFO - chatbot_app - log_requests - Request start: GET /files
2026-04-02 11:24:05,889 - INFO - chatbot_app - log_requests - Request end: GET /files - Status 200 - Time 0.000s
2026-04-02 11:30:34,435 - INFO - chatbot_app - log_requests - Request start: GET /files
2026-04-02 11:30:34,438 - INFO - chatbot_app - log_requests - Request end: GET /files - Status 200 - Time 0.003s
2026-04-02 11:30:38,435 - INFO - chatbot_app - log_requests - Request start: GET /files
2026-04-02 11:30:38,435 - INFO - chatbot_app - log_requests - Request end: GET /files - Status 200 - Time 0.000s
2026-04-02 11:30:41,415 - INFO - chatbot_app - log_requests - Request start: GET /files
2026-04-02 11:30:41,415 - INFO - chatbot_app - log_requests - Request end: GET /files - Status 200 - Time 0.000s
2026-04-02 11:30:59,518 - INFO - chatbot_app - log_requests - Request start: DELETE /delete/file-sample_150kB.pdf
2026-04-02 11:31:04,199 - INFO - sentence_transformers.SentenceTransformer - __init__ - Use pytorch device_name: cpu
2026-04-02 11:31:04,199 - INFO - sentence_transformers.SentenceTransformer - __init__ - Load pretrained SentenceTransformer: sentence-transformers/all-MiniLM-L6-v2
2026-04-02 11:31:05,058 - INFO - httpx - _send_single_request - HTTP Request: HEAD https://huggingface.co/sentence-transformers/all-MiniLM-L6-v2/resolve/main/modules.json "HTTP/1.1 307 Temporary Redirect"
2026-04-02 11:31:05,184 - INFO - httpx - _send_single_request - HTTP Request: HEAD https://huggingface.co/api/resolve-cache/models/sentence-transformers/all-MiniLM-L6-v2/c9745ed1d9f207416be6d2e6f8de32d1f16199bf/modules.json "HTTP/1.1 200 OK"
2026-04-02 11:31:05,530 - INFO - httpx - _send_single_request - HTTP Request: HEAD https://huggingface.co/sentence-transformers/all-MiniLM-L6-v2/resolve/main/config_sentence_transformers.json "HTTP/1.1 307 Temporary Redirect"
2026-04-02 11:31:05,635 - INFO - httpx - _send_single_request - HTTP Request: HEAD https://huggingface.co/api/resolve-cache/models/sentence-transformers/all-MiniLM-L6-v2/c9745ed1d9f207416be6d2e6f8de32d1f16199bf/config_sentence_transformers.json "HTTP/1.1 200 OK"
2026-04-02 11:31:05,984 - INFO - httpx - _send_single_request - HTTP Request: HEAD https://huggingface.co/sentence-transformers/all-MiniLM-L6-v2/resolve/main/config_sentence_transformers.json "HTTP/1.1 307 Temporary Redirect"
2026-04-02 11:31:06,105 - INFO - httpx - _send_single_request - HTTP Request: HEAD https://huggingface.co/api/resolve-cache/models/sentence-transformers/all-MiniLM-L6-v2/c9745ed1d9f207416be6d2e6f8de32d1f16199bf/config_sentence_transformers.json "HTTP/1.1 200 OK"
2026-04-02 11:31:06,452 - INFO - httpx - _send_single_request - HTTP Request: HEAD https://huggingface.co/sentence-transformers/all-MiniLM-L6-v2/resolve/main/README.md "HTTP/1.1 307 Temporary Redirect"
2026-04-02 11:31:06,571 - INFO - httpx - _send_single_request - HTTP Request: HEAD https://huggingface.co/api/resolve-cache/models/sentence-transformers/all-MiniLM-L6-v2/c9745ed1d9f207416be6d2e6f8de32d1f16199bf/README.md "HTTP/1.1 200 OK"
2026-04-02 11:31:06,904 - INFO - httpx - _send_single_request - HTTP Request: HEAD https://huggingface.co/sentence-transformers/all-MiniLM-L6-v2/resolve/main/modules.json "HTTP/1.1 307 Temporary Redirect"
2026-04-02 11:31:07,024 - INFO - httpx - _send_single_request - HTTP Request: HEAD https://huggingface.co/api/resolve-cache/models/sentence-transformers/all-MiniLM-L6-v2/c9745ed1d9f207416be6d2e6f8de32d1f16199bf/modules.json "HTTP/1.1 200 OK"
2026-04-02 11:31:07,355 - INFO - httpx - _send_single_request - HTTP Request: HEAD https://huggingface.co/sentence-transformers/all-MiniLM-L6-v2/resolve/main/sentence_bert_config.json "HTTP/1.1 307 Temporary Redirect"
2026-04-02 11:31:07,479 - INFO - httpx - _send_single_request - HTTP Request: HEAD https://huggingface.co/api/resolve-cache/models/sentence-transformers/all-MiniLM-L6-v2/c9745ed1d9f207416be6d2e6f8de32d1f16199bf/sentence_bert_config.json "HTTP/1.1 200 OK"
2026-04-02 11:31:07,824 - INFO - httpx - _send_single_request - HTTP Request: HEAD https://huggingface.co/sentence-transformers/all-MiniLM-L6-v2/resolve/main/adapter_config.json "HTTP/1.1 404 Not Found"
2026-04-02 11:31:08,183 - INFO - httpx - _send_single_request - HTTP Request: HEAD https://huggingface.co/sentence-transformers/all-MiniLM-L6-v2/resolve/main/config.json "HTTP/1.1 307 Temporary Redirect"
2026-04-02 11:31:08,293 - INFO - httpx - _send_single_request - HTTP Request: HEAD https://huggingface.co/api/resolve-cache/models/sentence-transformers/all-MiniLM-L6-v2/c9745ed1d9f207416be6d2e6f8de32d1f16199bf/config.json "HTTP/1.1 200 OK"
2026-04-02 11:31:08,715 - INFO - httpx - _send_single_request - HTTP Request: HEAD https://huggingface.co/sentence-transformers/all-MiniLM-L6-v2/resolve/main/config.json "HTTP/1.1 307 Temporary Redirect"
2026-04-02 11:31:08,835 - INFO - httpx - _send_single_request - HTTP Request: HEAD https://huggingface.co/api/resolve-cache/models/sentence-transformers/all-MiniLM-L6-v2/c9745ed1d9f207416be6d2e6f8de32d1f16199bf/config.json "HTTP/1.1 200 OK"
2026-04-02 11:31:09,167 - INFO - httpx - _send_single_request - HTTP Request: HEAD https://huggingface.co/sentence-transformers/all-MiniLM-L6-v2/resolve/main/tokenizer_config.json "HTTP/1.1 307 Temporary Redirect"
2026-04-02 11:31:09,278 - INFO - httpx - _send_single_request - HTTP Request: HEAD https://huggingface.co/api/resolve-cache/models/sentence-transformers/all-MiniLM-L6-v2/c9745ed1d9f207416be6d2e6f8de32d1f16199bf/tokenizer_config.json "HTTP/1.1 200 OK"
2026-04-02 11:31:09,621 - INFO - httpx - _send_single_request - HTTP Request: GET https://huggingface.co/api/models/sentence-transformers/all-MiniLM-L6-v2/tree/main/additional_chat_templates?recursive=false&expand=false "HTTP/1.1 404 Not Found"
2026-04-02 11:31:09,966 - INFO - httpx - _send_single_request - HTTP Request: GET https://huggingface.co/api/models/sentence-transformers/all-MiniLM-L6-v2/tree/main?recursive=true&expand=false "HTTP/1.1 200 OK"
2026-04-02 11:31:10,371 - INFO - httpx - _send_single_request - HTTP Request: HEAD https://huggingface.co/sentence-transformers/all-MiniLM-L6-v2/resolve/main/1_Pooling/config.json "HTTP/1.1 307 Temporary Redirect"
2026-04-02 11:31:10,496 - INFO - httpx - _send_single_request - HTTP Request: HEAD https://huggingface.co/api/resolve-cache/models/sentence-transformers/all-MiniLM-L6-v2/c9745ed1d9f207416be6d2e6f8de32d1f16199bf/1_Pooling%2Fconfig.json "HTTP/1.1 200 OK"
2026-04-02 11:31:10,841 - INFO - httpx - _send_single_request - HTTP Request: GET https://huggingface.co/api/models/sentence-transformers/all-MiniLM-L6-v2 "HTTP/1.1 200 OK"
2026-04-02 11:31:13,546 - INFO - sentence_transformers.SentenceTransformer - __init__ - Use pytorch device_name: cpu
2026-04-02 11:31:13,547 - INFO - sentence_transformers.SentenceTransformer - __init__ - Load pretrained SentenceTransformer: sentence-transformers/all-MiniLM-L6-v2
2026-04-02 11:31:13,870 - INFO - httpx - _send_single_request - HTTP Request: HEAD https://huggingface.co/sentence-transformers/all-MiniLM-L6-v2/resolve/main/modules.json "HTTP/1.1 307 Temporary Redirect"
2026-04-02 11:31:13,995 - INFO - httpx - _send_single_request - HTTP Request: HEAD https://huggingface.co/api/resolve-cache/models/sentence-transformers/all-MiniLM-L6-v2/c9745ed1d9f207416be6d2e6f8de32d1f16199bf/modules.json "HTTP/1.1 200 OK"
2026-04-02 11:31:14,339 - INFO - httpx - _send_single_request - HTTP Request: HEAD https://huggingface.co/sentence-transformers/all-MiniLM-L6-v2/resolve/main/config_sentence_transformers.json "HTTP/1.1 307 Temporary Redirect"
2026-04-02 11:31:14,449 - INFO - httpx - _send_single_request - HTTP Request: HEAD https://huggingface.co/api/resolve-cache/models/sentence-transformers/all-MiniLM-L6-v2/c9745ed1d9f207416be6d2e6f8de32d1f16199bf/config_sentence_transformers.json "HTTP/1.1 200 OK"
2026-04-02 11:31:14,793 - INFO - httpx - _send_single_request - HTTP Request: HEAD https://huggingface.co/sentence-transformers/all-MiniLM-L6-v2/resolve/main/config_sentence_transformers.json "HTTP/1.1 307 Temporary Redirect"
2026-04-02 11:31:14,903 - INFO - httpx - _send_single_request - HTTP Request: HEAD https://huggingface.co/api/resolve-cache/models/sentence-transformers/all-MiniLM-L6-v2/c9745ed1d9f207416be6d2e6f8de32d1f16199bf/config_sentence_transformers.json "HTTP/1.1 200 OK"
2026-04-02 11:31:15,249 - INFO - httpx - _send_single_request - HTTP Request: HEAD https://huggingface.co/sentence-transformers/all-MiniLM-L6-v2/resolve/main/README.md "HTTP/1.1 307 Temporary Redirect"
2026-04-02 11:31:15,362 - INFO - httpx - _send_single_request - HTTP Request: HEAD https://huggingface.co/api/resolve-cache/models/sentence-transformers/all-MiniLM-L6-v2/c9745ed1d9f207416be6d2e6f8de32d1f16199bf/README.md "HTTP/1.1 200 OK"
2026-04-02 11:31:15,683 - INFO - httpx - _send_single_request - HTTP Request: HEAD https://huggingface.co/sentence-transformers/all-MiniLM-L6-v2/resolve/main/modules.json "HTTP/1.1 307 Temporary Redirect"
2026-04-02 11:31:15,809 - INFO - httpx - _send_single_request - HTTP Request: HEAD https://huggingface.co/api/resolve-cache/models/sentence-transformers/all-MiniLM-L6-v2/c9745ed1d9f207416be6d2e6f8de32d1f16199bf/modules.json "HTTP/1.1 200 OK"
2026-04-02 11:31:16,149 - INFO - httpx - _send_single_request - HTTP Request: HEAD https://huggingface.co/sentence-transformers/all-MiniLM-L6-v2/resolve/main/sentence_bert_config.json "HTTP/1.1 307 Temporary Redirect"
2026-04-02 11:31:16,269 - INFO - httpx - _send_single_request - HTTP Request: HEAD https://huggingface.co/api/resolve-cache/models/sentence-transformers/all-MiniLM-L6-v2/c9745ed1d9f207416be6d2e6f8de32d1f16199bf/sentence_bert_config.json "HTTP/1.1 200 OK"
2026-04-02 11:31:16,600 - INFO - httpx - _send_single_request - HTTP Request: HEAD https://huggingface.co/sentence-transformers/all-MiniLM-L6-v2/resolve/main/adapter_config.json "HTTP/1.1 404 Not Found"
2026-04-02 11:31:16,927 - INFO - httpx - _send_single_request - HTTP Request: HEAD https://huggingface.co/sentence-transformers/all-MiniLM-L6-v2/resolve/main/config.json "HTTP/1.1 307 Temporary Redirect"
2026-04-02 11:31:17,042 - INFO - httpx - _send_single_request - HTTP Request: HEAD https://huggingface.co/api/resolve-cache/models/sentence-transformers/all-MiniLM-L6-v2/c9745ed1d9f207416be6d2e6f8de32d1f16199bf/config.json "HTTP/1.1 200 OK"
2026-04-02 11:31:17,447 - INFO - httpx - _send_single_request - HTTP Request: HEAD https://huggingface.co/sentence-transformers/all-MiniLM-L6-v2/resolve/main/config.json "HTTP/1.1 307 Temporary Redirect"
2026-04-02 11:31:17,565 - INFO - httpx - _send_single_request - HTTP Request: HEAD https://huggingface.co/api/resolve-cache/models/sentence-transformers/all-MiniLM-L6-v2/c9745ed1d9f207416be6d2e6f8de32d1f16199bf/config.json "HTTP/1.1 200 OK"
2026-04-02 11:31:17,917 - INFO - httpx - _send_single_request - HTTP Request: HEAD https://huggingface.co/sentence-transformers/all-MiniLM-L6-v2/resolve/main/tokenizer_config.json "HTTP/1.1 307 Temporary Redirect"
2026-04-02 11:31:18,042 - INFO - httpx - _send_single_request - HTTP Request: HEAD https://huggingface.co/api/resolve-cache/models/sentence-transformers/all-MiniLM-L6-v2/c9745ed1d9f207416be6d2e6f8de32d1f16199bf/tokenizer_config.json "HTTP/1.1 200 OK"
2026-04-02 11:31:18,402 - INFO - httpx - _send_single_request - HTTP Request: GET https://huggingface.co/api/models/sentence-transformers/all-MiniLM-L6-v2/tree/main/additional_chat_templates?recursive=false&expand=false "HTTP/1.1 404 Not Found"
2026-04-02 11:31:18,735 - INFO - httpx - _send_single_request - HTTP Request: GET https://huggingface.co/api/models/sentence-transformers/all-MiniLM-L6-v2/tree/main?recursive=true&expand=false "HTTP/1.1 200 OK"
2026-04-02 11:31:19,120 - INFO - httpx - _send_single_request - HTTP Request: HEAD https://huggingface.co/sentence-transformers/all-MiniLM-L6-v2/resolve/main/1_Pooling/config.json "HTTP/1.1 307 Temporary Redirect"
2026-04-02 11:31:19,245 - INFO - httpx - _send_single_request - HTTP Request: HEAD https://huggingface.co/api/resolve-cache/models/sentence-transformers/all-MiniLM-L6-v2/c9745ed1d9f207416be6d2e6f8de32d1f16199bf/1_Pooling%2Fconfig.json "HTTP/1.1 200 OK"
2026-04-02 11:31:19,590 - INFO - httpx - _send_single_request - HTTP Request: GET https://huggingface.co/api/models/sentence-transformers/all-MiniLM-L6-v2 "HTTP/1.1 200 OK"
2026-04-02 11:31:19,629 - INFO - chatbot_app - log_requests - Request end: DELETE /delete/file-sample_150kB.pdf - Status 200 - Time 20.111s
2026-04-02 11:31:19,649 - INFO - chatbot_app - log_requests - Request start: GET /files
2026-04-02 11:31:19,651 - INFO - chatbot_app - log_requests - Request end: GET /files - Status 200 - Time 0.001s
2026-04-02 11:31:23,493 - INFO - chatbot_app - log_requests - Request start: GET /files
2026-04-02 11:31:23,494 - INFO - chatbot_app - log_requests - Request end: GET /files - Status 200 - Time 0.001s
2026-04-02 11:31:35,238 - INFO - chatbot_app - log_requests - Request start: POST /upload
2026-04-02 11:31:40,010 - INFO - sentence_transformers.SentenceTransformer - __init__ - Use pytorch device_name: cpu
2026-04-02 11:31:40,011 - INFO - sentence_transformers.SentenceTransformer - __init__ - Load pretrained SentenceTransformer: sentence-transformers/all-MiniLM-L6-v2
2026-04-02 11:31:41,418 - INFO - httpx - _send_single_request - HTTP Request: HEAD https://huggingface.co/sentence-transformers/all-MiniLM-L6-v2/resolve/main/modules.json "HTTP/1.1 307 Temporary Redirect"
2026-04-02 11:31:41,677 - INFO - httpx - _send_single_request - HTTP Request: HEAD https://huggingface.co/api/resolve-cache/models/sentence-transformers/all-MiniLM-L6-v2/c9745ed1d9f207416be6d2e6f8de32d1f16199bf/modules.json "HTTP/1.1 200 OK"
2026-04-02 11:31:41,966 - INFO - httpx - _send_single_request - HTTP Request: HEAD https://huggingface.co/sentence-transformers/all-MiniLM-L6-v2/resolve/main/config_sentence_transformers.json "HTTP/1.1 307 Temporary Redirect"
2026-04-02 11:31:42,228 - INFO - httpx - _send_single_request - HTTP Request: HEAD https://huggingface.co/api/resolve-cache/models/sentence-transformers/all-MiniLM-L6-v2/c9745ed1d9f207416be6d2e6f8de32d1f16199bf/config_sentence_transformers.json "HTTP/1.1 200 OK"
2026-04-02 11:31:42,503 - INFO - httpx - _send_single_request - HTTP Request: HEAD https://huggingface.co/sentence-transformers/all-MiniLM-L6-v2/resolve/main/config_sentence_transformers.json "HTTP/1.1 307 Temporary Redirect"
2026-04-02 11:31:42,763 - INFO - httpx - _send_single_request - HTTP Request: HEAD https://huggingface.co/api/resolve-cache/models/sentence-transformers/all-MiniLM-L6-v2/c9745ed1d9f207416be6d2e6f8de32d1f16199bf/config_sentence_transformers.json "HTTP/1.1 200 OK"
2026-04-02 11:31:43,051 - INFO - httpx - _send_single_request - HTTP Request: HEAD https://huggingface.co/sentence-transformers/all-MiniLM-L6-v2/resolve/main/README.md "HTTP/1.1 307 Temporary Redirect"
2026-04-02 11:31:43,316 - INFO - httpx - _send_single_request - HTTP Request: HEAD https://huggingface.co/api/resolve-cache/models/sentence-transformers/all-MiniLM-L6-v2/c9745ed1d9f207416be6d2e6f8de32d1f16199bf/README.md "HTTP/1.1 200 OK"
2026-04-02 11:31:43,585 - INFO - httpx - _send_single_request - HTTP Request: HEAD https://huggingface.co/sentence-transformers/all-MiniLM-L6-v2/resolve/main/modules.json "HTTP/1.1 307 Temporary Redirect"
2026-04-02 11:31:43,856 - INFO - httpx - _send_single_request - HTTP Request: HEAD https://huggingface.co/api/resolve-cache/models/sentence-transformers/all-MiniLM-L6-v2/c9745ed1d9f207416be6d2e6f8de32d1f16199bf/modules.json "HTTP/1.1 200 OK"
2026-04-02 11:31:44,134 - INFO - httpx - _send_single_request - HTTP Request: HEAD https://huggingface.co/sentence-transformers/all-MiniLM-L6-v2/resolve/main/sentence_bert_config.json "HTTP/1.1 307 Temporary Redirect"
2026-04-02 11:31:44,390 - INFO - httpx - _send_single_request - HTTP Request: HEAD https://huggingface.co/api/resolve-cache/models/sentence-transformers/all-MiniLM-L6-v2/c9745ed1d9f207416be6d2e6f8de32d1f16199bf/sentence_bert_config.json "HTTP/1.1 200 OK"
2026-04-02 11:31:44,671 - INFO - httpx - _send_single_request - HTTP Request: HEAD https://huggingface.co/sentence-transformers/all-MiniLM-L6-v2/resolve/main/adapter_config.json "HTTP/1.1 404 Not Found"
2026-04-02 11:31:45,004 - INFO - httpx - _send_single_request - HTTP Request: HEAD https://huggingface.co/sentence-transformers/all-MiniLM-L6-v2/resolve/main/config.json "HTTP/1.1 307 Temporary Redirect"
2026-04-02 11:31:45,266 - INFO - httpx - _send_single_request - HTTP Request: HEAD https://huggingface.co/api/resolve-cache/models/sentence-transformers/all-MiniLM-L6-v2/c9745ed1d9f207416be6d2e6f8de32d1f16199bf/config.json "HTTP/1.1 200 OK"
2026-04-02 11:31:45,604 - INFO - httpx - _send_single_request - HTTP Request: HEAD https://huggingface.co/sentence-transformers/all-MiniLM-L6-v2/resolve/main/config.json "HTTP/1.1 307 Temporary Redirect"
2026-04-02 11:31:45,875 - INFO - httpx - _send_single_request - HTTP Request: HEAD https://huggingface.co/api/resolve-cache/models/sentence-transformers/all-MiniLM-L6-v2/c9745ed1d9f207416be6d2e6f8de32d1f16199bf/config.json "HTTP/1.1 200 OK"
2026-04-02 11:31:46,157 - INFO - httpx - _send_single_request - HTTP Request: HEAD https://huggingface.co/sentence-transformers/all-MiniLM-L6-v2/resolve/main/tokenizer_config.json "HTTP/1.1 307 Temporary Redirect"
2026-04-02 11:31:46,411 - INFO - httpx - _send_single_request - HTTP Request: HEAD https://huggingface.co/api/resolve-cache/models/sentence-transformers/all-MiniLM-L6-v2/c9745ed1d9f207416be6d2e6f8de32d1f16199bf/tokenizer_config.json "HTTP/1.1 200 OK"
2026-04-02 11:31:46,695 - INFO - httpx - _send_single_request - HTTP Request: GET https://huggingface.co/api/models/sentence-transformers/all-MiniLM-L6-v2/tree/main/additional_chat_templates?recursive=false&expand=false "HTTP/1.1 404 Not Found"
2026-04-02 11:31:46,977 - INFO - httpx - _send_single_request - HTTP Request: GET https://huggingface.co/api/models/sentence-transformers/all-MiniLM-L6-v2/tree/main?recursive=true&expand=false "HTTP/1.1 200 OK"
2026-04-02 11:31:47,332 - INFO - httpx - _send_single_request - HTTP Request: HEAD https://huggingface.co/sentence-transformers/all-MiniLM-L6-v2/resolve/main/1_Pooling/config.json "HTTP/1.1 307 Temporary Redirect"
2026-04-02 11:31:47,594 - INFO - httpx - _send_single_request - HTTP Request: HEAD https://huggingface.co/api/resolve-cache/models/sentence-transformers/all-MiniLM-L6-v2/c9745ed1d9f207416be6d2e6f8de32d1f16199bf/1_Pooling%2Fconfig.json "HTTP/1.1 200 OK"
2026-04-02 11:31:47,878 - INFO - httpx - _send_single_request - HTTP Request: GET https://huggingface.co/api/models/sentence-transformers/all-MiniLM-L6-v2 "HTTP/1.1 200 OK"
2026-04-02 11:31:51,227 - INFO - sentence_transformers.SentenceTransformer - __init__ - Use pytorch device_name: cpu
2026-04-02 11:31:51,227 - INFO - sentence_transformers.SentenceTransformer - __init__ - Load pretrained SentenceTransformer: sentence-transformers/all-MiniLM-L6-v2
2026-04-02 11:31:51,500 - INFO - httpx - _send_single_request - HTTP Request: HEAD https://huggingface.co/sentence-transformers/all-MiniLM-L6-v2/resolve/main/modules.json "HTTP/1.1 307 Temporary Redirect"
2026-04-02 11:31:51,770 - INFO - httpx - _send_single_request - HTTP Request: HEAD https://huggingface.co/api/resolve-cache/models/sentence-transformers/all-MiniLM-L6-v2/c9745ed1d9f207416be6d2e6f8de32d1f16199bf/modules.json "HTTP/1.1 200 OK"
2026-04-02 11:31:52,035 - INFO - httpx - _send_single_request - HTTP Request: HEAD https://huggingface.co/sentence-transformers/all-MiniLM-L6-v2/resolve/main/config_sentence_transformers.json "HTTP/1.1 307 Temporary Redirect"
2026-04-02 11:31:52,297 - INFO - httpx - _send_single_request - HTTP Request: HEAD https://huggingface.co/api/resolve-cache/models/sentence-transformers/all-MiniLM-L6-v2/c9745ed1d9f207416be6d2e6f8de32d1f16199bf/config_sentence_transformers.json "HTTP/1.1 200 OK"
2026-04-02 11:31:52,585 - INFO - httpx - _send_single_request - HTTP Request: HEAD https://huggingface.co/sentence-transformers/all-MiniLM-L6-v2/resolve/main/config_sentence_transformers.json "HTTP/1.1 307 Temporary Redirect"
2026-04-02 11:31:52,857 - INFO - httpx - _send_single_request - HTTP Request: HEAD https://huggingface.co/api/resolve-cache/models/sentence-transformers/all-MiniLM-L6-v2/c9745ed1d9f207416be6d2e6f8de32d1f16199bf/config_sentence_transformers.json "HTTP/1.1 200 OK"
2026-04-02 11:31:53,135 - INFO - httpx - _send_single_request - HTTP Request: HEAD https://huggingface.co/sentence-transformers/all-MiniLM-L6-v2/resolve/main/README.md "HTTP/1.1 307 Temporary Redirect"
2026-04-02 11:31:53,406 - INFO - httpx - _send_single_request - HTTP Request: HEAD https://huggingface.co/api/resolve-cache/models/sentence-transformers/all-MiniLM-L6-v2/c9745ed1d9f207416be6d2e6f8de32d1f16199bf/README.md "HTTP/1.1 200 OK"
2026-04-02 11:31:53,686 - INFO - httpx - _send_single_request - HTTP Request: HEAD https://huggingface.co/sentence-transformers/all-MiniLM-L6-v2/resolve/main/modules.json "HTTP/1.1 307 Temporary Redirect"
2026-04-02 11:31:53,956 - INFO - httpx - _send_single_request - HTTP Request: HEAD https://huggingface.co/api/resolve-cache/models/sentence-transformers/all-MiniLM-L6-v2/c9745ed1d9f207416be6d2e6f8de32d1f16199bf/modules.json "HTTP/1.1 200 OK"
2026-04-02 11:31:54,236 - INFO - httpx - _send_single_request - HTTP Request: HEAD https://huggingface.co/sentence-transformers/all-MiniLM-L6-v2/resolve/main/sentence_bert_config.json "HTTP/1.1 307 Temporary Redirect"
2026-04-02 11:31:54,503 - INFO - httpx - _send_single_request - HTTP Request: HEAD https://huggingface.co/api/resolve-cache/models/sentence-transformers/all-MiniLM-L6-v2/c9745ed1d9f207416be6d2e6f8de32d1f16199bf/sentence_bert_config.json "HTTP/1.1 200 OK"
2026-04-02 11:31:54,786 - INFO - httpx - _send_single_request - HTTP Request: HEAD https://huggingface.co/sentence-transformers/all-MiniLM-L6-v2/resolve/main/adapter_config.json "HTTP/1.1 404 Not Found"
2026-04-02 11:31:55,066 - INFO - httpx - _send_single_request - HTTP Request: HEAD https://huggingface.co/sentence-transformers/all-MiniLM-L6-v2/resolve/main/config.json "HTTP/1.1 307 Temporary Redirect"
2026-04-02 11:31:55,332 - INFO - httpx - _send_single_request - HTTP Request: HEAD https://huggingface.co/api/resolve-cache/models/sentence-transformers/all-MiniLM-L6-v2/c9745ed1d9f207416be6d2e6f8de32d1f16199bf/config.json "HTTP/1.1 200 OK"
2026-04-02 11:31:55,656 - INFO - httpx - _send_single_request - HTTP Request: HEAD https://huggingface.co/sentence-transformers/all-MiniLM-L6-v2/resolve/main/config.json "HTTP/1.1 307 Temporary Redirect"
2026-04-02 11:31:55,925 - INFO - httpx - _send_single_request - HTTP Request: HEAD https://huggingface.co/api/resolve-cache/models/sentence-transformers/all-MiniLM-L6-v2/c9745ed1d9f207416be6d2e6f8de32d1f16199bf/config.json "HTTP/1.1 200 OK"
2026-04-02 11:31:56,219 - INFO - httpx - _send_single_request - HTTP Request: HEAD https://huggingface.co/sentence-transformers/all-MiniLM-L6-v2/resolve/main/tokenizer_config.json "HTTP/1.1 307 Temporary Redirect"
2026-04-02 11:31:56,475 - INFO - httpx - _send_single_request - HTTP Request: HEAD https://huggingface.co/api/resolve-cache/models/sentence-transformers/all-MiniLM-L6-v2/c9745ed1d9f207416be6d2e6f8de32d1f16199bf/tokenizer_config.json "HTTP/1.1 200 OK"
2026-04-02 11:31:56,760 - INFO - httpx - _send_single_request - HTTP Request: GET https://huggingface.co/api/models/sentence-transformers/all-MiniLM-L6-v2/tree/main/additional_chat_templates?recursive=false&expand=false "HTTP/1.1 404 Not Found"
2026-04-02 11:31:57,043 - INFO - httpx - _send_single_request - HTTP Request: GET https://huggingface.co/api/models/sentence-transformers/all-MiniLM-L6-v2/tree/main?recursive=true&expand=false "HTTP/1.1 200 OK"
2026-04-02 11:31:57,397 - INFO - httpx - _send_single_request - HTTP Request: HEAD https://huggingface.co/sentence-transformers/all-MiniLM-L6-v2/resolve/main/1_Pooling/config.json "HTTP/1.1 307 Temporary Redirect"
2026-04-02 11:31:57,658 - INFO - httpx - _send_single_request - HTTP Request: HEAD https://huggingface.co/api/resolve-cache/models/sentence-transformers/all-MiniLM-L6-v2/c9745ed1d9f207416be6d2e6f8de32d1f16199bf/1_Pooling%2Fconfig.json "HTTP/1.1 200 OK"
2026-04-02 11:31:57,959 - INFO - httpx - _send_single_request - HTTP Request: GET https://huggingface.co/api/models/sentence-transformers/all-MiniLM-L6-v2 "HTTP/1.1 200 OK"
2026-04-02 11:31:58,007 - INFO - chatbot_app - log_requests - Request end: POST /upload - Status 200 - Time 22.769s
2026-04-02 11:31:58,025 - INFO - chatbot_app - log_requests - Request start: GET /files
2026-04-02 11:31:58,026 - INFO - chatbot_app - log_requests - Request end: GET /files - Status 200 - Time 0.001s
2026-04-02 11:32:02,484 - INFO - chatbot_app - log_requests - Request start: GET /files
2026-04-02 11:32:02,485 - INFO - chatbot_app - log_requests - Request end: GET /files - Status 200 - Time 0.001s
2026-04-02 11:32:26,435 - INFO - chatbot_app - log_requests - Request start: GET /files
2026-04-02 11:32:26,437 - INFO - chatbot_app - log_requests - Request end: GET /files - Status 200 - Time 0.002s
2026-04-02 11:32:31,413 - INFO - chatbot_app - log_requests - Request start: GET /files
2026-04-02 11:32:31,413 - INFO - chatbot_app - log_requests - Request end: GET /files - Status 200 - Time 0.000s
2026-04-02 11:32:34,717 - INFO - chatbot_app - log_requests - Request start: OPTIONS /delete/file-sample_150kB.pdf
2026-04-02 11:32:34,717 - INFO - chatbot_app - log_requests - Request end: OPTIONS /delete/file-sample_150kB.pdf - Status 200 - Time 0.000s
2026-04-02 11:32:34,724 - INFO - chatbot_app - log_requests - Request start: DELETE /delete/file-sample_150kB.pdf
2026-04-02 11:32:39,215 - INFO - sentence_transformers.SentenceTransformer - __init__ - Use pytorch device_name: cpu
2026-04-02 11:32:39,215 - INFO - sentence_transformers.SentenceTransformer - __init__ - Load pretrained SentenceTransformer: sentence-transformers/all-MiniLM-L6-v2
2026-04-02 11:32:39,868 - INFO - httpx - _send_single_request - HTTP Request: HEAD https://huggingface.co/sentence-transformers/all-MiniLM-L6-v2/resolve/main/modules.json "HTTP/1.1 307 Temporary Redirect"
2026-04-02 11:32:39,942 - INFO - httpx - _send_single_request - HTTP Request: HEAD https://huggingface.co/api/resolve-cache/models/sentence-transformers/all-MiniLM-L6-v2/c9745ed1d9f207416be6d2e6f8de32d1f16199bf/modules.json "HTTP/1.1 200 OK"
2026-04-02 11:32:40,242 - INFO - httpx - _send_single_request - HTTP Request: HEAD https://huggingface.co/sentence-transformers/all-MiniLM-L6-v2/resolve/main/config_sentence_transformers.json "HTTP/1.1 307 Temporary Redirect"
2026-04-02 11:32:40,292 - INFO - httpx - _send_single_request - HTTP Request: HEAD https://huggingface.co/api/resolve-cache/models/sentence-transformers/all-MiniLM-L6-v2/c9745ed1d9f207416be6d2e6f8de32d1f16199bf/config_sentence_transformers.json "HTTP/1.1 200 OK"
2026-04-02 11:32:40,602 - INFO - httpx - _send_single_request - HTTP Request: HEAD https://huggingface.co/sentence-transformers/all-MiniLM-L6-v2/resolve/main/config_sentence_transformers.json "HTTP/1.1 307 Temporary Redirect"
2026-04-02 11:32:40,653 - INFO - httpx - _send_single_request - HTTP Request: HEAD https://huggingface.co/api/resolve-cache/models/sentence-transformers/all-MiniLM-L6-v2/c9745ed1d9f207416be6d2e6f8de32d1f16199bf/config_sentence_transformers.json "HTTP/1.1 200 OK"
2026-04-02 11:32:40,948 - INFO - httpx - _send_single_request - HTTP Request: HEAD https://huggingface.co/sentence-transformers/all-MiniLM-L6-v2/resolve/main/README.md "HTTP/1.1 307 Temporary Redirect"
2026-04-02 11:32:41,011 - INFO - httpx - _send_single_request - HTTP Request: HEAD https://huggingface.co/api/resolve-cache/models/sentence-transformers/all-MiniLM-L6-v2/c9745ed1d9f207416be6d2e6f8de32d1f16199bf/README.md "HTTP/1.1 200 OK"
2026-04-02 11:32:41,340 - INFO - httpx - _send_single_request - HTTP Request: HEAD https://huggingface.co/sentence-transformers/all-MiniLM-L6-v2/resolve/main/modules.json "HTTP/1.1 307 Temporary Redirect"
2026-04-02 11:32:41,402 - INFO - httpx - _send_single_request - HTTP Request: HEAD https://huggingface.co/api/resolve-cache/models/sentence-transformers/all-MiniLM-L6-v2/c9745ed1d9f207416be6d2e6f8de32d1f16199bf/modules.json "HTTP/1.1 200 OK"
2026-04-02 11:32:41,698 - INFO - httpx - _send_single_request - HTTP Request: HEAD https://huggingface.co/sentence-transformers/all-MiniLM-L6-v2/resolve/main/sentence_bert_config.json "HTTP/1.1 307 Temporary Redirect"
2026-04-02 11:32:41,763 - INFO - httpx - _send_single_request - HTTP Request: HEAD https://huggingface.co/api/resolve-cache/models/sentence-transformers/all-MiniLM-L6-v2/c9745ed1d9f207416be6d2e6f8de32d1f16199bf/sentence_bert_config.json "HTTP/1.1 200 OK"
2026-04-02 11:32:42,058 - INFO - httpx - _send_single_request - HTTP Request: HEAD https://huggingface.co/sentence-transformers/all-MiniLM-L6-v2/resolve/main/adapter_config.json "HTTP/1.1 404 Not Found"
2026-04-02 11:32:42,355 - INFO - httpx - _send_single_request - HTTP Request: HEAD https://huggingface.co/sentence-transformers/all-MiniLM-L6-v2/resolve/main/config.json "HTTP/1.1 307 Temporary Redirect"
2026-04-02 11:32:42,418 - INFO - httpx - _send_single_request - HTTP Request: HEAD https://huggingface.co/api/resolve-cache/models/sentence-transformers/all-MiniLM-L6-v2/c9745ed1d9f207416be6d2e6f8de32d1f16199bf/config.json "HTTP/1.1 200 OK"
2026-04-02 11:32:42,782 - INFO - httpx - _send_single_request - HTTP Request: HEAD https://huggingface.co/sentence-transformers/all-MiniLM-L6-v2/resolve/main/config.json "HTTP/1.1 307 Temporary Redirect"
2026-04-02 11:32:42,832 - INFO - httpx - _send_single_request - HTTP Request: HEAD https://huggingface.co/api/resolve-cache/models/sentence-transformers/all-MiniLM-L6-v2/c9745ed1d9f207416be6d2e6f8de32d1f16199bf/config.json "HTTP/1.1 200 OK"
2026-04-02 11:32:43,134 - INFO - httpx - _send_single_request - HTTP Request: HEAD https://huggingface.co/sentence-transformers/all-MiniLM-L6-v2/resolve/main/tokenizer_config.json "HTTP/1.1 307 Temporary Redirect"
2026-04-02 11:32:43,184 - INFO - httpx - _send_single_request - HTTP Request: HEAD https://huggingface.co/api/resolve-cache/models/sentence-transformers/all-MiniLM-L6-v2/c9745ed1d9f207416be6d2e6f8de32d1f16199bf/tokenizer_config.json "HTTP/1.1 200 OK"
2026-04-02 11:32:43,496 - INFO - httpx - _send_single_request - HTTP Request: GET https://huggingface.co/api/models/sentence-transformers/all-MiniLM-L6-v2/tree/main/additional_chat_templates?recursive=false&expand=false "HTTP/1.1 404 Not Found"
2026-04-02 11:32:43,789 - INFO - httpx - _send_single_request - HTTP Request: GET https://huggingface.co/api/models/sentence-transformers/all-MiniLM-L6-v2/tree/main?recursive=true&expand=false "HTTP/1.1 200 OK"
2026-04-02 11:32:44,171 - INFO - httpx - _send_single_request - HTTP Request: HEAD https://huggingface.co/sentence-transformers/all-MiniLM-L6-v2/resolve/main/1_Pooling/config.json "HTTP/1.1 307 Temporary Redirect"
2026-04-02 11:32:44,231 - INFO - httpx - _send_single_request - HTTP Request: HEAD https://huggingface.co/api/resolve-cache/models/sentence-transformers/all-MiniLM-L6-v2/c9745ed1d9f207416be6d2e6f8de32d1f16199bf/1_Pooling%2Fconfig.json "HTTP/1.1 200 OK"
2026-04-02 11:32:44,516 - INFO - httpx - _send_single_request - HTTP Request: GET https://huggingface.co/api/models/sentence-transformers/all-MiniLM-L6-v2 "HTTP/1.1 200 OK"
2026-04-02 11:32:47,363 - INFO - sentence_transformers.SentenceTransformer - __init__ - Use pytorch device_name: cpu
2026-04-02 11:32:47,363 - INFO - sentence_transformers.SentenceTransformer - __init__ - Load pretrained SentenceTransformer: sentence-transformers/all-MiniLM-L6-v2
2026-04-02 11:32:47,644 - INFO - httpx - _send_single_request - HTTP Request: HEAD https://huggingface.co/sentence-transformers/all-MiniLM-L6-v2/resolve/main/modules.json "HTTP/1.1 307 Temporary Redirect"
2026-04-02 11:32:47,710 - INFO - httpx - _send_single_request - HTTP Request: HEAD https://huggingface.co/api/resolve-cache/models/sentence-transformers/all-MiniLM-L6-v2/c9745ed1d9f207416be6d2e6f8de32d1f16199bf/modules.json "HTTP/1.1 200 OK"
2026-04-02 11:32:47,994 - INFO - httpx - _send_single_request - HTTP Request: HEAD https://huggingface.co/sentence-transformers/all-MiniLM-L6-v2/resolve/main/config_sentence_transformers.json "HTTP/1.1 307 Temporary Redirect"
2026-04-02 11:32:48,062 - INFO - httpx - _send_single_request - HTTP Request: HEAD https://huggingface.co/api/resolve-cache/models/sentence-transformers/all-MiniLM-L6-v2/c9745ed1d9f207416be6d2e6f8de32d1f16199bf/config_sentence_transformers.json "HTTP/1.1 200 OK"
2026-04-02 11:32:48,355 - INFO - httpx - _send_single_request - HTTP Request: HEAD https://huggingface.co/sentence-transformers/all-MiniLM-L6-v2/resolve/main/config_sentence_transformers.json "HTTP/1.1 307 Temporary Redirect"
2026-04-02 11:32:48,417 - INFO - httpx - _send_single_request - HTTP Request: HEAD https://huggingface.co/api/resolve-cache/models/sentence-transformers/all-MiniLM-L6-v2/c9745ed1d9f207416be6d2e6f8de32d1f16199bf/config_sentence_transformers.json "HTTP/1.1 200 OK"
2026-04-02 11:32:48,715 - INFO - httpx - _send_single_request - HTTP Request: HEAD https://huggingface.co/sentence-transformers/all-MiniLM-L6-v2/resolve/main/README.md "HTTP/1.1 307 Temporary Redirect"
2026-04-02 11:32:48,776 - INFO - httpx - _send_single_request - HTTP Request: HEAD https://huggingface.co/api/resolve-cache/models/sentence-transformers/all-MiniLM-L6-v2/c9745ed1d9f207416be6d2e6f8de32d1f16199bf/README.md "HTTP/1.1 200 OK"
2026-04-02 11:32:49,089 - INFO - httpx - _send_single_request - HTTP Request: HEAD https://huggingface.co/sentence-transformers/all-MiniLM-L6-v2/resolve/main/modules.json "HTTP/1.1 307 Temporary Redirect"
2026-04-02 11:32:49,153 - INFO - httpx - _send_single_request - HTTP Request: HEAD https://huggingface.co/api/resolve-cache/models/sentence-transformers/all-MiniLM-L6-v2/c9745ed1d9f207416be6d2e6f8de32d1f16199bf/modules.json "HTTP/1.1 200 OK"
2026-04-02 11:32:49,433 - INFO - httpx - _send_single_request - HTTP Request: HEAD https://huggingface.co/sentence-transformers/all-MiniLM-L6-v2/resolve/main/sentence_bert_config.json "HTTP/1.1 307 Temporary Redirect"
2026-04-02 11:32:49,507 - INFO - httpx - _send_single_request - HTTP Request: HEAD https://huggingface.co/api/resolve-cache/models/sentence-transformers/all-MiniLM-L6-v2/c9745ed1d9f207416be6d2e6f8de32d1f16199bf/sentence_bert_config.json "HTTP/1.1 200 OK"
2026-04-02 11:32:49,812 - INFO - httpx - _send_single_request - HTTP Request: HEAD https://huggingface.co/sentence-transformers/all-MiniLM-L6-v2/resolve/main/adapter_config.json "HTTP/1.1 404 Not Found"
2026-04-02 11:32:50,110 - INFO - httpx - _send_single_request - HTTP Request: HEAD https://huggingface.co/sentence-transformers/all-MiniLM-L6-v2/resolve/main/config.json "HTTP/1.1 307 Temporary Redirect"
2026-04-02 11:32:50,173 - INFO - httpx - _send_single_request - HTTP Request: HEAD https://huggingface.co/api/resolve-cache/models/sentence-transformers/all-MiniLM-L6-v2/c9745ed1d9f207416be6d2e6f8de32d1f16199bf/config.json "HTTP/1.1 200 OK"
2026-04-02 11:32:50,526 - INFO - httpx - _send_single_request - HTTP Request: HEAD https://huggingface.co/sentence-transformers/all-MiniLM-L6-v2/resolve/main/config.json "HTTP/1.1 307 Temporary Redirect"
2026-04-02 11:32:50,589 - INFO - httpx - _send_single_request - HTTP Request: HEAD https://huggingface.co/api/resolve-cache/models/sentence-transformers/all-MiniLM-L6-v2/c9745ed1d9f207416be6d2e6f8de32d1f16199bf/config.json "HTTP/1.1 200 OK"
2026-04-02 11:32:50,887 - INFO - httpx - _send_single_request - HTTP Request: HEAD https://huggingface.co/sentence-transformers/all-MiniLM-L6-v2/resolve/main/tokenizer_config.json "HTTP/1.1 307 Temporary Redirect"
2026-04-02 11:32:50,950 - INFO - httpx - _send_single_request - HTTP Request: HEAD https://huggingface.co/api/resolve-cache/models/sentence-transformers/all-MiniLM-L6-v2/c9745ed1d9f207416be6d2e6f8de32d1f16199bf/tokenizer_config.json "HTTP/1.1 200 OK"
2026-04-02 11:32:51,259 - INFO - httpx - _send_single_request - HTTP Request: GET https://huggingface.co/api/models/sentence-transformers/all-MiniLM-L6-v2/tree/main/additional_chat_templates?recursive=false&expand=false "HTTP/1.1 404 Not Found"
2026-04-02 11:32:51,550 - INFO - httpx - _send_single_request - HTTP Request: GET https://huggingface.co/api/models/sentence-transformers/all-MiniLM-L6-v2/tree/main?recursive=true&expand=false "HTTP/1.1 200 OK"
2026-04-02 11:32:51,918 - INFO - httpx - _send_single_request - HTTP Request: HEAD https://huggingface.co/sentence-transformers/all-MiniLM-L6-v2/resolve/main/1_Pooling/config.json "HTTP/1.1 307 Temporary Redirect"
2026-04-02 11:32:51,982 - INFO - httpx - _send_single_request - HTTP Request: HEAD https://huggingface.co/api/resolve-cache/models/sentence-transformers/all-MiniLM-L6-v2/c9745ed1d9f207416be6d2e6f8de32d1f16199bf/1_Pooling%2Fconfig.json "HTTP/1.1 200 OK"
2026-04-02 11:32:52,268 - INFO - httpx - _send_single_request - HTTP Request: GET https://huggingface.co/api/models/sentence-transformers/all-MiniLM-L6-v2 "HTTP/1.1 200 OK"
2026-04-02 11:32:52,302 - INFO - chatbot_app - log_requests - Request end: DELETE /delete/file-sample_150kB.pdf - Status 200 - Time 17.578s
2026-04-02 11:32:52,332 - INFO - chatbot_app - log_requests - Request start: GET /files
2026-04-02 11:32:52,335 - INFO - chatbot_app - log_requests - Request end: GET /files - Status 200 - Time 0.003s
2026-04-02 11:32:55,155 - INFO - chatbot_app - log_requests - Request start: GET /files
2026-04-02 11:32:55,157 - INFO - chatbot_app - log_requests - Request end: GET /files - Status 200 - Time 0.002s
